Word	Phonetic	Definition	Root	Mnemonic	Usage	Extend	Category	Page
bias	ˈbaɪəs	n.[常用 sing, U]偏见；[常用 sing.]偏爱	bias 斜	本身为词根，表示“斜”→倾斜于某人或某物→偏爱	a racial bias 种族偏见<br>tap into a bias 引起歧视		高频词 Word List 1	1
analyze	ˈænəlaɪz	（亦作 analyse）vt.分析；化验分析	lyz 分解	ana-（分开）+lyz（分解）+e→将复杂的问题分解→分析	learn to analyzes th.学习分析某事<br>analyze the attribute 分析属性	[派]analytical a.分析的<br>[派] analysis n.分析	高频词 Word List 1	1
burden	ˈbɜːdn	n.[C]重担；负担 vt.使担负（沉重或艰难的任务、职责等）	bur 带来	bur（带来）+den→带来负担→负担	carry a burden 身负重担<br>a financial burden 经济负担	[派]burdensome a.负担沉重的	高频词 Word List 1	2
urge	ɜːdʒ	vt.敦促；竭力主张；驱赶 n.[C] 冲动	urg 敦促	urg（敦促）+e→敦促	urge further trial 敦促进一步审判<br>urges b.todos th.催促某人做某事	[派]urgent a.紧急的<br>[派]urgency n.紧急	高频词 Word List 1	2
urgent	ˈɜːdʒənt	a.紧急的，紧迫的；迫切的；急切的	urg 敦促	urg（敦促）+-ent（形容词后缀）→一直被催促的→紧急的	an urgent business 紧急事件<br>be urgent for sb.对某人来说是紧迫的	[派] urgency n.紧急<br>[近] pressing a.紧急的	高频词 Word List 1	2
athlete	ˈæθliːt	n.[C]运动员；运动健儿	at hl 比赛	at hl（比赛）+ete→参加体育比赛的人→运动员	a black male athlete 黑人男性运动员<br>a high-profile athlete 高知名度运动员		高频词 Word List 1	2
justice	ˈdʒʌstɪs	n.[U] 公平，公正；合理；司法制度；[C]法官	just 公正	just（公正）+-ice（名词后缀）→公正	stand for justice 代表公平<br>lead to justice 带来公平	[近]fairness n.公平<br>[近] judge n.法官	高频词 Word List 1	3
justify	ˈdʒʌstɪfaɪ	……证明……有理为……辩解	just 公正	just（公正）+-ify（动词后缀）→使公正一证明……有理	justify employment 证明职业的合理性<br>need to justify s th.需要证明某事合理	[派]justification n.正当理由<br>[派]justifiable a.可证明是正当的	高频词 Word List 1	3
behave	bɪˈheɪv	vi.表现 v.表现得体	hav 拥有	be-（加强意义）+hav（拥有）+e 一将所拥有的表现出来一表现	behave in similar ways 表现相同<br>behave like…表现得像……	[派]behaviour n.行为	高频词 Word List 1	3
alter	ˈɔːltə(r)	v.（使）改变；更改	alter 变更	本身为词根，表示“变更”一（使）改变	alter the face of s th.改变某物的面貌<br>be altered by s th.被某物/某事改变	[派]alternation n.交替<br>[派]alternately ad.轮流地	高频词 Word List 1	3
alternative	ɔːlˈtɜːnətɪv	a.可供替代的；非传统的 n.[C]可供选择的事物	alter 变更	alter（变更）+n+-at ive（形容词后缀）→可变更为其他的一可供替代的	alternative forms of energy 替代能源<br>an alternative estimate 其他的估计	[派]alternatively ad.或者<br>[近]replaceable a.可替代的	高频词 Word List 1	3
atmosphere	ˈætməsfɪə(r)	n.[sing.][the~]大气；大气层；[C]空气；[C,U]气氛	sphere 球	at mo（空气）+sphere（球）→地球外层的空气→大气	pollution of the atmosphere 大气污染<br>the Earth’s atmosphere 地球大气层	[派]atmospheric a.大气的<br>[近]air n.空气	高频词 Word List 1	4
hemisphere	ˈhemɪsfɪə(r)	n.[C]半球	sphere 球	hemi-（半）+sphere（球）→半球	the hemisphere of the brain 大脑半球<br>in the left hemisphere 在左半球	[派]hemisphericala.半球状的	高频词 Word List 1	4
catalog	ˈkætəlɒg	（亦作 catalogue)n.[C] 目录；一连串 vt.为……编目录	cat a-向下	cat a-（向下）+log（说话）→对下面要说的内容的引导→目录	order a catalog 订购产品目录<br>a concert catalog 音乐会目录	[近]list n.目录<br>[近] directory n.目录	高频词 Word List 1	4
category	ˈkætəgəri	n.[C]类别，种类；范畴	cat a-向下	cate（同 cat a-，向下）+gor（群体）+y→在群体下进行分类→类别	an education category 教育类别<br>occupational category 职业类别		高频词 Word List 1	4
bond	bɒnd	n.[C]联系，纽带；债券 vi.建立（与某人的）互信关系	bond 捆绑	本身为词根，表示“捆绑”→被捆绑在一起→拥有紧密的联系一联系	strengthen a bond 加强联系<br>a bond between A and BA 与 B 的联系		高频词 Word List 1	5
faculty	ˈfæklti	n.[sing.]能力；[C,U]全体教师；[常用 pl]天赋	fac,fact 做	fac（做）+ul+-ty（名词后缀）→做事的能力一能力	a faculty of doings th.做某事的能力<br>a star faculty 明星教师		高频词 Word List 1	5
factor	ˈfæktə(r)	n.[C] 因素；系数	fac,fact 做	fact（做）+-Or（名词后缀）一做事情的必要条件一因素	relevant factors 相关因素<br>deal with a factor 处理因素		高频词 Word List 1	5
factory	ˈfæktri	n.[C] 工厂	fac,fact 做	fact（做）+-ory（名词后缀）→制作货物的地方→工厂	a tomato-paste factory 番茄酱厂<br>improvements of a factory 工厂的改进		高频词 Word List 1	5
battery	ˈbætri	n.[C] 电池；一系列	batt 击，打	batt（击）+ery→能产生电流给人电击感的东西→电池	store in a battery 储存在电池中<br>advanced batteries 新型电池		高频词 Word List 1	5
battle	ˈbætl	n.[C,U]战斗；[C]争论；斗争 v.搏斗，斗争	batt 击，打	batt（打）+-le（动词后缀）→攻打→战斗	wage a battle 进行战斗<br>be killed in battle 阵亡	[近]conflict n.战斗<br>[近] fight v.搏斗	高频词 Word List 1	6
cancer	ˈkænsə(r)	n.[C,U] 癌症	cancer 癌症	本身为词根，表示“癌症”	various cancers 各种癌症<br>a skin cancer 皮肤癌		高频词 Word List 1	6
alcohol	ˈælkəhɒl	n.[U]酒；酒精	alcohol 酒精	本身为词根，表示“酒精”	drink alcohol 喝酒<br>consume alcohol 饮酒	[派]alcoholic a.酒精的<br>[近]wine n.酒	高频词 Word List 1	6
basis	ˈbeɪsɪs	n.[常用 sing, U]基础；[sing.]原因；方式	bas, base 基础	bas（基础）+is→基础	a basis for s th.某事的基础<br>on a global basis 在全球范围内	[近]foundation n.基础<br>[近] base n.基础	高频词 Word List 1	6
database	ˈdeɪtəbeɪs	n.[C]数据库	bas, base 基础	data（数据）+base（基础）→存放数据的基地→数据库	a public database 公共数据库<br>an online database 在线数据库		高频词 Word List 1	7
bacteria	bækˈtɪəriə	n.[pl.]细菌	bacteri 微生物	bacteri（微生物）+a→对人体有害的微生物→细菌	resistant bacteria 抗药菌<br>harmful bacteria 有害细菌	[派]bacteriology n.细菌学<br>[近] germ n.细菌	高频词 Word List 1	7
serve	sɜːv	v 服务；提供 vt.能满足……的需要 vi.可用作	serve 服务；保持	本身为词根，表示“服务”	serves b.better 更好地服务某人<br>serve for sb.为某人服务		高频词 Word List 1	7
deserve	dɪˈzɜːv	vt.值得；应得；应受	serve 服务；保持	de-（加强意义）+serve（服务）一好的服务是值得称赞的一值得	deserve an indulgence 值得享受<br>deserve one'shelp 值得某人的帮助	[派]deserved a.应得的	高频词 Word List 1	7
reserve	rɪˈzɜːv	vt.保留；预订 n.[常用 pl.]储备（量）；[C]保护区	serve 服务；保持	re-（再）+serve（保持）→一再要求保持不变→保留	reserve are mark 保留意见<br>reserve the right to…保留……的权利	[派]reservation n.预订；预约<br>[近]book v.预订	高频词 Word List 1	7
pioneer	ˌpaɪəˈnɪə(r)	n.[C]先锋，先驱；拓荒者 vt.开创	serve 服务；保持	pion（同 pod，足）+-eer（名词后缀）→走在最前面的人→先锋	a computer pioneer 计算机方面的先驱<br>a pioneer of……的先驱	[派]pioneering a.开拓性的；先驱性的<br>[近]trailblazer n.先驱；拓荒者	高频词 Word List 1	8
volunteer	ˌvɒlənˈtɪə(r)	n.[C]志愿者，义工 v.自愿做	serve 服务；保持	volunt（自愿）+-eer（名词后缀）→自愿服务大家的人→志愿者	a number of volunteers 许多志愿者<br>a local volunteer 当地志愿者	[派]voluntary a.自愿的	高频词 Word List 1	8
reform	rɪˈfɔːm	n.[C,U]改革，变革 vt.改革 v.改造	form 形，形状；形成	re-（再）+form（形）→使再次形成新体系一引申为“改革”	adopt are form 进行改革<br>school reform 学校改革	[派]reformation n.改革<br>[派]reformist a.主张改革的	高频词 Word List 1	8
former	ˈfɔːmə(r)	a.以前的;[the~] 前者的 pron.[the~] 前者	form 形，形状；形成	form（形状）+er→以前的形状的→以前的	a former colleague 前同事<br>as a former teacher 曾经是一名教师	[派] formerly ad.以前<br>[近]previous a.以前的	高频词 Word List 1	8
formula	ˈfɔːmjələ	n.[C] 公式；方案；配方	form 形，形状；形成	form（形成）+ula 一形成的固定公式→公式	a clearly defined formula 清晰的公式<br>define a formula 定义公式		高频词 Word List 1	8
extreme	ɪkˈstriːm	a.极端的；极度的 n.[C] 极端	ex tr,exter 超过的；以外的	ex tr（超过的）+eme→超出正常情况的→极端的	an extreme measure 极端措施<br>an extreme example 极端的例子	[派]extremely ad.极其；非常	高频词 Word List 1	9
external	ɪkˈstɜːnl	a.外部的；外来的	ex tr,exter 超过的；以外的	exter（以外的）+n+-al（形容词后缀）一外部的	external pressure 外部压力<br>an external factor 外部因素	[派]exterior a.外部的<br>[近] outside a.外部的	高频词 Word List 1	9
superior	suːˈpɪəriə(r)	a.更好的；优良的；（在重要性上） 更高级的 n.[C] 上司	-ior 形容词后缀，……的	super-（超过）+-ior（形容词后缀）→超过现有的→更好的	a superior choice 更好的选择<br>be superior to……比…更优秀	[派]superiority n.优越（性）<br>[反]inferior a.较差的；次的	高频词 Word List 1	9
junior	ˈdʒuːniə(r)	n.[C]（中学或大学）三年级学生	-ior 形容词后缀，……的	jun（同 juv，年轻）+-ior（形容词后缀）→较年轻的→初级的	a junior researcher 初级研究者图<br>a fairly junior level 相当初级的层面		高频词 Word List 1	9
disorder	dɪsˈɔːdə(r)	n.[U] 杂乱；骚乱；[C,U] 障碍；紊乱；疾病	dis-不；相反；分开；否定	dis-（不）+order（顺序）→不按顺序→杂乱	bein disorder 杂乱<br>public disorder 公众骚乱	[派]disordered a.杂乱的<br>[近] chaos n.杂乱	高频词 Word List 1	10
display	dɪˈspleɪ	vt.展示；显示 n.[C]陈列；展示；表演	dis-不；相反；分开；否定	dis-（不）+play（同 ply，折叠）→不折叠→展开→展示	display ones skills 展示某人的技术<br>displaytheusername 显示用户名	[近]reveal vt.显示<br>[近]exhibition n.展示	高频词 Word List 1	10
dispute	dɪˈspjuːt	n.[C,U]争论；纠纷 v.争论 vt.对……提出质询	dis-不；相反；分开；否定	dis-（相反）+put（思考）+e→从相反的角度思考问题→从不同的角度进行讨论→争论	endless disputes 无休止的争论<br>bein dispute 有争议	[派]disputable a.可质疑的<br>[近] argument n.争论	高频词 Word List 1	10
distract	dɪˈstrækt	vt.分散（注意力）；使分心	dis-不；相反；分开；否定	dis-（分开）+tract（拉）一注意力被拉开→注意力被分散一分散（注意力）	distract attention 分散注意力<br>be distracted by…被……分散注意力	[派]distraction n.分散注意力的事<br>[近]divert vt.分散（注意力）	高频词 Word List 1	10
distribute	dɪˈstrɪbjuːt	vt.分发；分配；散布；使分布	dis-不；相反；分开；否定	dis-（分开）+tri but（交给）+e→把东西交给不同的人一分发	be distributed free 免费分发<br>distributes th.to sb.给某人分发某物	[派]distribution n.分配<br>[派]distributive a.分发的	高频词 Word List 1	10
discourage	dɪsˈkʌrɪdʒ	vt.使泄气；阻止，阻拦	dis-不；相反；分开；否定	dis-（否定）+cour（心）+-age（动词后缀）→否定某人的心意→拒绝→使泄气	be discouraged by sth.因某事灰心丧气<br>help to discourages th.有助于阻止某事	[派] discouraged a.灰心的<br>[近]prohibit vt.阻止	高频词 Word List 1	11
texture	ˈtekstʃə(r)	n.[C,U] 质地；口感；（音乐或文学的） 韵味	-ure 名词后缀，表情况或状态	text（编制）+-ure（名词后缀）一编制上乘质地的东西→质地	different textures 不同质地<br>the smooth texture 光滑的质地		高频词 Word List 1	11
acupuncture	ˈækjupʌŋktʃə(r)	n.[U]针灸，针刺疗法	-ure 名词后缀，表情况或状态	acu（尖）+pun ct（刺）+-ure（名词后缀）→用尖针刺进穴位进行治疗的方法→针灸	practice acupuncture 练习针灸<br>try acupuncture 尝试针灸		高频词 Word List 1	11
architecture	ˈɑːkɪtektʃə(r)	n.[U]建筑学；建筑设计；[C,U] （计算机的）体系结构	-ure 名词后缀，表情况或状态	arch i（统治）+tec t（建造）+-ure（名词后缀）→统管建造的学科→建筑学	classical architecture 古典建筑学<br>knowledge of architecture 建筑学知识	[派]architectural a.建筑学的	高频词 Word List 1	11
sculpture	ˈskʌlptʃə(r)	n.[C,U] 雕塑品;[U] 雕刻术	-ure 名词后缀，表情况或状态	Sculpt（切）+-Ure（名词后缀）→通过切和雕刻得出的艺术品一雕塑品	a sculpture of……形状的塑<br>Roman sculpture 罗马雕塑	[派]sculptural a.雕塑的<br>[近] carving n.雕刻术	高频词 Word List 1	11
structure	ˈstrʌktʃə(r)	n.[C,U]结构；[C]建筑物 vt.精心组织	-ure 名词后缀，表情况或状态	struct（建立）+-ure（名词后缀）→建造出来的建筑→建筑物	a society structure 社会结构<br>family structure 家庭结构	[派]structural a.结构上的<br>[近] configuration n.结构	高频词 Word List 1	12
infrastructure	ˈɪnfrəstrʌktʃə(r)	n.[C,U]基础建设，基础设施	-ure 名词后缀，表情况或状态	infra-（下）+struct（建立）+-ure（名词后缀）→建立在底层的设施→基础设施	a new infrastructure 新的基础建设<br>maintain an infrastructure 维护基础设施	[派]infra structural a.基础建设的	高频词 Word List 1	12
leisure	ˈleʒə(r)	n.[U] 空闲，闲暇；休闲	-ure 名词后缀，表情况或状态	leis（无拘束的）+-Ure（名词后缀）→不受拘束的时间→空闲	atonesleisure 在某人空闲时<br>have more leisure 有更多空闲	[派] leisurely a.悠闲的	高频词 Word List 1	12
feature	ˈfiːtʃə(r)	n.[C] 特征，特色 vt.以……为特色 vi.起重要作用	-ure 名词后缀，表情况或状态	feat（做）+-ure（名词后缀）→做出的东西所具有的特性一特征	record a key feature 记录主要特征<br>focus on the feature 关注特征	[派]featureless a.无特色的<br>[近]character n.特征	高频词 Word List 1	12
decrease	dɪˈkriːs	v.减少[dikri:s]n.[C,U]减少	de-相反；减少；去掉；向下；否定；加强意义	de-（相反）+crease（生长）→反方向生长→负增长一减少	decrease felings of……减…感<br>decrease longevity 缩短寿命	[近]decline vi 减少<br>[反]increase v 增加	高频词 Word List 1	12
deplete	dɪˈpliːt	vt.耗尽；使枯竭；损耗	de-相反；减少；去掉；向下；否定；加强意义	de-（减少）+p let（满）+e→装满的东西不断减少→耗尽	deplete cash balance 耗尽现金余额<br>deplete bank account 耗尽银行存款	[派]depletion n.损耗<br>[近]exhaust vt.耗尽	高频词 Word List 1	13
detect	dɪˈtekt	vt.发现；查明；探测；察觉	de-相反；减少；去掉；向下；否定；加强意义	de-（去掉）+tec t（掩盖）→去掉掩盖物→发现真相→发现	detect changes 发现变化<br>detect a lie 发现谎言	[派]detection n.发现；探测<br>[派]detective n.侦探	高频词 Word List 1	13
decline	dɪˈklaɪn	n.[常用 sing., U]下降，减少 vi.下降；衰退 v.拒绝	de-相反；减少；去掉；向下；否定；加强意义	de-（向下）+cl in（斜）+e→向下倾斜→数量下降→下降	a price decline 价格下跌<br>in general decline 普遍减少	[派]declinationn.倾斜<br>[近] decrease n.减少	高频词 Word List 1	13
depend	dɪˈpend	vi 依靠；信赖；根据…而定	de-相反；减少；去掉；向下；否定；加强意义	de-（向下）+p end（悬挂）→挂于某物下面→依附于某物→依靠	depend upon /on sth.依靠某物團<br>depend on sb.to dos th.依靠某人做某事	[派] dependence n.依靠<br>[派] dependent a.依靠的	高频词 Word List 1	13
deposit	dɪˈpɒzɪt	vt.放下；寄存 n.[常用 sing.]订金；[C]保证金；沉积物	de-相反；减少；去掉；向下；否定；加强意义	de-（向下）+posit（放置）→放下	deposit a packet 放下包裹<br>deposit sth.on sp.把某物放在某地	[派]deposition n.沉积（物）	高频词 Word List 1	13
desert	ˈdezət	n.[C,U] 沙漠[drz3:t]vt.抛弃；放弃；舍弃	de-相反；减少；去掉；向下；否定；加强意义	de-（否定）+sert（加入）→不加入→放弃	survive in a desert 在沙漠中生存<br>in the middle of a desert 沙漠中央	[派]deserted a.被抛弃的<br>[近]abandon vt.抛弃	高频词 Word List 1	14
despite	dɪˈspaɪt	prep.尽管	de-相反；减少；去掉；向下；否定；加强意义	de-（否定）+spi（看）+te→尽管不看也知道→尽管	Despite consumer resistance,researchers are pushing ahead with genetic		高频词 Word List 1	14
detail	ˈdiːteɪl	n.[C]细节；[U] 全部细节；[pl.] 具体情况	de-相反；减少；去掉；向下；否定；加强意义	de-（加强意义）+tail（割）→将整体分割为小块→细节	criticize a detail 批评细节<br>capture a detail 捕捉细节	[派]detailed a.详细的	高频词 Word List 1	14
default	ˈdiːfɔːlt	n.[C,U]违约，拖欠；默认 vi.默认	de-相反；减少；去掉；向下；否定；加强意义	de-（加强意义）+fault（欺骗）→欺骗对方并违反合同义务的行为→违约	a mortgage default 按揭借款违约<br>be in default on the loan 拖欠借款	[派]defaulter n.不履行义务者	高频词 Word List 1	14
desire	dɪˈzaɪə(r)	vt.渴望 n.[C,U]渴望；欲望	de-相反；减少；去掉；向下；否定；加强意义	de-（加强意义）+sire（同 sider，星星）→渴望得到星星→渴望	desire to do sth.渴望做某事<br>desire happiness 渴望幸福	[派]desirable a.理想的<br>[近] aspire vi 渴望	高频词 Word List 1	14
declare	dɪˈkleə(r)	vt.宣布；宣告	de-相反；减少；去掉；向下；否定；加强意义	de-（加强意义）+clar（清楚）+e→清楚地说出来→宣布	declare sb.innocent 宣布某人无罪<br>declare a war on……向…宣战	[派]declaration n.宣言<br>[派]declarativea.陈述的	高频词 Word List 1	15
define	dɪˈfaɪn	vt.给……下定义；界定；明确	de-相反；减少；去掉；向下；否定；加强意义	de-（加强意义）+fin（界限）+e→划界限一界定	be defined as…被定义为…<br>be hard to defines th.很难定义某物	[派]definition n.定义	高频词 Word List 1	15
delay	dɪˈleɪ	n.[C] 延误的时间;[C,U] 延迟 v. 推迟 vt. 使耽搁	de-相反；减少；去掉；向下；否定；加强意义	de-（加强意义）+lay（同 lax，松弛）一使时间变得宽裕一推迟	a delay of two hours 两小时的延误<br>technical delays 技术延迟	[派] delayed a.延时的<br>[近] defer vt.推迟	高频词 Word List 1	15
deliver	dɪˈlɪvə(r)	v.传送；兑现 vt.发表；接生	de-相反；减少；去掉；向下；否定；加强意义	de-（加强意义）+liver（同 liber，自由）→自由发表言论→发表	delivers th.to sp.把某物送到某地<br>deliver the goods 运送货物	[派] delivery n.传送<br>[近]transmit v.传送	高频词 Word List 1	15
demonstrate	ˈdemənstreɪt	vt.说明；表现；展示 vi.游行示威	de-相反；减少；去掉；向下；否定；加强意义	de-（加强意义）+monstr（显示）+-ate（动词后缀）→使显示出来→表现	demonstrates th.to sb.向某人说明某事<br>demonstrate competence 表现能力	[派]demonstration n.集会示威<br>[派]demonstrative a.感情外露的	高频词 Word List 1	15
determine	dɪˈtɜːmɪn	vt.决定；确定；查明；形成	de-相反；减少；去掉；向下；否定；加强意义	de-（加强意义）+term in（界限）+e 一确定界限一确定	determine todos th.决定做某事<br>be determined by sth.取决于某事	[派]determination n.决心<br>[派]determined a.坚决的	高频词 Word List 1	16
familiar	fəˈmɪliə(r)	a.熟悉的；常见到的；过分亲昵的	-ar 形容词后缀，……的名词后缀，表人或物	famil（家庭的）+i+-ar（形容词后缀）→对家庭很熟悉的→熟悉的	be familiar with sth.熟悉某事<br>a familiar scene 熟悉的场景	[派] familiarity n.熟悉<br>[反]unfamiliar a.不熟悉的	高频词 Word List 1	16
solar	ˈsəʊlə(r)	a.太阳的；太阳能的	-ar 形容词后缀，……的名词后缀，表人或物	sol（太阳）+-ar（形容词后缀）→太阳的	a total solar eclipse 日全食<br>the solar system 太阳系	[派]solariumn.日光室	高频词 Word List 1	16
nuclear	ˈnjuːklɪə(r)	a.核能的；核武器的	-ar 形容词后缀，……的名词后缀，表人或物	nucle（核）+-ar（形容词后缀）一核能的	a nuclearpowerplant 核电站<br>nuclear technology 核技术国	[近] atomic a.核能的	高频词 Word List 1	16
scholar	ˈskɒlə(r)	n.[C]学者	-ar 形容词后缀，……的名词后缀，表人或物	schol（学校）+-ar（名词后缀）→在学校做研究的人→学者	a politics scholar 政治学者<br>an eminent scholar 杰出的学者国	[派]scholarship n.奖学金<br>[派]scholarly a.有学问的	高频词 Word List 1	16
seminar	ˈsemɪnɑː(r)	n.[C]研讨会；研讨班；研讨课	-ar 形容词后缀，……的名词后缀，表人或物	semin（种子）+-ar（名词后缀）→播撒知识种子的地方→>讨论知识的场所→研讨会	a business seminar 商务研讨会<br>a seminar on……关于……的研讨会	[近]conference n.研讨会	高频词 Word List 1	17
comment	ˈkɒment	n.[C,U]评论；解释；[sing.,U]批评 v.评论	ment 思考；神智；记忆-ment 名词后缀，表物或组织	com-（加强意义）+ment（思考）→经过深思熟虑后给出的论断→评论	in a comment 在评论中<br>appreciate the comment 欣赏评论	[派]commentary n.实况报道<br>[派]commentator n.评论员	高频词 Word List 1	17
mental	ˈmentl	a.精神的；智力的；心理上的	ment 思考；神智；记忆-ment 名词后缀，表物或组织	ment（神智）+-al（形容词后缀）→神智上的一>精神的	mental arousal state 精神兴奋状态<br>mental resources 精神资源	[派]mentality n.心态<br>[近]spiritual a.精神的	高频词 Word List 1	17
mention	ˈmenʃn	vt.提到；写到 n.[常用 sing., U]提及	ment 思考；神智；记忆-ment 名词后缀，表物或组织		mention sth.again 再次提及某事<br>not to mention……更别提……	[近]reference n.提及	高频词 Word List 1	17
remind	rɪˈmaɪnd	vt.提醒；使想起	ment 思考；神智；记忆-ment 名词后缀，表物或组织	re-（再）+mind（同 ment，记忆）→使再次记起一提醒	reminds b.todos th.提醒某人做某事<br>remind oneself at the time 在某刻提醒自己		高频词 Word List 1	18
document	ˈdɒkjumənt	n.[C]文件；文档[d pk ju ment]vt.记录；用文件证明	ment 思考；神智；记忆-ment 名词后缀，表物或组织	doc（教）+u+-ment（名词后缀）→为教学准备的资料→文件	a research document 研究文件<br>signa document 签署文件	[派]documentary a.文件的<br>[派]documentation n.文件资料	高频词 Word List 1	18
implement	ˈɪmplɪment	vt.执行，实施；贯彻[imp liman t]n.[C]工具	ment 思考；神智；记忆-ment 名词后缀，表物或组织	im-（加强意义）+ple（充满）+-ment（名词后缀）→使气球充满气体的东西→工具	implement a quota 执行配额制度<br>implement a policy 实施政策	[近]fulfil vt.执行<br>[近]tool n.工具	高频词 Word List 1	18
monument	ˈmɒnjumənt	n.[C]纪念碑；历史遗迹	ment 思考；神智；记忆-ment 名词后缀，表物或组织	mon u（提醒）+-ment（名词后缀）→用作提醒后人的石碑一纪念碑	a monument to sb.为某人而立的纪念碑<br>a monument at sp.在某地的纪念碑	[派]monumental a.不朽的<br>[近]memorial n.纪念碑	高频词 Word List 1	18
parliament	ˈpɑːləmənt	n.[C]议会；[P-][U]英国议会	ment 思考；神智；记忆-ment 名词后缀，表物或组织	par l（谈话）+ia+-ment（名词后缀）→议员们坐在一起谈话→议会	a free parliament 议会自由<br>the European Parliament 欧洲议会		高频词 Word List 1	18
rival	ˈraɪvl	vt.与……相匹敌	riv 河	riv（河）+-al（名词后缀）→参加拔河比赛的人→竞争对手	beata rival 打败竞争对手<br>compete with a rival 与对手竞争		高频词 Word List 2	19
thrive	θraɪv	vi.茁壮成长；繁荣；蓬勃发展	riv 河	th+riv（河）+e 一如河流一般源远流长一持续生长→茁壮成长	help sb.thrive 使某人茁壮成长<br>naturally thrive 自然地茁壮成长	[派] thriving a.兴旺发达的<br>[近]flourish vi.茁壮成长；繁荣	高频词 Word List 2	19
cave	keɪv	n.[C] 洞穴;山洞	cav 洞	cav（洞）+e→洞穴	a cave painting 洞穴壁画<br>the cave walls 洞穴墙壁		高频词 Word List 2	20
barrel	ˈbærəl	n.[C]桶；一桶（的量）vi.高速行进	barr 栏	barr（栏）+-el（名词后缀）一紧密围着一圈栅栏并用来装水的圆形物品→桶	4.2million barrels420 万桶<br>$60a barrel 每桶 60 美元国	[近]bucket n.桶<br>[近] pail n.桶	高频词 Word List 2	20
barrier	ˈbæriə(r)	n.[C] 障碍；屏障	barr 栏	barr（栏）+-ier（名词后缀）→搭建栅栏阻碍某人→障碍	remove a barrier 消除障碍<br>a final barrier 最后的障碍	[近]obstruction n.障碍<br>[近]obstacle n.障碍	高频词 Word List 2	20
circus	ˈsɜːkəs	n.[C]马戏团；圆形广场；[sing.]马戏表演；热闹场面	circ	circ（圆）+us→在圆形场地进行动物表演的组织→马戏	be from a circus 来自马戏<br>a circus figure 马戏团人物		高频词 Word List 2	20
satellite	ˈsætəlaɪt	n.[C]人造卫星；卫星	lead 走	sate（同 satur，足够）+l lite（同 lead，走）→能够在空间轨道上行走的物品→人造卫星	be sent by a satellite 通过人造卫星发出<br>satellite tracking 卫星追踪		高频词 Word List 2	21
purchase	ˈpɜːtʃəs	vt.购买 n.[C, U] 购买，采购	pur-前		purchase a home 买房<br>purchase sth.from…从……处购得某物	[派]purchaser n.购买者<br>[派] purchasable a. 可收买的	高频词 Word List 2	21
purpose	ˈpɜːpəs	n.[C] 目的，意图；[C,U] 重要意义；[pl.] 情势的需要	pur-前	pur-（前）+pos（放置）+e→做事情总是将目的置于前面→目的	for the purpose of… 为了 ……的目的<br>a main purpose 主要目的	[派] purposeful a.有目的的<br>[近]intention n.目的，意图	高频词 Word List 2	21
pursue	pəˈsjuː	vt.追求；贯彻；跟踪；追逐，追赶	pur-前	pur-（前）+sue（跟随）→一直向前，追随目标→追求	pursue an experience 追求体验<br>pursue economic revival 追求经济复苏	[派] pursuit n. 追求； 追赶<br>[近]chase v.追逐，追赶	高频词 Word List 2	21
minimum	ˈmɪnɪməm	（abbr.min.）a.最低的；最小的 n.[常用 sing.]最低限度	mini 小	mini（小）+m+-um（名词后缀）→最小量一最低限度	a minimum balance 最低余额<br>the minimum deposit 最低存款国		高频词 Word List 2	21
minister	ˈmɪnɪstə(r)	n.[C]（政府）部长；牧师 vi 服侍	mini 小	mini（小）+-ster（名词后缀）→职级小于政府首脑的人→（政府）部长	a minister of agriculture 农业部部长<br>a health minister 卫生部部长	[派]ministerial a.部长的<br>[近]secretary n.部长	高频词 Word List 2	22
carbon	ˈkɑːbən	n.[U]碳；[C]复写纸	carb 碳	carb（碳）+-on（名词后缀）一碳	carbon dioxide gas 二氧化碳气体<br>a carbon footprint 碳排放量		高频词 Word List 2	22
cite	saɪt	vt.引用；提及（原因）；列举；表彰；传唤	cit 引用	cit（引用）+e→引用	cite a study 引用研究<br>cite a definition 引用定义	[派]citation n.（被）引用，引证<br>[近]quote v.引用	高频词 Word List 2	22
calorie	ˈkæləri	n.[C]卡路里（热量单位）	ca lori 热	ca lori（热）+e 一食物所含的热量→卡路里	take in/obtain calories 摄取卡路里<br>be high in calories 卡路里含量高	[派]caloric a.热量的	高频词 Word List 2	22
clone	kləʊn	n.[C] 克隆动物（或植物）；极为相似的人；仿制机 vt.克隆	cl on 嫩枝	cl on（嫩枝）+e 一将剪下的嫩枝培育后成树苗一克隆	genes of clones 克隆体的基因<br>a human clone 克隆人		高频词 Word List 2	23
private	ˈpraɪvət	a 私有的；私人的；秘密的；私立的；私营的	priv 个人	priv（个人）+-ate（形容词后缀）→归个人所有的→私有的	private industry 私有企业<br>a private collection 私人收藏	[派]privately ad.私下地<br>[近]personal a.私人的	高频词 Word List 2	23
privilege	ˈprɪvəlɪdʒ	n.[C,U] 特权;优惠；[sing.]荣幸 vt. 给予特权	priv 个人	priv（个人）+i+leg（法律）+e→法律赋予个人的特殊权利→特权	an exclusive privilege 独享的特权<br>conserve the privilege 保护特权	[派] privileged a.有特权的<br>[近] honour n.荣幸	高频词 Word List 2	23
civil	ˈsɪvl	a.公民的；国内的；民事的；有礼貌的	civil 公民	本身为词根，表示“公民”一公民的	civil society networks 公民社交网<br>a civil right 公民权利	[派]civilize vt.开化；使文明<br>[派]civilization n.文明	高频词 Word List 2	23
philosophy	fəˈlɒsəfi	n.[U] 哲学；[C] 人生哲学，生活信条	soph 智慧	philo（爱）+soph（智慧）+y→研究爱与智慧的学科→哲学	study philosophy 学习哲学<br>the rising philosophy 新兴的哲学		高频词 Word List 2	23
sophisticated	səˈfɪstɪkeɪtɪd	a.老练的；精密的；高级的	soph 智慧	soph（智慧）+-is tic（形容词后缀）+at+-ed（形容词后缀）→有智慧的→老练的	become sophisticated 变得成熟老练<br>a sophisticated man 成熟老练的人	[近]experienced a.老练的<br>[反]unsophisticated a.单纯的	高频词 Word List 2	24
coast	kəʊst	n.[C,U]海岸，海滨 vi.惯性滑行；不费力地取得成功	coast 岸边	本身为词根，表示“岸边”一海岸	the coast of……海岸<br>ferry nuts down the coast 沿海岸运送坚果	[派]coastal a.海岸的	高频词 Word List 2	24
campaign	kæmˈpeɪn	n.[C]运动；活动；战役 vi.参加运动	camp 原野	camp（原野）+aign→在空旷的原野活动→运动	an environmental campaign 环保运动<br>a presidential campaign 总统竞选活动		高频词 Word List 2	24
version	ˈvɜːʃn	n.[C]版本；型式；描述，说法	vers,vert 转	vers（转）+-ion（名词后缀）一转变为另一种形式→版本	a future version 以后推出的版本<br>an earlier version 早期的版本	[近]edition n.版本	高频词 Word List 2	24
reverse	rɪˈvɜːs	vt.使反转；交换；撤销 n.[sing.][the~]相反的情况 a.相反的	vers,vert 转	re-（相反）+vers（转）+e→使反转	reverse a trend 扭转趋势<br>reverse the order of……颠倒……的顺序	[派]reversal n.反转	高频词 Word List 2	25
convert	kənˈvɜːt	v.（使）转变，转换； （使）改变[kp nv3:t]n.[C]皈依者	vers,vert 转	con-（加强意义）+vert（转）→（使）转变	convert A to B 将 A 转变为 B<br>helps b.convert 帮助某人转变		高频词 Word List 2	25
symptom	ˈsɪmptəm	n.[C]症状；征兆，征候	sym-, syn-同时	sym-（同时）+pto（落下）+m→同时落下→不好的状况同时出现→症状	a psychiatric symptom 精神症状<br>show a symptom of……表现出…症状		高频词 Word List 2	25
syndrome	ˈsɪndrəʊm	n.[C]综合征；典型表现	sym-, syn-同时	syn-（同时）+d rom（跑）+e→很多病同时跑出来→综合征	the Reye syndrome 雷氏综合征<br>contribute to a syndrome 引发综合征		高频词 Word List 2	25
prohibit	prəˈhɪbɪt	vt.禁止；阻止	pro-前；很多…	pro-（前）+hi bit（握）→握住某人的手，不让前进→禁止	prohibit the sale of alcohol 禁止售酒<br>prohibit air gun 禁止使用气枪	[派]prohibition n.禁止；禁令<br>[派]prohibitive a.禁止的	高频词 Word List 2	25
prompt	prɒmpt	a.立即的；及时的 vt.促使；激起；提示	pro-前；很多…	pro-（前）+mpt（同 empt，拿）→在所有人之前拿到的→迅速的→立即的	prompt action 立即行动<br>be prompt in……在……方面很及时	[派]promptly ad.迅速地；立即<br>[近]immediate a.立即的	高频词 Word List 2	26
profit	ˈprɒfɪt	n.[C,U]利润，收益，盈利;[U]好处 v.得到好处	pro-前；很多…	pro-（很多……）+fit（做）→做得多就赚得多→利润	obtain a profit 获得利润<br>make a profit out of…从…中获利	[派] profitable a.有利润的，赢利的<br>[反] loss n.亏损	高频词 Word List 2	26
intelligent	ɪnˈtelɪdʒənt	a.聪明的；有智力的；智能的	intel-,inter-相互；中间	intel-（中间）+lig（选择）+-ent（形容词后缀）→能从中做出正确选择的→聪明的	an intelligent student 聪明的学生<br>asintelligentassb.和某人一样聪明	[派] intelligently ad.聪明地<br>[近]wise a.聪明的	高频词 Word List 2	26
interview	ˈɪntəvjuː	n.[C,U] 面试；[C] 访谈，采访 vt.采访	intel-,inter-相互；中间	inter-（相互）+view（同 vid，看见）→能相互看见的一面对面坐着一面试	attend an interview 参加面试<br>be called for interview 获通知面试	[派]interviewer n.主持面试者；采访者<br>[派]interviewee n.参加面试者	高频词 Word List 2	26
entrepreneur	ˌɒntrəprəˈnɜː(r)	n.[C]企业家，创业者	intel-,inter-相互；中间	entre（同 inter-，中间）+pre n（抓住）+-eur（名词后缀）→抓住创业机会的人→创业者	a famous entrepreneur 著名企业家<br>meet with an entrepreneur 与企业家会面	[派]entrepreneurial a.具有创业素质的	高频词 Word List 2	26
enterprise	ˈentəpraɪz	n.[C]企业；事业；[U]进取心	intel-,inter-相互；中间	enter（同 inter-，中间）+pris（抓住）+e→在行业中抓住机会，有所成就→事业	a multinational enterprise 跨国企业<br>an issue for an enterprise 企业的问题国	[派] enterprising a.有进取心的<br>[近] undertaking n.事业	高频词 Word List 2	27
interfere	ˌɪntəˈfɪə(r)	vi.干预；妨碍	intel-,inter-相互；中间	inter-（中间）+fer（拿）+e→拿障碍物挡在中间→妨碍	stop interfere 停止干预<br>interfere in s th.干预某事	[派]interference n.干涉<br>[近]meddle vi 干预	高频词 Word List 2	27
internal	ɪnˈtɜːnl	a. 内部的；体内的；国内的	intel-,inter-相互；中间	inter-（中间）+n+-al（形容词后缀）→中间的→内部的	an internal recovery period 内部恢复期<br>an internal message 内部消息	[派] internally ad.内部地<br>[反]external a.外部的	高频词 Word List 2	27
cognitive	ˈkɒgnətɪv	a.认知的	-it ive 形容词后缀，……的	CO-（加强意义）+gn（知道）+-it ive（形容词后缀）→知道某事的一认知的	a cognitive standpoint 认知角度<br>take a cognitive break 进行认知休息	[派] cognitive ly ad.认知地	高频词 Word List 2	27
sensitive	ˈsensətɪv	a.敏感的；体贴的；易生气的；棘手的	-it ive 形容词后缀，……的	sens（感觉）+-it ive（形容词后缀）→感觉贴心的一体贴的	be sensitive to…对…敏感<br>a politically sensitive term 政治敏感条款	[派]sensitivity n.体贴，体恤<br>[反]insensitive a.不敏感的	高频词 Word List 2	27
embrace	ɪmˈbreɪs	v.拥抱 vt.欣然接受 n.[C,U]接受	em-，en-进入；使……；加强意义	em-（进入）+brace（手臂）→进入两臂→拥抱	embraces b.warmly 热情地拥抱某人<br>embrace together 拥抱在一起	[近] hug vt.拥抱<br>[近]cuddle v.拥抱	高频词 Word List 2	28
enthusiasm	ɪnˈθjuːziæzəm	n.[U]热情；[C]热衷的事物	em-，en-进入；使……；加强意义	en-（进入）+thus（同 theo，神）+i as m→受到神灵启发产生的狂热情感→热情	match enthusiasm with……将热情融入……<br>enthusiasm for s th.对某事的热情	[派]enthusiastic a.热心的<br>[近]passion n.热情	高频词 Word List 2	28
enroll	ɪnˈrəʊl	（亦作 enrol）v.（使）加入；注册；登记	em-，en-进入；使……；加强意义	en-（进入）+roll（圆环）→进入一个圆环中→加入某一组织→（使）加入	enrolls b.in…使某人加入……<br>enroll ina university 考取大学	[派]enrollment n.注册<br>[近]register v.登记	高频词 Word List 2	28
envelop	ɪnˈveləp	vt.包住，裹住，盖住	em-，en-进入；使……；加强意义	en-（进入）+velo p（包）→包进去一包住	envelop the campground 包围营地<br>be enveloped.in……被裹在…	[派]envelopmentn.包，襄<br>[派] envelope n.信封	高频词 Word List 2	28
envelope	ˈenvələʊp	n.[C]信封；外层	em-，en-进入；使……；加强意义	en-（进入）+velo p（包）+e→把信件包进去的袋子→信封	a small envelope 小信封<br>open an envelope 打开信封		高频词 Word List 2	28
ensure	ɪnˈʃʊə(r)	vt.确保，保证	em-，en-进入；使……；加强意义	en-（使……）+sur（确信）+e→使确信→确保	ensure the safety of……确保…安全<br>ensure the quality of life 确保生活质量	[近]assure vt.确保<br>[近]guarantee vt.确保，保证	高频词 Word List 2	29
encourage	ɪnˈkʌrɪdʒ	vt.鼓励；促进	em-，en-进入；使……；加强意义	en-（使……）+cour（心）+age→使心中有勇气→鼓励	encourages b.todos th.鼓励某人做某事<br>be encouraged by…受到…的鼓励		高频词 Word List 2	29
endure	ɪnˈdjʊə(r)	v.忍受 vi.持续	em-，en-进入；使……；加强意义	en-（使……）+dur（持久）+e→使持久存在→持续	endure cruelty 忍受虐待<br>endure adversity 忍受困境	[派]endurablea.可忍受的<br>[近]bear vt.忍受	高频词 Word List 2	29
enhance	ɪnˈhɑːns	vt.提高；增强，增进	em-，en-进入；使……；加强意义	en-（使…）+han c（高）+e→使变高→提高	enhance the efficiency 提高效率<br>enhance one’s reputation 提高口碑	[派] enhancement n.增加<br>[近]improve v.提高	高频词 Word List 2	29
engage	ɪnˈgeɪdʒ	vt.吸引 l;雇用 vi.参与；融入	em-，en-进入；使……；加强意义	en-（加强意义）+gag（承诺）+e→用承诺引起某人注意→吸引	be fully engaged 被完全吸引住<br>engage viewers 吸引观众图	[派]engagement n.约定<br>[近]attract vt.吸引]	高频词 Word List 2	29
endorse	ɪnˈdɔːs	vt.赞同，支持；代言	em-，en-进入；使……；加强意义	en-（加强意义）+dors（背）+e→在背后表示支持→赞同，支持	endorse a proposal 赞同提案<br>endorse the habit of…赞同…习惯	[派]endorsement n.认可<br>[近]support vt.支持	高频词 Word List 2	30
entail	ɪnˈteɪl	vt.需要；牵涉；导致	em-，en-进入；使……；加强意义	en-（加强意义）+tail（割）→把切割下的东西给需要的人一需要	entail a nearly start 需要很早动身<br>entail great expense 需要大笔经费	[派]entail ment n.需要<br>[近]involve vt.需要	高频词 Word List 2	30
merchant	ˈmɜːtʃənt	n.[C]商人；批发商；（某活动的）爱好者 a.商船的	em-，en-进入；使……；加强意义	mer ch（交易）+-ant（名词后缀）→从事商业交易活动的人→商人	a local merchant 当地的商家<br>a knowledgeable merchant 内行商人	[派]merchant able a.适于销售的<br>[近] trader n.商人	高频词 Word List 2	30
tenant	ˈtenənt	n.[C]租户，房客；佃户	em-，en-进入；使……；加强意义	ten（持有）+-ant（名词后缀）一持有从他人那里租来的房屋的人一租户	a downtown tenant 市中心租户<br>a tenant demand 租户需求	[派] ten an try n.租赁人<br>[近]renter n.租户	高频词 Word List 2	30
reluctant	rɪˈlʌktənt	a.不情愿的，勉强的	em-，en-进入；使……；加强意义	re-（再）+luc t（挣扎）+-ant（形容词后缀）→一再挣扎的→不情愿的	be reluctant todos th.不情愿做某事<br>seem reluctant 显得不情愿	[派]reluctance n.不愿意；勉强<br>[近]unwilling a.不情愿的，勉强的	高频词 Word List 2	30
significant	sɪgˈnɪfɪkənt	a.有重大意义的；显著的；数量相当大的；意味深长的	em-，en-进入；使……；加强意义	sign（标记）+i+fic（做）+-ant（形容词后缀）→时刻需要做标记的→有重大意义的	a significant part 重要部分图<br>a significant work 重要的作品	[派] significance n.意义<br>[反]insignificant a.微不足道的	高频词 Word List 2	31
exercise	ˈeksəsaɪz	n.[U] 运动，锻炼；[C]练习 v.锻炼 vt.行使	-ise，-ize 动词后缀，变成……状态；按…方式处理	ex-（出）+erc（限制）+-ise（动词后缀）→使出力气摆脱限制→运动	do exercise 做运动<br>the effect of exercise 锻炼的效果	[派]exercise rn.锻炼者<br>[近]sport n.运动	高频词 Word List 2	31
recognize	ˈrekəgnaɪz	（亦作 recognise）vt.认出，辨别出；承认；意识到	-ise，-ize 动词后缀，变成……状态；按…方式处理	re-（重新）+co gn（知道）+-ize（动词后缀）→知道某人并重新认出→认出	recognize sb. by sth.通过某物认出某人<br>recognize a face 识别人脸	[派] recognition n.认出<br>[近] identify vt.认出	高频词 Word List 2	31
criticize	ˈkrɪtɪsaɪz	（亦作 criticise）v.批评 vt.评论	-ise，-ize 动词后缀，变成……状态；按…方式处理	crit（判断）+ic+-ize（动词后缀）→对错误的判断进行批评→批评	criticizes b.about s th.就某事批评某人<br>criticize one’s plan 批评某人的计划	[派]criticism n.批评<br>[近]comment v.评论	高频词 Word List 2	31
vulnerable	ˈvʌlnərəbl	a 脆弱的，易受……伤害的	-able-ible 形容词后缀，…的.；可……的；能……的	vulner（创伤）+-able（形容词后缀）→容易受到创伤的→脆弱的	a vulnerable country 脆弱的国家<br>look vulnerable 看上去弱不禁风	[派]vulnerablyad.脆弱地<br>[派]vulnerability n.弱点	高频词 Word List 2	31
available	əˈveɪləbl	a.可用的；可获得的；有空的	-able-ible 形容词后缀，…的.；可……的；能……的	a-（加强意义）+vail（价值）+-able（形容词后缀）一对某人有价值的一可用的	available aid 可用援助<br>an available tool 可用的方法		高频词 Word List 2	32
invisible	ɪnˈvɪzəbl	a.隐形的；无形的	-able-ible 形容词后缀，…的.；可……的；能……的	in-（不）+vis（看见）+-ible（形容词后缀）→看不见的→隐形的	an invisible threat 隐形的威胁<br>an invisible risk 隐形的危险		高频词 Word List 2	32
flexible	ˈfleksəbl	a.灵活的；可变动的	-able-ible 形容词后缀，…的.；可……的；能……的	flex（弯曲）+-ible（形容词后缀）→可任意弯曲的→灵活的	less flexible schedules 灵活性较差的日程<br>a flexible method 灵活的方法	[派] flexibility n.灵活性<br>[反]inflexible a.僵化的	高频词 Word List 2	32
responsible	rɪˈspɒnsəbl	a.负责的；责任重大的	-able-ible 形容词后缀，…的.；可……的；能……的	re-（回）+s pons（承诺）+-ible（形容词后缀）→能回应承诺的→负责的	be responsible to sb.对某人负责<br>be responsible for…… …	[派]responsibility n.责任	高频词 Word List 2	32
setting	ˈsetɪŋ	n.[C]环境；地点；挡位	-ing 名词后缀，表抽象概念介词后缀，构成介词	set（放置）+t+-ing（名词后缀）→放置物品的环境→环境	a work setting 工作环境国<br>in a medical setting 在医疗环境下	[近] surroundings n.环境	高频词 Word List 2	32
regarding	rɪˈgɑːdɪŋ	prep.关于	-ing 名词后缀，表抽象概念介词后缀，构成介词	regard（关于）+-ing（介词后缀）→关于	The situation regarding life insurance takes on a different look. 关于人寿保险的	[近] concerning prep.关于	高频词 Word List 2	33
motivate	ˈməʊtɪveɪt	vt.驱使；激励	-ing 名词后缀，表抽象概念介词后缀，构成介词	mot（移动）+iv+-ate（动词后缀）→让某人移动某物一驱使	be motivated.by……驱使<br>be politically motivated 受政治因素驱动	[派]motivated a.有积极性的<br>[派]motivation n.诱因	高频词 Word List 2	33
incorporate	ɪnˈkɔːpəreɪt	vt.将……包括在内；包含；使并入；注册成立	-ing 名词后缀，表抽象概念介词后缀，构成介词	in-（向内）+corp or（体）+-ate（动词后缀）→使某物体包括在内→将……包括在内	be incorporated in the plan 被纳入计划<br>incorporate ideas from……融合……理念	[派] incorporation n.包含<br>[近]include vt.包含	高频词 Word List 2	33
illustrate	ˈɪləstreɪt	vt.说明；证明；加插图于	-ing 名词后缀，表抽象概念介词后缀，构成介词	il-（入）+lust r（光）+-ate（动词后缀）→使光进入→使变得明亮清晰一引 l 申为“说明”	be illustrated by s th.通过某事说明<br>illustrate a component 说明要素	[派]illustration n.说明<br>[近]demonstrate vt.说明	高频词 Word List 2	33
navigate	ˈnævɪgeɪt	vt.航行；驾驶；横渡 v.确定位置和方向	-ing 名词后缀，表抽象概念介词后缀，构成介词	nav（船）+ig（驾驶）+-ate（动词后缀）一驾驶船→航行	navigate an area of water 航行于水域<br>navigate a ship 驾驶船只	[派] navigation n.导航	高频词 Word List 2	34
indicate	ˈɪndɪkeɪt	v.表明 vt.指出；暗示	-ing 名词后缀，表抽象概念介词后缀，构成介词	in-（内）+dic（说）+-ate（动词后缀）→说出藏在内心的秘密一表明	seem to indicates th.似乎表明某事<br>indicate a lack of s th.表明缺少某物	[派]indication n.标示<br>[近] imply vt. 暗示	高频词 Word List 2	34
investigate	ɪnˈvestɪgeɪt	v.调查	-ing 名词后缀，表抽象概念介词后缀，构成介词	in-（入）+ve stig（踪迹）+-ate（动词后缀）→顺着踪迹走入深处→调查	investigate an effect 调查影响<br>be investigated by sb.被某人调查	[派]investigation n.调查<br>[派]investigator ya.调查的	高频词 Word List 2	34
stimulate	ˈstɪmjuleɪt	vt.刺激；促使，促进；激发	-ing 名词后缀，表抽象概念介词后缀，构成介词	stimul（刺）+-ate（动词后缀）→刺激	be stimulated todos th.被刺激做某事<br>stimulate demand 刺激需求	[派]stimulativea.刺激性的<br>[近]motivate vt.激发	高频词 Word List 2	34
calculate	ˈkælkjuleɪt	vt.计算；估计，预料	-ing 名词后缀，表抽象概念介词后缀，构成介词	calcul（计算）+-ate（动词后缀）→计算	calculate the price 计算价格<br>calculate survival odds 计算生存概率	[派]calculation n.计算<br>[派]calculator n.计算器	高频词 Word List 2	34
celebrate	ˈselɪbreɪt	v.庆祝 vt.赞美，颂扬	-ing 名词后缀，表抽象概念介词后缀，构成介词	celebr（荣誉）+-ate（动词后缀）→为获得的荣誉欢呼→庆祝	be celebrated at sp.在某地庆祝<br>celebrate a festival 庆祝节日	[派]celebration n.庆祝；庆典<br>[近]praise vt.赞美	高频词 Word List 2	35
communicate	kəˈmjuːnɪkeɪt	v.交流，沟通；传达	-ing 名词后缀，表抽象概念介词后缀，构成介词	com-（一起）+muni（职责）+c+-ate（动词后缀）→为了明确职责而一起沟通→交流	communicate feelings 交流感情<br>communicate with sb.与某人交流	[派]communication n.交流<br>[派]communicative a.乐意沟通的	高频词 Word List 2	35
dominate	ˈdɒmɪneɪt	v.支配，控制 vt.在……中占首要地位；占有优势	-ing 名词后缀，表抽象概念介词后缀，构成介词	domin（统治）+-ate（动词后缀）→善于统治他人→支配	be dominated by sb.由某人支配<br>dominate the conversation 控制话语权	[派]domination n.支配，控制<br>[近]possess vt.控制	高频词 Word List 2	35
estimate	ˈestɪmeɪt	vt.估计，估算[es tim at]n.[C]估计；估价；评估	-ing 名词后缀，表抽象概念介词后缀，构成介词	es tim（价值）+-ate（动词后缀）→估计某物的价值→估计	estimate one's salary 估计某人的薪水<br>estimate the size of s th.估计某物的规模	[派]estimation n.估算<br>[近]evaluate vt.估计	高频词 Word List 2	35
migrate	ˈmaɪgreɪt	vi.迁徙；迁移	-ing 名词后缀，表抽象概念介词后缀，构成介词	migr（迁移）+-ate（动词后缀）→迁移	migrat. along……沿着……迁徙<br>migrate with sb.和某人一起迁徙	[派] migration n.迁徙；迁移<br>[派] emigrate vi.移居国外	高频词 Word List 2	35
exaggerate	ɪgˈzædʒəreɪt	v.夸大，夸张，言过其实	-ing 名词后缀，表抽象概念介词后缀，构成介词	ex-（出）+ag-（加强意义）+ger（运输）+-ate（动词后缀）→输出夸张的言辞→夸大	be exaggerated.in…在…被夸大<br>exaggerate the dangers of.夸大…的危险	[派] exaggeration n.夸张<br>[近]overstate vt.夸大	高频词 Word List 2	36
ultimate	ˈʌltɪmət	a.最后的；至高的；极度的 n.[sing.]最高典范	-ing 名词后缀，表抽象概念介词后缀，构成介词	ul tim（最后的）+-ate（形容词后缀）一最后的	an ultimate solution 最终解决方案<br>an ultimate goal 最终的目标	[派]ultimately ad.最终，最后<br>[近]final a.最后的	高频词 Word List 2	36
immediate	ˈɪmɪdɪət	a.立即的；当前的；紧急的；直接的；关系最近的	-ing 名词后缀，表抽象概念介词后缀，构成介词	im-（无）+medi（中间）+-ate（形容词后缀）→中间无时间间隔的→立即的	an immediate impact 即时影响<br>an immediate task 当前的任务	[派] immediately ad.立即<br>[近]instant a.立即的	高频词 Word List 2	36
climate	ˈklaɪmət	n.[C,U]气候；[C]气候区；环境气氛	-ing 名词后缀，表抽象概念介词后缀，构成介词	clim（倾斜）+-ate（名词后缀）→古希腊人认为气候与太阳光线的倾斜角度有关一气候	an agreeable climate 宜人的气候<br>a climate forecast 气候预测	[派]climatic a.气候的	高频词 Word List 2	36
undergraduate	ˌʌndəˈgrædʒuət	n.[C]本科生	-ing 名词后缀，表抽象概念介词后缀，构成介词	under-（不足）+grad（级）+u+-ate（名词后缀）→不够毕业等级的人→本科在读→本科生	an economics undergraduate 经济学本科生<br>an undergraduate student 大学本科生		高频词 Word List 2	36
file	faɪl	n.[C]文件；档案；文件夹 vt.把（文件等）归档	fil 线	fil（线）+e→将纸张用线缝合起来一装订好的纸张→文件	label a file 给文件标标签<br>create a text file 创建文档		高频词 Word List 3	37
profile	ˈprəʊfaɪl	n.[C] 侧面轮廓；简介；形象 vt.概述	fil 线	pro-（前）+fil（线）+e→用线条勾勒出某人侧前方的轮廓一侧面轮廓	draw ones profile 画某人的侧画像<br>a profile of sb.某人的简介	[近] figure n.轮廓<br>[近]outline vt.概述	高频词 Word List 3	37
flu	fluː	n.[U] 流感	flu 流	本身为词根，表示“流”→流入人群的疾病→流感	children with flu 惠有流感的儿童国<br>the death rate from flu 流感死亡率	[近]grippen.流感	高频词 Word List 3	38
affluent	ˈæfluənt	a.富裕的；丰富的	flu 流	af-（加强意义）+flu（流）+-ent（形容词后缀）→不断流入的→供应充足的→富裕的	an affluent demographic 富裕人群<br>an affluent family 富裕家庭		高频词 Word List 3	38
current	ˈkʌrənt	a.当前的；流行的 n.[C]水流；电流	cur r 流	cur r（流）+-ent（形容词后缀）→流传至今的→流行的	current research 目前的研究<br>a current lifestyle 目前的生活方式		高频词 Word List 3	38
currency	ˈkʌrənsi	n.[C,U]货币；[U]通用；流通	cur r 流	cur r（流）+-en cy（名词后缀）→在市场上流通的用来交易的东西一货币	a digital currency 电子货币<br>the value of a currency 货币的价值	[近]circulation n.流通	高频词 Word List 3	38
fierce	fɪəs	a 凶猛的，凶狠的；强烈的；极度的；狂暴的；激烈的	fier 野的	fier（野的）+ce→野蛮的→凶猛的	a fierce animal 猛善<br>a fierce whisper 恶狠狠的低语	[派]fiercenessn.凶猛<br>[派] fiercely ad.凶猛地	高频词 Word List 3	39
crisis	ˈkraɪsɪs	n.[C,U]危机	cris 判断	cris（判断）+is→需要做出判断的时刻→决定性时刻→危机	address a crisis 解决危机<br>an unemployment crisis 失业危机		高频词 Word List 3	39
code	kəʊd	n.[C,U] 密码；代码；[C] 行为准则；法规 vt.为……编码	cod 账本	cod（账本）+e→账本需要设置密码进行保管→密码	break a code 破译密码<br>a spoken code 口头代码	[派] code rn.编程人员<br>[近]password n.密码	高频词 Word List 3	39
debt	det	n.[C] 借款；债务；[U] 负债情况	deb 负债	deb（负债）+t→欠某人的债→债务	run up debts 积欠借款<br>credit card debts 信用卡借款	[派]debtor n.债务人<br>[近]loan n.借款	高频词 Word List 3	39
grand	grænd	a.宏大的；宏伟的；重大的；堂皇的；[G-] 大	grand 大	本身为词根，表示“大”→宏大的	a grand scale 宏大的规模<br>thoroughly grand 十分宏伟	[派]grandly ad.堂而皇之地<br>[近]magnificent a.宏伟的	高频词 Word List 3	40
fatigue	fəˈtiːg	n.[U] 疲劳，劳累；厌倦	fat ig 疲倦	fat ig（疲倦）+ue→疲劳	decision fatigue 决策疲劳<br>fallout from fatigue 因疲劳而掉队	·[派]fatigued a.疲惫的<br>[近] tiredness n.疲劳	高频词 Word List 3	40
fiber	ˈfaɪbə(r)	n.[C,U] 纤维；纤维制品；[U]食物纤维	fiber 纤维	本身为词根，表示“纤维”	nerve fibers 神经纤维<br>add fiber to s th.往某物中添加纤维	[派]fibrillatea.有原纤维的	高频词 Word List 3	40
limit	ˈlɪmɪt	vt.限制，限定 n.[C]限制;界限；极限	limit 界限	本身为词根，表示“界限”	serve to limits th.限制某事<br>limit…定……	[派]limitation n.限制<br>[近]restrict vt.限制	高频词 Word List 3	40
surge	sɜːdʒ	vi 激增；涌 n.[C]急剧上升；汹涌； （情感的）突发	surge 升起	本身为词根，表示“升起”→激增	surge rom……t……激增到……<br>surge forward 向前涌		高频词 Word List 3	41
norm	nɔːm	n.[sing.] 常态；[pl.] 规范；准则	norm 正常	本身为词根，表示“正常”→正常的状态一常态	become the norm 成为常态<br>a departure from the norm 一反常态	[派] normal a.正常的<br>[近]rule n.准则	高频词 Word List 3	41
youngster	ˈjʌŋstə(r)	n.[C]年轻人	young 年轻	young（年轻）+-ster（名词后缀）→年轻人	a group of youngsters 一群年轻人<br>the ability of youngsters 年轻人的能力		高频词 Word List 3	41
core	kɔː(r)	n.[C] 核心；核儿 a.最重要的；核心的	cor, cord 心	cor（心）+e→核心	an urban core 城市中心<br>a hardcore 核心部分	[派]corern.去果心的刀<br>[近]kernel n.核心	高频词 Word List 3	41
record	ˈrekɔːd	n.[C]记录；纪录；唱片[nko:d]vt.记录；录制	cor, cord 心	re-（再）+cord（心）→使再次记在心上→记录	retrieve a record 检索记录<br>beat the record 打破纪录	[派]recorder n.录音机<br>[派] recording n.录音	高频词 Word List 3	42
cure	kjʊə(r)	vt.治愈；解决 n.[C]药物；疗法；解决方法	cur 照料；关心	cur（照料）+e→照顾病人直至其恢复→治愈	cure an injury 治愈伤痛<br>be largely cured 很大程度上被解决		高频词 Word List 3	42
accurate	ˈækjərət	a.精确的，准确的；正确无误的	cur 照料；关心	ac-（加强意义）+cur（关心）+-ate（形容词后缀）→用心计算使精确的一精确的	highly accurate 高度精确<br>an accurate method 精确的方法	[派]accuracy n.准确（性）<br>[反]inaccurate a.不准确的	高频词 Word List 3	42
region	ˈriːdʒən	n.[C]地区，区域；身体部位	reg 统治；规则	reg（统治）+-ion（名词后缀）→统治的领地→地区	a hilly region 丘陵地区<br>a dry region 千旱地区		高频词 Word List 3	42
regular	ˈregjələ(r)	a.规则的；固定的；通常的；正常的；定期的 n.[C] 常客	reg 统治；规则	reg（规则）+-u lar（形容词后缀）→规则的	a regular pattern 规则的图案<br>regular distances 固定的距离	[派]regularity n.规律性<br>[派]regularize vt.使正规化	高频词 Word List 3	42
regulate	ˈregjuleɪt	v.控制；管理 vt.调节	reg 统治；规则	reg（规则）+ul+-ate（动词后缀）→用规则进行约束→管理	be regulated by sb.受某人的控制<br>regulate price 控制价格		高频词 Word List 3	43
concert	ˈkɒnsət	n.[C]音乐会，演奏会	cert 分开；确信	con-（加强意义）+cert（分开）→在与外界分开的舞台上演唱歌曲一音乐会	a classical concert 古典音乐会<br>a concert of piano music 钢琴音乐会	[派]concerted a.努力的；同心协力的	高频词 Word List 3	43
certain	ˈsɜːtn	a.确信的，肯定的；一定程度上的；某	cert 分开；确信	cert（确信）+ain→确信的	be absolutely certain about sth.坚信某事<br>be certain of doing sth.肯定会做某事	[派] certainty n.确实的事<br>[反]uncertain a.不确定的	高频词 Word List 3	43
passenger	ˈpæsɪndʒə(r)	n.[C]乘客，旅客	pass 通过；激情	pass（通过）+eng+-er（名词后缀）→通过搭载交通工具到达某地的人→乘客	a same age passenger 同龄乘客<br>half a dozen passengers 六名乘客		高频词 Word List 3	43
passion	ˈpæʃn	n.[C,U] 激情；[U] 热情；[C] 酷爱；[sing.] 盛怒	pass 通过；激情	pass（激情）+-ion（名词后缀）→激情	passion for work 对工作的激情<br>involve no passions 没有激情	[派]passionate a.狂热的<br>[近]warmth n.热情	高频词 Word List 3	43
transaction	trænˈzækʃn	n.[C] 交易；业务；[U] 办理	trans-转移；转变	trans-（转移）+act（行动）+-ion（名词后缀）→转移钱财的动作→交易	process a transaction 处理交易<br>records about transactions 交易记录	[近] deal n.交易	高频词 Word List 3	44
transfer	ˈtrænsfɜː(r)	v.（使）转移；转学；调动[traensf3:(r)]n.[C,U] 转移	trans-转移；转变	trans-（转移）+fer（拿取）→把东西拿到某地一>（使）转移	transfer money 转钱<br>transfer to sp.转移到某地	[派]transferable a.可转移的；可调动的<br>[近]shift v.（使）转移	高频词 Word List 3	44
transit	ˈtrænzɪt	n.[U]运输；交通运输系统	trans-转移；转变	trans-（转移）+it（走）→用交通工具把物资转移运走→运输	transit time 运输时间<br>the transit of goods 货物运输	[派]transition n.过渡<br>[近]transportation n.运输	高频词 Word List 3	44
transmit	trænsˈmɪt	v.传送 vt.传递；传播	trans-转移；转变	trans-（转移）+mit（送）一转移输送→传送	transmit a signal 传送信号<br>transmit as well as receive 收发两用	[派]transmission n.传送<br>[近]transfer v.传播	高频词 Word List 3	44
transport	ˈtrænspɔːt	n.[U]运输工具；交通运输系统；运输[traen'spo:t]vt 运输	trans-转移；转变	trans-（转移）+port（运输）→能够转移或运输货物的工具→运输工具	a transport plane 运输机<br>a type of transport 交通工具类型	[派] transportation n.运输<br>[近] traffic n.运输	高频词 Word List 3	45
translate	trænsˈleɪt	v 翻译；（使）转化为 vi.被译为	trans-转移；转变	trans-（转变）+late（拿出）→将一种语言转变后，用其他语言呈现出一翻译	translate word for word 逐字翻译<br>translate a novel 翻译小说	[派]translation n.翻译<br>[派]translator n.译员	高频词 Word List 3	45
transform	trænsˈfɔːm	vt.改变；改造	trans-转移；转变	trans-（转变）+form（形）一使转变形态→改变	transform one's ability 改变某人的能力<br>transform the way 改变途径	[派]transformation n.改观<br>[近]convert v.（使）改变	高频词 Word List 3	45
species	ˈspiːʃiːz	n.[C]（pl.species） 物种	spec,spec i 种，种类	spec（种）+ies→物种	an invasive species 入侵物种<br>a new species of……的新物种		高频词 Word List 3	45
specific	spəˈsɪfɪk	a.特定的；具体的；明确的	spec,spec i 种，种类	Spec i（种类）+f（同 fy，作）+-ic（形容词后缀）→某一特别种类的→特定的	a specific skill 特定的技能<br>a specific individual 特定人员	[派]specification n.规范；说明书<br>[近]concrete a.具体的	高频词 Word List 3	45
perceive	pəˈsiːv	vt.意识到，察觉到；认为	per-完全；加强意义	per-（完全）+ce ive（抓）→完全抓住重点→注意到重点→意识到	perceive a change 意识到变化<br>perceive reality 意识到现实	[派] perception n.感知<br>[派]perceptive a.有洞察力的；知觉的	高频词 Word List 3	46
persuade	pəˈsweɪd	vt.劝说，说服；使信服；使相信	per-完全；加强意义	per-（加强意义）+su ad（劝告）+e 一劝说	be easily persuaded 禁不住劝<br>try to persuades b.试图劝说某人	[派]persuasion n.劝说；说服<br>[派]persuasive a.有说服力的	高频词 Word List 3	46
officer	ˈɒfɪsə(r)	n.[C]军官；官员，高级职员；警察	per-完全；加强意义	of（工作）+fic（做）+-er（名词后缀）→在政府机关工作的人→官员	a high ranking officer 高级军官<br>as an officer 作为一名军官		高频词 Word List 3	46
customer	ˈkʌstəmə(r)	n.[C]顾客，客户	per-完全；加强意义	custom（习惯）+-er（名词后缀）→习惯性去同一家店购物的人→顾客	a potential customer 潜在顾客<br>appeal to a customer 吸引顾客		高频词 Word List 3	46
quarter	ˈkwɔːtə(r)	n.[C] 四等份之一；一刻钟；季度 vt.把……切成四部分	per-完全；加强意义	quart（四）+-er（名词后缀）→把东西分成四等份→其中的一份→四等份之一	a quarter of students 四分之一的学生<br>cuts th.into quarters 将某物切成四份		高频词 Word List 3	46
psychology	saɪˈkɒlədʒi	n.[U] 心理学；[sing.]心理	-ology 名词后缀，…学	psych（心理）+-ology（名词后缀）→心理学	social psychology 社会心理学<br>a psychology journal 心理学期刊	[派] psychological a.心理的<br>[派] psychologically ad.心理上地	高频词 Word List 3	47
biology	baɪˈɒlədʒi	n.[U] 生物学；生理习性	-ology 名词后缀，…学	bi（生物）+-ology（名词后缀）→生物学	change biology 改变生物学<br>evolutionary biology 进化生物学	[派] biological a.生物学的<br>[派]biologist n.生物学家	高频词 Word List 3	47
circumstance	ˈsɜːkəmstəns	n.[常用 pl]环境；状况；条件；[U]命运；客观环境	-ance 名词后缀，表抽象概念	circum-（周围）+st（放置）+-ance（名词后缀）→所放东西的周围→环境	family circumstances 家境<br>reflect circumstances 反映处境		高频词 Word List 3	47
finance	ˈfaɪnæns	n.[U]金融；财务；资金；[pl.]财务管理 vt.资助	-ance 名词后缀，表抽象概念	fin（结束）+-ance（名词后缀）→工程结束时用于付款的钱一资金	regulation of finance 金融监管<br>finance money market 金融货币市场		高频词 Word List 3	47
obstacle	ˈɒbstəkl	n.[C]障碍；困难；障碍物	ob-,Oc-,Op-对面；相反；加强意义	ob-（相反）+st（站立）+-acle（名词后缀）→在相反方向站立→起阻碍作用→障碍	a major obstacle 主要障碍<br>a huge obstacle 巨大的障碍	[近]barrie n.障碍<br>[近]hindrance n.障碍物	高频词 Word List 3	48
objective	əbˈdʒektɪv	n.[C] 目标；目的 a.客观的	ob-,Oc-,Op-对面；相反；加强意义	ob-（加强意义）+ject（投）+-ive（形容词后缀）一根据事实进行投票的→客观的	achieve one's objective 实现某人的目标<br>specify an objective 说明目标国	[派]objection n.反对；异议<br>[反]subjective a.主观的	高频词 Word List 3	48
observe	əbˈzɜːv	vt.注意到;观察；遵守；庆祝	ob-,Oc-,Op-对面；相反；加强意义	ob-（加强意义）+serv（看）+e→看到→注意到	observes b.dos th.注意到某人做某事<br>be observed by sb.被某人注意到	[派]observation n.观察；观测<br>[近]notice v.注意到	高频词 Word List 3	48
occasion	əˈkeɪʒn	n.[C]场合；某次；特别的事情；[sing.] 时机 vt.导致	ob-,Oc-,Op-对面；相反；加强意义	Oc-（加强意义）+cas（发生）+-ion（名词后缀）→事情发生的时间→场合	a special occasion 特殊的场合<br>on two occasions 两次	[派]occasional a.偶尔的<br>[近]chance n.时机	高频词 Word List 3	48
occupy	ˈɒkjupaɪ	vt.占用；占领；居住；忙着（做某事）；任职	ob-,Oc-,Op-对面；相反；加强意义	OC-（加强意义）+cup（拿）+y→拿别人的东西一占用	occupy ones time 占用某人的时间<br>be occupied with s th.被某物占据	[派]occupant n.使用者<br>[近] hold vt.任职	高频词 Word List 3	48
occupation	ˌɒkjuˈpeɪʃn	n.[C] 工作；消遣；[U] 占领	ob-,Oc-,Op-对面；相反；加强意义		have an occupation 有工作<br>look for an occupation 找工作	[派]occupational a.职业的<br>[近] profession n.职业	高频词 Word List 3	49
opposite	ˈɒpəzɪt	a 相反的；对面的 n.[C] 反面 prep.在……对面	ob-,Oc-,Op-对面；相反；加强意义	op-（对面）+posit（放置）+e→放在对面的→对面的	an opposite case 相反的结论<br>opposite sides 对面	[派] opposition n.反对，反抗<br>[近] contrary a.相反的	高频词 Word List 3	49
arise	əˈraɪz	vi 出现；发生；（由）引起；起床；站起	a-,ab-,ac-,ad-,af-,ap-,as-,at-向；来；临近；加强意义	a-（加强意义）+rise（出现）→出现	arise suddenly 突然出现<br>naturally arise 自然而然产生	[近]appear vi.出现<br>[近]occur v.发生	高频词 Word List 3	49
aware	əˈweə(r)	a.知道的；意识到的；注意到的	a-,ab-,ac-,ad-,af-,ap-,as-,at-向；来；临近；加强意义	a-（加强意义）+ware（注视）→注意到的	need to be aware of s th.需要知道某事<br>as far a sIm aware 据我所知	[派]awareness n.知道<br>[近]conscious a.意识到的	高频词 Word List 3	49
abundant	əˈbʌndənt	a.大量的，丰富的，充足的；丰盛的	a-,ab-,ac-,ad-,af-,ap-,as-,at-向；来；临近；加强意义	ab-（加强意义）+und（溢出）+-ant（名词后缀）→多得快要溢出来的→大量的	abundant evidences 大量的证据<br>continue to be abundant 源源不断	[派] abundance n.大量<br>[近] ample a.大量的	高频词 Word List 3	49
abuse	əˈbjuːs	n.[U,sing.]滥用；[U] 辱骂；虐待[obju:z]vt.滥用；虐待	a-,ab-,ac-,ad-,af-,ap-,as-,at-向；来；临近；加强意义	ab-（加强意义）+us（用）+e→不加节制的胡乱用→滥用	drug abuse 毒品滥用園<br>an abuse of s th.滥用某物	[派]abusive a.辱骂的<br>[近]insult n.辱骂	高频词 Word List 3	50
absorb	əbˈsɔːb	vt.吸收；使并入；使全神贯注；理解；承担	a-,ab-,ac-,ad-,af-,ap-,as-,at-向；来；临近；加强意义	ab-（加强意义）+sorb（吸收）→吸收	absorb energy 吸收能源<br>be absorbed into…使并入…	[派] absorption n.吸收<br>[近]assimilate vt.吸收	高频词 Word List 3	50
accelerate	əkˈseləreɪt	v.（使）加速，加快	a-,ab-,ac-,ad-,af-,ap-,as-,at-向；来；临近；加强意义	ac-（加强意义）+celer（快）+-ate（动词后缀）→加快速度→（使）加速	accelerate the extinction 加速灭绝<br>continue to accelerate 不断加速	[派]acceleration n.加速，加快<br>[近] expedite vt.加快	高频词 Word List 3	50
accent	ˈæksent	n.[C] 口音；重音；[sing.]强调[aek'sent]vt.强调	a-,ab-,ac-,ad-,af-,ap-,as-,at-向；来；临近；加强意义	ac-（加强意义）+cent（唱）→唱歌的口音→口音	in a foreign accent 有外国口音<br>speak with an accent 说话带点口音	[派]accent u a la.重音的<br>[近]emphasize vt.强调	高频词 Word List 3	50
accomplish	əˈkʌmplɪʃ	vt.完成；达成；实现	a-,ab-,ac-,ad-,af-,ap-,as-,at-向；来；临近；加强意义	ac-（加强意义）+com-（共同）+pl（同 pli，充满）+-ish（动词后缀）→使装满→完成	be safely accomplished 顺利完成<br>accomplish a task 完成任务	[派]accomplishment n.成就<br>[近] complete vt.完成	高频词 Word List 3	50
account	əˈkaʊnt	n.[C]账户；账号；描述 vt.视为	a-,ab-,ac-,ad-,af-,ap-,as-,at-向；来；临近；加强意义	ac-（加强意义）+count（计算）→计算资金流水明细→账户	a savings account 储蓄账户<br>handle an account 代理账户国	[派] accounting n.会计<br>[派] accountant n.会计师	高频词 Word List 3	51
accuse	əˈkjuːz	v.控告；指责，遣责	a-,ab-,ac-,ad-,af-,ap-,as-,at-向；来；临近；加强意义	ac-（加强意义）+cus（原因）+e 一因某种原因告发某人→控告	accuses b.of doings th.控告某人做某事<br>accuses b.of murder 控告某人谋杀	[派]accusation n.控告<br>[近]blame vt.指责	高频词 Word List 3	51
acknowledge	əkˈnɒlɪdʒ	vt.承认；感谢；告知收到	a-,ab-,ac-,ad-,af-,ap-,as-,at-向；来；临近；加强意义	aC-（加强意义）+know（知道）+ledge→确认知道某事→承认	acknowledge sb……as…承认人是…<br>acknowledge the rigor 承认严谨性園	[派] acknowledgement n.承认<br>[近]recognize vt.承认	高频词 Word List 3	51
adverse	ədˈvɜːs	a.不利的；反面的	a-,ab-,ac-,ad-,af-,ap-,as-,at-向；来；临近；加强意义	ad-（向）+verse（转）→向不好的方向转变的→不利的	adverse conditions 不利条件<br>have an adverse effect 有不利影响	[派]adversely ad.不利地<br>[近] contrary a.相反的	高频词 Word List 3	51
advertise	ˈædvətaɪz	v.做广告，登广告；宣传	a-,ab-,ac-,ad-,af-,ap-,as-,at-向；来；临近；加强意义	ad-（来）+vert（转）+-ise（动词后缀）→使人们的注意力转到某个产品上→做广告	advertise a book 给书做广告<br>advertise for sb.为某人做广告	[派]advertisement n.广告<br>[派]advertising n.广告活动	高频词 Word List 3	51
adolescent	ˌædəˈlesnt	n.[C]青少年 a.青春期的；青少年的	a-,ab-,ac-,ad-,af-,ap-,as-,at-向；来；临近；加强意义	ad-（加强意义）+ole sc（成长）+-ent（名词后缀）→逐步成长的少年→青少年	educate an adolescent 教育青少年<br>an older adolescent 较年长的青少年	[派]adolescence n.青春期<br>[近] teenager n.青少年	高频词 Word List 3	52
advocate	ˈædvəkeɪt	v.拥护，支持；提倡[aedvakat]n.[C]拥护者，支持者；提倡者	a-,ab-,ac-,ad-,af-,ap-,as-,at-向；来；临近；加强意义	ad-（加强意义）+voc（声音）+-ate（动词后缀）一为观点发声→拥护	advocate globalization 拥护全球化<br>advocate doings th.支持做某事		高频词 Word List 3	52
adequate	ˈædɪkwət	a.足够的；合格的	a-,ab-,ac-,ad-,af-,ap-,as-,at-向；来；临近；加强意义	ad-（加强意义）+equ（等）+-ate（形容词后缀）→需求与供给相对等的→足够的	get adequate food 获取足够的食物<br>be adequate todos th.足够做某事		高频词 Word List 3	52
admit	ədˈmɪt	v.承认 vt.准许……进入；接收入院	a-,ab-,ac-,ad-,af-,ap-,as-,at-向；来；临近；加强意义	ad-（加强意义）+mit（派）一对派来的人表示认可→承认	admit one's mistakes 承认某人的错误<br>admit doings th.承认做某事	[派]admission n.准许加入<br>[派]admittance n.进入权	高频词 Word List 3	52
affair	əˈfeə(r)	n.[pl]公共事务；政治事务；[常用 sing.]事情；[C] 暖味关系	a-,ab-,ac-,ad-,af-,ap-,as-,at-向；来；临近；加强意义	af-（加强意义）+fair（同 fact，做）→让大家共同受益的事情→公共事务	public affairs 公共事务<br>school affairs 校务	[近]mattern.事情	高频词 Word List 3	52
appeal	əˈpiːl	vi 呼吁；有吸引力 v.申诉 n.[C,U] 上诉；[U]吸引力	a-,ab-,ac-,ad-,af-,ap-,as-,at-向；来；临近；加强意义	ap-（加强意义）+peal（推动）→向民众请求援助，推动事物发展→呼吁	appeal for s th.呼吁某事<br>appeal to sb.吸引某人	[派] appealing a.有吸引力的<br>[近]complain v.申诉	高频词 Word List 3	53
appreciate	əˈpriːʃieɪt	vt.欣赏；重视；感谢；理解；意识到	a-,ab-,ac-,ad-,af-,ap-,as-,at-向；来；临近；加强意义	ap-（加强意义）+pre ci（价值）+-ate（动词后缀）一认可某物的价值→欣赏	appreciate the beauty 欣赏到优美之处<br>be appreciated by sb.被某人欣赏	[派]appreciation n.欣赏；感激；理解<br>[派]appreciative a.欣赏的；感激的	高频词 Word List 3	53
approach	əˈprəʊtʃ	v 靠近，接近 vt.接洽 n.[C] 方法；[sing.] 接近	a-,ab-,ac-,ad-,af-,ap-,as-,at-向；来；临近；加强意义	ap-（加强意义）+p roach（接近）一靠近	approach the town 靠近城镇<br>approach to……接近…	[派]approachable a.可接近的<br>[近]method n.方法	高频词 Word List 3	53
appropriate	əˈprəʊpriət	a.合适的；恰当的[praopriert]vt.盗用；拨（专款等）	a-,ab-,ac-,ad-,af-,ap-,as-,at-向；来；临近；加强意义		be appropriate for s th.对某事是合适的<br>an appropriate expression 适当的表情	[派]appropriation n.盗用<br>[近]suitable a.合适的	高频词 Word List 3	53
approve	əˈpruːv	vt.批准，通过；认可 vi.同意	a-,ab-,ac-,ad-,af-,ap-,as-,at-向；来；临近；加强意义	ap-（加强意义）+pro v（批准）+e→批准	approves th.for use 批准使用某物<br>approve a bill 通过一项法案團	[派]approval n.赞成<br>[近]ratify vt.批准	高频词 Word List 3	53
assume	əˈsjuːm	vt.假设；假装；承担（责任）；认为；呈现；取得（权力）	a-,ab-,ac-,ad-,af-,ap-,as-,at-向；来；临近；加强意义	as-（来）+sum（拿）+e→拿某事来做假设→假设	assume values for s th.假设某物的价值<br>assume an air of concern 假装关心的样子	[派]assumption n.假定<br>[近]undertake vt.承担	高频词 Word List 3	54
assign	əˈsaɪn	vt.分配（某物）；分派；指定；确定	a-,ab-,ac-,ad-,af-,ap-,as-,at-向；来；临近；加强意义	as-（加强意义）+sign（标记）→把做了不同标记的东西分给不同的人→分配（某物）	assigns b.sth.把某物分配给某人<br>assigns b.todos th.分派某人做某事	[派]assignment n.（分派的）工作<br>[近]distribute vt.分配	高频词 Word List 3	54
attend	əˈtend	v.参加，出席 vt.上（学）vi.处理，照料；注意	a-,ab-,ac-,ad-,af-,ap-,as-,at-向；来；临近；加强意义	at-（临近）+tend（延伸）→参加研讨会以延伸自己的视野→参加，出席	attend a research 参加研讨会<br>be unable to attend 未能出席	[派]attendance n.出席<br>[派]attendant a.伴随的 n.侍者	高频词 Word List 3	54
attach	əˈtætʃ	vt 固定，附上；认为有重要性；缠着 v（使）与·有联系	a-,ab-,ac-,ad-,af-,ap-,as-,at-向；来；临近；加强意义	at-（加强意义）+tach（钉）→钉在墙上→固定	attach s th……to…把某物固定在……上<br>be attached to s th.依附于某物	[派]attachment n.依恋；附属物<br>[近]fix vt.使固定	高频词 Word List 3	54
attempt	əˈtempt	vt.企图；努力 n.[C,U]试图，企图；[C]尝试	a-,ab-,ac-,ad-,af-,ap-,as-,at-向；来；临近；加强意义	at-（加强意义）+tempt（尝试）→尝试	attempt an escape 企图逃跑<br>attempt todos th.努力做某事		高频词 Word List 3	54
attribute	ˈætrɪbjuːt	把归因于，认为是…所为[aenbju][C]特征，属性	a-,ab-,ac-,ad-,af-,ap-,as-,at-向；来；临近；加强意义	at~（加强意义）+tri but（给予）+e-→就他人的行为给出原因-→把……归因于	be attributed to sth. 归因于某事<br>attribute Ato B 把 A 归因于 B 国		高频词 Word List 3	55
differ	ˈdɪfə(r)	vi.相异；不同意	a-,ab-,ac-,ad-,af-,ap-,as-,at-向；来；临近；加强意义	dif-（不）+fer（带来）→带来不同→相异	differ from s th.与某物不同<br>differ in……在…方面不同		高频词 Word List 4	56
mass	mæs	n.[C]堆；[pl.] [the~] 群众 a.大规模的 v.聚集	mass 揉	本身为词根，表示“揉”→揉到一起→堆	a mass of…-……<br>the masses 大众		高频词 Word List 4	56
handle	ˈhændl	vt.处理，应付；操纵 n.[C]把手	hand 手	hand（手）+-le（动词后缀）→用手去操作→处理	handledatasets 处理数据集<br>handle complaints 处理投诉		高频词 Word List 4	57
handicraft	ˈhændɪkrɑːft	n.[常用 pl.,U]手工艺；手工艺品	hand 手	hand（手）+i+craft（工艺）→手工艺	teach handicrafts 教授手工艺<br>the handicraft industry 手工业		高频词 Word List 4	57
lawyer	ˈlɔːjə(r)	n.[C] 律师	law 法律	law（法律）+-yer（名词后缀）→精通法律的人→律师	use a lawyer todos th.利用律师做某事<br>an expensive lawyer 重金聘请的律师		高频词 Word List 4	57
prospect	ˈprɒspekt	n.[U] 可能性；[pl.]前景；[C]景色	spec t 看	pro-（前）+spec t（看）→向前看得到成功的可能→可能性	prospect of peace 和平的可能性<br>little prospect 没有可能		高频词 Word List 4	57
perspective	pəˈspektɪv	n.[C]观点；角度；景观	spec t 看	per-（加强意义）+spec t（看）+-ive（名词后缀）→看法→观点	a similar perspective 类似的观点<br>a unique perspective 独特的观点	[近]viewpoint n.观点	高频词 Word List 4	58
respect	rɪˈspekt	vt.尊重；钦佩；遵守 n.[U]尊重	spec t 看	re-（再）+spec t（看）→一再地看某人→重视某人→尊重	respect one's opinion 尊重某人的意见<br>respects b.for s th.因某事而钦佩某人	[派]respectful a.尊敬的；有礼貌的	高频词 Word List 4	58
suspect	səˈspekt	v 疑有 vt.怀疑[sAspekt]n.[C]犯罪嫌疑人 a.可疑的；不可信的	spec t 看	sus-（下）+pect（同 spec t，看）→从下往上打量→怀疑	suspect a gas leak 怀疑有煤气泄漏<br>suspect all along 一直觉得	[派]suspected a.有嫌疑的<br>[派]suspect able a.值得怀疑的	高频词 Word List 4	58
fund	fʌnd	n.[C]基金；专款；[pl.]资金 vt.为……提供资金；资助	fund 基础	本身为词根，表示“基础”→生存保障的基础一资金	a college fund 大学基金<br>a disaster relief fund 赈灾专款	[近]capital n.资金	高频词 Word List 4	58
fundamental	ˌfʌndəˈmentl	a.基础的，基本的；根本的 n.[常用 pl.]基本原理	fund 基础		fundamental data 基础数据<br>be fundamental to s th.是某事的基础		高频词 Word List 4	58
peak	piːk	n.[C] 山峰；[常用 sing.] 顶峰 vi.达到高峰 a.高峰时期的	peak 山峰	本身为词根，表示“山峰”	as now-covered peak 白雪覆盖的山峰<br>the peak of a mountain 山顶国	[派] peak y a.憔悴的<br>[近]summit n.顶峰	高频词 Word List 4	59
plain	pleɪn	n.[C] 平原 a.清楚的；坦诚的；朴素的	plain 平坦	本身为词根，表示“平坦”→地势平坦的地区→平原	rear up from a plain 矗立在平原上<br>a gently rolling plain 平缓起伏的平原	[派] plainness n.平坦<br>[近] clear a.清楚的	高频词 Word List 4	59
labour	ˈleɪbə(r)	n.[U]劳动；劳动力；劳工；[常用 pl]工作	labor 工作	本身为词根，表示“工作”	manual labour 体力劳动国<br>the product of labour 劳动成果	[派]laborious a.辛苦的<br>[近]work n.工作	高频词 Word List 4	59
laboratory	ləˈbɒrətri	（abbr.lab）n.[C] 实验室	labor 工作	labor（工作）+-a tory（名词后缀）→工作的地方与实验相关→实验室	a research laboratory 研究实验室<br>laboratory experiment 实验室试验		高频词 Word List 4	59
identity	aɪˈdentəti	n.[C,U]身份；特征；[U]一致；同一性	ident 相同	ident（相同）+-ity（名词后缀）→一致	ensure an identity 确保身份<br>identity theft 身份盗窃		高频词 Word List 4	60
identify	aɪˈdentɪfaɪ	vt.认出，识别；确认；找到；发现	ident 相同	ident（相同）+i+-fy（动词后缀）→找出相同之处→认出，识别	ident i…s……<br>identify human faces 识别人脸	[派]identification n.鉴定<br>[近]recognize vt.认出	高频词 Word List 4	60
hundred	ˈhʌndrəd	num.一百；许多	hund 一百	hund（一百）+red→一百	hundreds of schools 数百所学校<br>a hundred years ago 一百年前		高频词 Word List 4	60
simultaneous	ˌsɪmlˈteɪnɪəs	a.同时发生（或进行）的；同步的	sim ul 同时	sim ul（同时）+t+-a neo us（形容词后缀）→同时发生（或进行）的	simultaneous challenges 同时出现的挑战<br>be simultaneous with…和……同时发生	[派]simultaneously ad.同时地<br>[近]synchronousa.同时发生的	高频词 Word List 4	60
physician	fɪˈzɪʃn	n.[C]（尤指） 内科医生，医师	physic 自然	physic（自然）+-ian（名词后缀）→帮助他人恢复身体自然状态的人→（尤指）内科医生	a resident physician 住院医生<br>a physician in practice 执业医生		高频词 Word List 4	61
physics	ˈfɪzɪks	n.[U] 物理学	physic 自然	physic（自然）+s→与自然有关的科学→物理学	theoretical physics 理论物理学<br>classical physics 经典物理学	[派] physicist n.物理学家<br>[派] physical a.身体的	高频词 Word List 4	61
fortune	ˈfɔːtʃuːn	n.[U]运气；[C] 财富；大笔的钱；[常用 pl.,U] 命运	fortun 运气	fortun（运气）+e→运气	the fortune todos th.做某事的运气<br>a stroke of fortune 好运	[派]fortunate a.幸运的<br>[近] fate n.命运	高频词 Word List 4	61
premium	ˈpriːmiəm	n.[C]保险费；附加费 a.高昂的；优质的	pre-前；先	pre-（前）+mium（同 em，拿）→拿到最靠前名次的→最优秀的→优质的	an insurance premium 保险费用<br>a high premium 高额附加费	[近] insurance n.保险费<br>[近] superior a.优等的	高频词 Word List 4	61
prestige	preˈstiːʒ	n.[U] 声望；威信 a.令人敬仰的；受尊重的；名贵的	pre-前；先	pre-（前）+stig（触动）+e→在公众前表演使人触动→获得赞誉之词→声望	the prestige of…的声望<br>bestow prestige on……令…享有盛誉	[派]prestigious a.有威望的<br>[近]reputation n.名望	高频词 Word List 4	61
preserve	prɪˈzɜːv	vt.保护，维护；保存；保持 n.[C]保护区；[sing.]专门领域	pre-前；先	pre-（前）+serv（留心）+e→留心某人面前的危险→保护某人的安全→保护	preserve the forest 保护森林<br>preserve a principle 维护原则图	[派]preservation n.保护<br>[近]maintain vt.保持	高频词 Word List 4	62
president	ˈprezɪdənt	n.[C] 总统；校长；院长；总裁	pre-前；先		would like to be a president 想成为总统<br>the vicepresident 副总统	[派]presidency n.主席的职位<br>[派]presidential a.总统的	高频词 Word List 4	62
previous	ˈpriːviəs	a.先前的，以往的; （时间上）稍前的	pre-前；先	pre-（前）+vi（路）+-ous（形容词后缀）→先前走过的路的→先前的	previous research 先前的研究<br>previous success 先前的成功	[派]previously ad.先前；以前<br>[近] prior a.先前的	高频词 Word List 4	62
prevail	prɪˈveɪl	vi.盛行；战胜，压倒；劝服	pre-前；先	pre-（先）+vail（价值）→比先前的事物有价值→存在压倒性优势→压倒	prevail among……在……盛行<br>prevail over…战胜……	[派]prevailing a.盛行的；普遍的<br>[近]triumph vi.战胜	高频词 Word List 4	62
prevent	prɪˈvent	vt.阻止；预防，防止	pre-前；先	pre-（先）+vent（来）→抢先来到→阻止别人→阻止	prevents b……rom doing…止某人做…<br>prevent ones escape 阻止某人逃跑	[派]prevention n.预防；防止<br>[派]preventive a.预防性的；防备的	高频词 Word List 4	62
retain	rɪˈteɪn	vt.保留；保持；聘请（律师等）	tain 拿；握	re-（回）+tain（拿）→拿回来→留在身边→保留	retain information 保留信息<br>retain the ability 保留能力		高频词 Word List 4	63
contain	kənˈteɪn	vt.包含，含有；抑制，克制；防止……蔓延	tain 拿；握	con-（加强意义）+tain（握）→全部握在手里→包含	be contained in…被包含在…中<br>contain an additive 含添加剂	[派]container n.容器；集装箱<br>[近] involve vt.包含	高频词 Word List 4	63
maintain	meɪnˈteɪn	vt.维持；保持；维修	tain 拿；握	main（同 mani，手）+tain（握）→用手一直握住→维持	maintain the relationship 维持关系<br>maintain interest rates 维持利率	[派]maintenance n.维持；维护<br>[近]preserve vt.保持	高频词 Word List 4	63
hinder	ˈhɪndə(r)	vt.阻碍，妨碍；牵制	hind 后面的	hind（后面的）+er→后部的→把某人往后拽→阻碍	be unfortunately hindered 不幸被阻碍<br>hinder the development 阻碍发展	[近]hamper vt.阻碍	高频词 Word List 4	63
technique	tekˈniːk	n.[C]技巧，技艺；方法；[sing., U]技术	technique 技术	本身为词根，表示“技术”	a marketing technique 营销技巧<br>use a technique 运用技巧	[派]technical a.技术的<br>[近]skill n.技巧	高频词 Word List 4	64
diminish	dɪˈmɪnɪʃ	v.（使）减小；（使）减弱 vt.贬低	di-分开；加强意义	di-（分开）+min（小）+-ish（动词后缀）→使分成小块→（使）减小	diminish returns 减少收益<br>rapidly diminish 迅速减少	[近]decrease v.减小<br>[近]be little vt.贬低	高频词 Word List 4	64
diverse	daɪˈvɜːs	a.不同的，相异的；多种多样的	di-分开；加强意义	di-（分开）+vers（转）+e→分开转动的→转至不同方向的→不同的	diverse contexts 不同的背景<br>a diverse set of users 不同的用户	[派]diversion n.转向；转移<br>[近]different a.不同的	高频词 Word List 4	64
distinct	dɪˈstɪŋkt	a.清晰的；明显的；不同种类的；确定无疑的	di-分开；加强意义	di-（分开）+st in ct（刺）→用刺作记号区分开的→清晰的	be quite distinct 清晰易辨<br>get the distinct feeling 有明显的感觉團		高频词 Word List 4	64
distinguish	dɪˈstɪŋgwɪʃ	v.区分，辨别 vt.使有别于；听出	di-分开；加强意义	di-（分开）+sting u（刺）+-ish（动词后缀）→用刺做标记将某事区分开一区分	be distinguished as…被区分为……<br>distinguish A from B 将 A 与 B 区分开	[派]distinguishable a.可区别的<br>[近]differentiate v.区分，辨别	高频词 Word List 4	64
district	ˈdɪstrɪkt	n.[C]地区，区域；区	di-分开；加强意义	di-（加强意义）+strict（束缚）→被束缚的地方一受政府管辖的地方→区	a business district 商业区<br>a financial district 金融区	[近]zone n.地区<br>[近]are an.地区	高频词 Word List 4	65
escape	ɪˈskeɪp	vi.逃走 v.摆脱 vt.未被注意 n.[C,U]逃跑	cap,cip 头；取；抓；握住	es-（向外）+cap（头）+e→将头向外探准备出逃→逃走	escape from sp.从某地逃走<br>escape the rat race 摆脱激烈的竞争	[派] escapism n.逃避现实<br>[近]flee v.逃走	高频词 Word List 4	65
capable	ˈkeɪpəbl	a.有能力，有才能；能干的；足以胜任的	cap,cip 头；取；抓；握住	cap（取）+-able（形容词后缀）→能够取得的→有能力	be capable of doings th.有能力做某事<br>as capableassb.和某人一样有能力	[派]capability n.能力<br>[反]incapable a.无能力的	高频词 Word List 4	65
capacity	kəˈpæsəti	n.[常用 sing, U]能力；容积；[sing, U]生产能力	cap,cip 头；取；抓；握住	cap（取）+-a city（名词后缀）→能够取得→有能力一能力	a capacity to do sth.做某事的能力<br>capacity for empathy 认同能力	[近]competence n.能力<br>[反]in capacity n.无能力	高频词 Word List 4	65
capture	ˈkæptʃə(r)	vt.捕捉；攻占；引|起；赢得 n.[U] 捕获	cap,cip 头；取；抓；握住	cap（抓）+-ture（名词后缀）→抓住→捕获	capture the detail 捕捉细节<br>capture a city 攻占城市		高频词 Word List 4	66
participate	pɑːˈtɪsɪpeɪt	vi 参与，参加	cap,cip 头；取；抓；握住	part（部分）+i+cip（抓）+-ate（动词后缀）→抓住机会成为其中一部分→参与	participate in buildings 参与到建设中<br>participate in the discussion 参与讨论	[派]participant n.参与者<br>[派]participation n.参与	高频词 Word List 4	66
principle	ˈprɪnsəpl	n.[常用 pl.,U]行为准则；[C]原则；原理	cap,cip 头；取；抓；握住	pr in（首要）+cip（握住）+le→把握住首要原则→原则	a set of principles 一系列的准则<br>a matter of principle 准则问题	[派] principled a.原则性强的	高频词 Word List 4	66
proper	ˈprɒpə(r)	a.恰当的，适当的；真正的；正当的	proper 适当的；本身所有的	本身为词根，意为“适当的”	the proper response 恰当的回答<br>the proper solution 恰当的解决方法	[派]properly ad.适当地<br>[近]appropriate a.恰当的	高频词 Word List 4	66
property	ˈprɒpəti	n.[U] 所有物；财产；房地产；[常用 pl.] 特性	proper 适当的；本身所有的	proper（本身所有的）+-ty（名词后缀）→本身所拥有的财物→财产	intellectual property 知识产权<br>personal property 私人财产	[派] propertieda.有财产的<br>[近] possession n.财产	高频词 Word List 4	66
package	ˈpækɪdʒ	n.[C] 包裹；包装盒；一套东西 vt.将…包装好	-age 名词后缀，表物或总称	pack（包襄）+-age（名词后缀）→包襄	a large package 大包裹<br>a package of……包……		高频词 Word List 4	67
beverage	ˈbevərɪdʒ	n.[C] 饮料	-age 名词后缀，表物或总称		a beverage brand 饮料品牌<br>a beverage ingredient 饮料成分		高频词 Word List 4	67
utility	juːˈtɪləti	n.[U] 实用；效用；[C] 公用事业	-ity 名词后缀，表性质或抽象概念	util（用）+-ity（名词后缀）→实用	on the basis of utility 基于实用性<br>limited practical utility 有限的实用价值	[派]utilitarianismn.功利主义<br>[近]usefulness n.实用	高频词 Word List 4	67
quality	ˈkwɒləti	n.[C,U] 品质;质量;特质;[U] 优质；[C] 人品	-ity 名词后缀，表性质或抽象概念	qual（性质）+-ity（名词后缀）→事物的性质→品质	high quality staff 高品质员工<br>the quality of life 生活质量	[派] qualitative a.质量的<br>[近]character n.品质	高频词 Word List 4	67
celebrity	səˈlebrəti	n.[C]名人；明星；[U]名望，名誉	-ity 名词后缀，表性质或抽象概念	celebr（荣誉）+-ity（名词后缀）→享有荣誉的人→名人	an online celebrity 网络名人<br>a celebrity chef 名厨国	[近]personality n.名人<br>[近]fame n.名望	高频词 Word List 4	67
authority	ɔːˈθɒrəti	n.[U]权力；权威；授权；[C]专家；[常用 pL.] 当局	-ity 名词后缀，表性质或抽象概念	author（领袖）+-ity（名词后缀）一领袖拥有的力量-→权力	the authority to dos th.做某事的权力<br>uphold ones authority 维护某人的权威	[派]authoritative a.权威性的<br>[近]power n.权力	高频词 Word List 4	68
community	kəˈmjuːnəti	n.[sing.]社区；[C] 团体，群体；界	-ity 名词后缀，表性质或抽象概念	com-（一起）+mun（公共）+-ity（名词后缀）→一起生活的公共区域→社区	community care 社区护理<br>a community service 社区服务	[近] group n.团体	高频词 Word List 4	68
electricity	ˌɪlekˈtrɪsəti	n.[U] 电，电能	-ity 名词后缀，表性质或抽象概念	elect r（电）+-ic（形容词后缀）+-ity（名词后缀）→电，电能	average electricity 平均用电量<br>coal-powered electricity 燃煤发电国		高频词 Word List 4	68
metabolism	məˈtæbəlɪzəm	n.[C,U]新陈代谢	-ism 名词后缀，表现象或抽象概念	meta-（改变）+bol（抛）+-ism（名词后缀）→抛旧迎新做改变→新陈代谢	a regular metabolism 正常的新陈代谢<br>change metabolism 改变新陈代谢		高频词 Word List 4	68
journalism	ˈdʒɜːnəlɪzəm	n.[U]新闻报道；新闻工作	-ism 名词后缀，表现象或抽象概念	journ（一天）+al+-ism（名词后缀）→播报各地每天发生的事情→>新闻报道	read journalism 阅读新闻<br>world-class journalism 世界一流的新闻	[派]journalist n.新闻记者<br>[派] journalistic a.新闻业的	高频词 Word List 4	68
reputation	ˌrepjuˈteɪʃn	n.[C,U] 名声，声誉	-ation 名词后缀，表行为的结果或状态	re-（再）+put（思考）+-ation（名词后缀）→一再思考怎样能有一个好名声→名声，声誉	a good reputation 好名声<br>have a reputation for……闻名		高频词 Word List 4	69
foundation	faʊnˈdeɪʃn	n.[C,U]基础；根据；[常用 pL]地基；[C]基金会	-ation 名词后缀，表行为的结果或状态	found（基础）+-ation（名词后缀）→基础	supply a foundation 提供基础<br>a solid foundation 坚实的基础	[近] base n.基础<br>[近] basis n.基础	高频词 Word List 4	69
agent	ˈeɪdʒənt	n.[C]代理人，经纪人；原动力；间谋	-ent 名词后缀，表人或物形容词后缀，……的	ag（做）+-ent（名词后缀）→做代理的人→代理人，经纪人	a well-trained agent 训练有素的代理人<br>a forwarding agent 运输代理	[派]agency n.代理机构<br>[近] deputy n.代理人	高频词 Word List 4	69
component	kəmˈpəʊnənt	n.[C]组成部分；成分；部件 a.组成的，构成的	-ent 名词后缀，表人或物形容词后缀，……的	com-（一起）+pon（放置）+-ent（名词后缀）→可放到一起组成整体的东西→组成部分	the components of s th.某物的组成部分<br>a crucial component 关键组成部分	[近]constituent n.成分	高频词 Word List 4	69
continent	ˈkɒntɪnənt	n.[C]大陆；洲	-ent 名词后缀，表人或物形容词后缀，……的	con-（加强意义）+tin（持）+-ent（名词后缀）一持有一块完整的土地→引申为“大陆”	the coldest continent 最冷的大陆<br>migrate from a continent 从大陆迁徙	[派]continental a.大陆的	高频词 Word List 4	70
ancient	ˈeɪnʃənt	a.古老的；古代的 n.[pl.] [the~] 古代人	-ent 名词后缀，表人或物形容词后缀，……的	anci（古老）+-ent（形容词后缀）→古老的	an ancient festival 古老的节日<br>an ancient ruin 古代遗址	[派] anciently ad. 以往<br>[近] old a.古老的	高频词 Word List 4	70
consistent	kənˈsɪstənt	a.一致的；持续的；一贯的；始终如一的	-ent 名词后缀，表人或物形容词后缀，……的	con-（一起）+s is t（站立）+-ent（形容词后缀）→站在一起的→立场一致的→一致的	the consistent claims 一致的要求<br>be consistent with s th.与某物相一致	[派] consistency n. 一致性<br>[派]consistently ad.一致地	高频词 Word List 4	70
frequent	ˈfriːkwənt	a.频繁的；经常发生的[frikwent]vt.常去	-ent 名词后缀，表人或物形容词后缀，……的	f re qu（经常的）+-ent（形容词后缀）→经常去某个地方的→频繁的	frequent use of……的频繁使用<br>frequent tasks 频繁的任务	[近]continual a.频繁的<br>[反]infrequent a.不常发生的	高频词 Word List 4	70
illiterate	ɪˈlɪtərət	n.[C] 文盲 a.不识字的；外行的	il-,im-,in-不；入，进入；内，向内；使……；加强意义	il-（不）+liter（文字）+-ate（形容词后缀）→不识字的	for an illiterate 对文盲来说<br>a young illiterate 青年文盲	[派] illiteracy n.文盲<br>[反]literate a.有读写能力的	高频词 Word List 4	70
import	ˈɪmpɔːt	vt.进口[mpo:t]n.[常用 pl.,U]进口	il-,im-,in-不；入，进入；内，向内；使……；加强意义	im-（进入）+port（港口）→商品进入港口→进口	need to imports th.需要进口某物<br>be imported from sp.从某地进口		高频词 Word List 4	71
imply	ɪmˈplaɪ	vt.暗示；表明；意味着	il-,im-,in-不；入，进入；内，向内；使……；加强意义	im-（向内）+ply（折叠）→折入其中，隐含于其中→暗示	seem to imply s th.似乎暗示某事<br>imply the end 暗示结局	[派] implication n.暗示<br>[近] suggest vt.暗示	高频词 Word List 4	71
improve	ɪmˈpruːv	v.提高；改善，改进	il-,im-,in-不；入，进入；内，向内；使……；加强意义	im-（使……）+pro v（测试）+e→经过测试一步步修改→改善，改进	improve productivity 提高生产力<br>improve quality 提高质量	[派]improvement n.改进<br>[近] enhance vt.提高	高频词 Word List 4	71
independent	ˌɪndɪˈpendənt	a.独立的	il-,im-,in-不；入，进入；内，向内；使……；加强意义	in-（不）+de-（向下）+p end（悬挂）+-ent（形容词后缀）→不用悬挂在某物下的→独立的	be independent of sth.独立于某物<br>an independent commission 独立委员会	[派] independence n.独立<br>[反]dependent a.依靠的，依赖的	高频词 Word List 4	71
infant	ˈɪnfənt	n.[C]婴儿;幼儿 a.初期的	il-,im-,in-不；入，进入；内，向内；使……；加强意义	in-（不）+fant（说）→刚刚出生的不会说话的孩子→婴儿	a newborn infant 新生婴儿<br>disturb infants sleep 干扰婴儿的睡眠	[派]infantile a.孩子气的<br>[派] infancy n. 婴儿期	高频词 Word List 4	71
invest	ɪnˈvest	v.投资；投入 vt.赋予	il-,im-,in-不；入，进入；内，向内；使……；加强意义	in-（入）+vest（衣服）→把衣服里的钱都投入事业→投资	invest one's saving 投资某人的积蓄<br>allow sb.to invest 允许某人投资	[派]investment n.投资	高频词 Word List 4	72
inspire	ɪnˈspaɪə(r)	vt.鼓舞；激励；启发；激起，唤起	il-,im-,in-不；入，进入；内，向内；使……；加强意义	in-（入）+spir（呼吸）+e→吸入气息，注入精神力量→鼓舞	inspire the team 鼓舞团队<br>inspire sb.to do sth.激励某人做某事	[派] inspiring a.鼓舞人心的<br>[近]stimulate vt.激励	高频词 Word List 4	72
insight	ɪnˈsaɪt	n.[C,U] 深入了解，深刻见解；[U] 洞察力;领悟	il-,im-,in-不；入，进入；内，向内；使……；加强意义	in-（进入）+sight（眼光）一用眼去认真看才能深入了解→深入了解，深刻见解	ofer insight int…深入了解…<br>a valuable insight 宝贵的见解	[派] insightful a.富有洞察力的<br>[近] perception n.洞察力	高频词 Word List 4	72
ingredient	ˈɪŋgriːdiənt	n.[C] 成分；原料；要素，因素	il-,im-,in-不；入，进入；内，向内；使……；加强意义	in-（进入）+g red（走）+i+-ent（名词后缀）→走进去成为其中的一部分→成分	contain an ingredient 含有一种成分国<br>label ingredients 标记成分国	[近]element n.要素<br>[近]factor n.要素；因素	高频词 Word List 4	72
intend	ɪnˈtend	v.打算，准备 vt.被用于；意指	il-,im-,in-不；入，进入；内，向内；使……；加强意义	in-（内）+tend（伸展）→想法由内心伸展出来→打算	intend doings th.打算做某事<br>intends b.todos th.打算让某人做某事	[派]intended a.打算的<br>[近] propose vt.打算	高频词 Word List 4	72
intensive	ɪnˈtensɪv	a.集中的；密集的；彻底的；集约的	il-,im-,in-不；入，进入；内，向内；使……；加强意义	in-（向内）+tens（延伸）+-ive（形容词后缀）→向内延伸的→集中到一起的→集中的	intensive training 集中训练<br>an intensive settlement 密集的定居点		高频词 Word List 4	73
inner	ˈɪnə(r)	a.内部的，里面的；内心的	il-,im-,in-不；入，进入；内，向内；使……；加强意义	in-（向内）+n+-er（形容词后缀）→向内的→里面的	an inner courtyard 内院<br>the inner ear 内耳	[近]internal a.内部的，里面的<br>[反]outer a.外面的	高频词 Word List 4	73
insure	ɪnˈʃʊə(r)	vt.为……提供保险	il-,im-,in-不；入，进入；内，向内；使……；加强意义	in-（使……）+sur（确信）+e 一使人确信自己的安全有所保障一投保	in sure one'scar 给某人的车投保<br>in sure the property 给房产投保		高频词 Word List 4	73
enquire	ɪnˈkwaɪə(r)	v.询问，打听 vi.调查	il-,im-,in-不；入，进入；内，向内；使……；加强意义	en-（加强意义）+quir（询问）+e→询问	enquire the cause 询问理由<br>enquire about sth.询问某事		高频词 Word List 4	73
insect	ˈɪnsekt	n.[C] 昆虫	il-,im-,in-不；入，进入；内，向内；使……；加强意义	in-（加强意义）+sect（切割）一身体被分割成节状的虫子→昆虫	study insects 研究昆虫<br>a jungle insect 丛林昆虫		高频词 Word List 4	73
intense	ɪnˈtens	a.强烈的；激烈的，热切的	il-,im-,in-不；入，进入；内，向内；使……；加强意义	in-（加强意义）+tens（延伸）+e→不断延伸的→程度很高的→强烈的	become intense 变得强烈<br>intense stress 强烈的压力		高频词 Word List 4	74
volume	ˈvɒljuːm	n.[C,U]量；体积;[U] 音量；[C] （书籍的）卷	vol 卷	vol（卷）+ume→（书籍的）卷	a large volume of sth.大量的某物<br>the volume of traffic 交通量		高频词 Word List 5	75
slip	slɪp	vi.溜；滑倒 vt.悄悄塞 n.[C]差错；纸条	sl 滑的	sl（滑的）+ip→滑倒	slip away 溜走<br>slip out of sp.从某处溜走		高频词 Word List 5	75
employ	ɪmˈplɔɪ	vt.雇用；采用	ploy 用	em-（使…）+ploy（用）→使人才得到录用→雇用	employ teams of people 雇用大量人才<br>employ a worker 雇用工人	[派] employer n.雇主<br>[近]hire v.雇用	高频词 Word List 5	76
unemployed	ˌʌnɪmˈplɔɪd	a.失业的	ploy 用	un-（不）+em-（使……）+ploy（用）+-ed（形容词后缀）→未被录用的→失业的	unemployed benefits 失业津贴<br>remain unemployed 仍然失业	[派]unemployment n.失业<br>[近]jobless a.失业的	高频词 Word List 5	76
antibiotic	ˌæntibaɪˈɒtɪk	n.[常用 pl]抗生素 a.抗生的	bio 生物	anti-（抗）+bio（生物）+-tic（形容词后缀）→抗生的	take antibiotics 服用抗生素<br>prescribe antibiotics 开抗生素处方		高频词 Word List 5	76
spread	spred	v.传播 vt.展开 n.[U]传播	spr 散开	spr（散开）+ead→散布→传播	spread knowledge 传播知识<br>spread…to sp 将…传播到某地	[派]spreader n.散布机<br>[近]transmit vt.传播	高频词 Word List 5	76
inertia	ɪˈnɜːʃə	n.[U] 惯性；情性；缺乏活力	art 关节	in-（没有）+ert（同 art，关节）+-ia（名词后缀）→没有关节→不动→情性	a huge amount of inertia 巨大的惯性<br>energy system inertia 能源系统的惯性		高频词 Word List 5	77
neglect	nɪˈglekt	vt.忽视，忽略 n.[U]忽视	lect 选择	neg-（否定）+lect（选择）→未做出选择→忽视	neglect these areas 忽视这些方面<br>neglect indicators 忽视指标		高频词 Word List 5	77
intellectual	ˌɪntəˈlektʃuəl	a.智力的；才智的	lect 选择	intel-（中间）+lect（选择）+-ual（形容词后缀）→从中选出好的→有鉴别力的→智力的	high intellectual abilities 高智商<br>intellectual aptitude 智力天赋	[派]intellectually ad.理智地<br>[近]mental a.智力的	高频词 Word List 5	77
sort	sɔːt	n.[C]类别，种类；[常用 sing.]某种人 vt.把……分类；安排妥当	sort 种类	本身为词根，表示“种类”	sorts of events 事情类别<br>all sorts of……各种各样的…	[近] category n.类别<br>[近]kind n.种类	高频词 Word List 5	77
personnel	ˌpɜːsəˈnel	n.[pl]全体人员，职员；[U]人事部门	person 人	person（人）+n+-el（名词后缀）一某一部门的所有人→全体人员	administrative personnel 管理人员<br>military personnel 军事人员	[近]staff n.全体职工	高频词 Word List 5	77
plenty	ˈplenti	pron.大量 ad.大量；非常 n.[U] 充裕	p len 装满	p len（装满）+ty→需要大量的东西来装满→大量	plenty of people 许多人<br>plenty of answers 许多答案		高频词 Word List 5	78
strive	straɪv	vi.努力；奋斗；争取	striv 竞争	striv（竞争）+e→参与竞争→努力	strive to dos th.努力做某事<br>strive for s th.为某事努力	[近] struggle vi 努力；奋斗<br>[近]endeavour vt.努力	高频词 Word List 5	78
memorandum	ˌmeməˈrændəm	（亦作 memo）n.[C]备忘录	memor 记	memor（记）+and um→帮助记忆的东西→备忘录	write a memorandum 写备忘录<br>a memorandum of……的备忘录		高频词 Word List 5	78
strain	streɪn	n.[C,U] 压力;紧张;[C] 品种 vt.拉伤	strain 拉紧	本身为词根，表示“拉紧”→压力	put as train on sb.给某人形成压力<br>break under the strain 拉断	[派]strained a.紧张的<br>[近]stress n.压力	高频词 Word List 5	78
century	ˈsentʃəri	n.[C] 世纪	cent 百；歌	cent（百）+ury→一百年为一个世纪→世纪	the21st century21 世纪<br>half a century 半个世纪		高频词 Word List 5	79
incentive	ɪnˈsentɪv	n.[C,U] 激励；刺激；动力	cent 百；歌	in-（加强意义）+cent（歌）+-ive（名词后缀）→通过唱歌振奋人心→激励	a price incentive 价格激励<br>an incentive for sb.对某人的激励	[近]stimulus n.刺激<br>[近]motivation n.动力	高频词 Word List 5	79
contrast	ˈkɒntrɑːst	n.[C,U]明显的差异；对比[kant ra:st]v.对比	contra-相反	contra-（相反）+st（放置）→将相反的观点放在一起做对比→对比	an obvious contrast 明显的差异<br>make a contrast to……与…形成对比	[派]contrastivea.作对比研究的<br>[近]distinction n.对比	高频词 Word List 5	79
contrary	ˈkɒntrəri	a.相反的；截然不同的；相对立的 n.[sing]相反的事实；反面	contra-相反	con tr（同 contra-，相反）+-ary（形容词后缀）一相反的	contrary to s th.与某物相反<br>a contrary view 截然不同的看法	[近] opposite a.相反的<br>[近]inverse a.相反的	高频词 Word List 5	79
vision	ˈvɪʒn	n.[U]视力；视觉；视野；远见卓识；[C]幻想	vis 看见；分开	vis（看见）+-ion（名词后缀）→看东西的能力→视力	excellent vision 视力很好<br>a vision sensor 视觉传感器国	[派]visual a.视力的<br>[近] eyesight n.视力	高频词 Word List 5	79
visual	ˈvɪʒuəl	a.视觉的，视力的 n.[C]视觉资料	vis 看见；分开	vis（看见）+-ual（形容词后缀）一能用眼晴看见的一视觉的	a rich visual hint 丰富的视觉暗示<br>a visual appearance 视觉效果国	[派]vision n.视力<br>[派] visually ad. 外观上	高频词 Word List 5	80
device	dɪˈvaɪs	n.[C]装置；设备；手段	vis 看见；分开	de-（加强意义）+vic（同 vis，分开）+e→机器中可拆分开的物件→装置	use the devices 使用装置園<br>a given device 指定设备園	[近] apparatus n.装置<br>[近] equipment n.设备	高频词 Word List 5	80
plane	pleɪn	n.[C] 飞机；平面 a.平的	plan 平坦；行星	plan（平坦）+e→平坦的面→平面	get off a plane 下飞机<br>get on a plane 登机		高频词 Word List 5	80
planet	ˈplænɪt	n.[C]行星；[sing.][the~]地球	plan 平坦；行星	plan（行星）+-et（名词后缀）→行星	live on other planets 生活在其他星球上<br>a distant planet 遥远的行星	[派] planetary a.行星的	高频词 Word List 5	80
union	ˈjuːniən	n.[C]工会；协会；联盟；[U]联合	uni 一个；单一	uni（一个）+-on（名词后缀）→所有工人联合为一个组织→工会	the power of a union 工会的权利<br>a union member 工会成员	[派]unionization n.加入公会<br>[近]unity n.联合	高频词 Word List 5	80
universe	ˈjuːnɪvɜːs	n.[C]（已知宇宙之外的）宇宙；[sing.]宇宙；经验领域	uni 一个；单一	uni（一个）+verse（旋转）一世间万物旋转运动构成的统一体→宇宙	a parallel universe 平行宇宙<br>a little universe 小天地	[派]universala.全世界的；普遍的	高频词 Word List 5	81
unique	juːˈniːk	a.唯一的，独一无二；独特的；特有的	uni 一个；单一	uni（单一）+-que（形容词后缀）→单一的→只有一个的→唯一的	be unique in sp.在某地是唯一的<br>a unique textile 独一无二的纺织品	[派]uniqueness n.唯一性；独特性<br>[近]individual a.独特的	高频词 Word List 5	81
phenomenon	fəˈnɒmɪnən	n.[C] （pl.phenomena)现象	phenom eno 显示	phenom eno（显示）+n→事物显示出来的情况→现象	a psychological phenomenon 心理现象<br>a weather phenomenon 天气现象		高频词 Word List 5	81
phase	feɪz	n.[C] 阶段，时期 vt.逐步做	p has 显示；显现	p has（显示）+e→显示事情发展的时间段→阶段	a recovery phase 恢复阶段<br>a critical phase 关键阶段	[近] stage n.阶段	高频词 Word List 5	81
emphasis	ˈemfəsɪs	n.[C,U]强调；重视；重点	p has 显示；显现	em-（使……）+p has（显现）+is 一使突显出来→强调	put an emphasis on sth.强调某事<br>a special emphasis 特别强调	[派] emphasize vt.强调<br>[近]stress n.强调	高频词 Word List 5	81
constitute	ˈkɒnstɪtjuːt	v.-link.构成，组成；被视为 vt.成立	st it ut 创建；建立	con-（共同）+st it ut（创建）+e 一由各部分共同构建而成一构成	constitute the component 构成要素<br>constitute an impact 造成影响		高频词 Word List 5	82
institute	ˈɪnstɪtjuːt	n.[C] 协会； （研究）所；学院 v.制定	st it ut 创建；建立	in-（向内）+st it ut（建立）+e→在内部建立一个组织→协会	the director of the institute 协会会长<br>work for an institute 为协会工作	[派]institution n.机构<br>[近] academy n.学院	高频词 Word List 5	82
institution	ˌɪnstɪˈtjuːʃn	n.[C] 机构；慈善机构；制度；[U] 建立	st it ut 创建；建立	in-（向内）+st it ut（建立）+-ion（名词后缀）→在内部建立一个组织→机构	an educational institution 教育机构国<br>a financial institution 金融机构	[派]institutional a.机构的<br>[近] system n.制度	高频词 Word List 5	82
engineer	ˌendʒɪˈnɪə(r)	n.[C]工程师 vt.设计制造；（I 巧妙或间接地）安排	gen,gene r 产生;出生	en-（使……）+gin（同 gen，产生）+-eer（名词后缀）→使某物产生的人→工程师	an ecosystem engineer 生态工程师<br>an aeronautical engineer 航空工程师	[派]engineering n.工程学	高频词 Word List 5	82
gene	dʒiːn	n.[C] 基因	gen,gene r 产生;出生	gen（出生）+e→出生时从父母身上遗传的东西→基因	the activity of a gene 基因活动<br>regulate a gene 调节基因园	[派]genetic a.基因的	高频词 Word List 5	83
generate	ˈdʒenəreɪt	vt.产生；引|起	gen,gene r 产生;出生	词 gene r（产生）+-ate（动词后缀）→产生	generate steam 产生蒸汽<br>generate electricity 发电	[派]generation n.一代人<br>[近]cause vt.引起	高频词 Word List 5	83
generation	ˌdʒenəˈreɪʃn	n.[C]一代（人）；[U] 产生	gen,gene r 产生;出生	gene r（出生）+-ation（名词后缀）→同一个年代出生的人一代（人）	a new generation of…新一代的……<br>previous generations 前儿代人	[派]generational a.一代的	高频词 Word List 5	83
promise	ˈprɒmɪs	v.承诺 vt.预示 n.[C]诺言，承诺；[U]获得成功的迹象	mis,mit,miss,mitt 送；派 mis-错误	pro-（前）+mis（送）+e→在做事之前送出的话→承诺	promise todos th.承诺做某事<br>promise from the heart 发自内心地承诺	[派]promising a.有希望的<br>[近]commitment n.承诺	高频词 Word List 5	83
commit	kəˈmɪt	vt.犯（罪或错等）；自杀；承诺，保证；投入 vi.致力于	mis,mit,miss,mitt 送；派 mis-错误	com-（加强意义）+mit（送）→保证把东西送到一承诺	commit a crime 犯罪<br>commit suicide 自杀	[派]commitment n.承诺<br>[近] promise v.承诺	高频词 Word List 5	83
mission	ˈmɪʃn	n.[C]任务；使命；布道	mis,mit,miss,mitt 送；派 mis-错误	miss（派）+-ion（名词后缀）→派人去做的事情一任务	a primary mission 首要任务<br>lose sight of a mission 忽视任务	[派]missionary n.传教士<br>[近]assignment n.任务	高频词 Word List 5	84
commission	kəˈmɪʃn	n.[C]委员会；受托之事；[C,U]佣金 vt.委托；委任	mis,mit,miss,mitt 送；派 mis-错误	com-（共同）+miss（派）+-ion（名词后缀）→受委派的人共同组成的机构→委员会	chaim an of the commission 委员会主席国<br>an independent commission 独立委员会	[近]committee n.委员会<br>[近]council n.委员会	高频词 Word List 5	84
committee	kəˈmɪti	n.[C]委员会	mis,mit,miss,mitt 送；派 mis-错误	com-（共同）+mitt（派）+-ee（名词后缀）一受委派的人共同组成的机构一委员会	form a committee 成立委员会<br>a promotion committee 晋升委员会	[近]commission n.委员会<br>[近]council n.委员会	高频词 Word List 5	84
mislead	ˌmɪsˈliːd	vt.误导	mis,mit,miss,mitt 送；派 mis-错误	mis-（错误）+lead（引导）→给予错误的引导→误导	misleads b.todos th.误导某人做某事<br>be deliberately misled 被故意误导	[派]misleading a.误导性的<br>[近]deceive vt.误导	高频词 Word List 5	84
colleague	ˈkɒliːg	n.[C] 同事，同僚	col-,com-,con-共同；一起；加强意义	col-（共同）+lea g（同 lig，约束）+ue→被同一公司制度所约束的人→同事	admire a colleague 欣赏同事<br>have lunch with a colleague 与同事吃饭	[近]work mate n.同事<br>[近]associate n.同事	高频词 Word List 5	84
collective	kəˈlektɪv	a.集体的；总体的；共同的 n.[C]企业集	col-,com-,con-共同；一起；加强意义	col-（共同）+lect（选择）+-ive（形容词后缀）→大家共同选择的→集体的	a collective action 集体行动<br>collective capacity 集体力量国	[派]collectively ad.全体地；共同地<br>[派]corporate a.共同的	高频词 Word List 5	85
collapse	kəˈlæps	vi.倒塌，倒下 n.[常用 sing, U]崩溃；[U]倒塌；[常用 sing]暴跌	col-,com-,con-共同；一起；加强意义	col-（加强意义）+laps（滑，落）+e→所有东西从高处滑落→倒塌	the co.l lapse of……的倒塌园<br>collapse on the s of a 倒在沙发上	[派]collapsed a.倒塌的；暴跌的	高频词 Word List 5	85
combine	kəmˈbaɪn	v.（使）结合，联合 vt.兼有	col-,com-,con-共同；一起；加强意义	com-（一起）+bin（两个）+e→使两方联合在一起→（使）结合	combine…int……使…结.成……<br>combine with s th.与某物结合	[派]combination n.结合，联合<br>[派]combined a.联合的；共同的	高频词 Word List 5	85
comprehensive	ˌkɒmprɪˈhensɪv	a.全面的；综合性的；详尽的	col-,com-,con-共同；一起；加强意义	com-（一起）+pre hens（抓住）+-ive（形容词后缀）→全部抓住的→全面的	a comprehensive approach 全面的方法 園<br>a comprehensive report 全面的报道	[派]comprehension n.理解力<br>[近]overall a.全面的；综合的	高频词 Word List 5	85
compel	kəmˈpel	vt.强迫；使必须；引|起	col-,com-,con-共同；一起；加强意义	com-（加强意义）+pel（推动）→在不情愿的情况下被推上去→强迫	be compelled by sb.被某人强迫<br>compel sb.todo sth.强迫某人做某事		高频词 Word List 5	85
complete	kəmˈpliːt	vt.完成；使完整 a.完全的，彻底的；完整的；包括	col-,com-,con-共同；一起；加强意义		complete degree 完成学位<br>complete a sentence 使句子完整	[派]completion n.完成<br>[派]completely ad.彻底地	高频词 Word List 5	86
contract	ˈkɒntrækt	n.[C]合同[kant rae kt]vt.签订合同 v.（使）收缩	col-,com-,con-共同；一起；加强意义	con-（共同）+tract（拉）→把双方拉到一起签订共同遵守的条文→合同	sign a contract with sb.与某人签订合同<br>an annual contract 年度合同		高频词 Word List 5	86
contest	ˈkɒntest	n.[C]比赛，竞赛；竞争[kan'test]vt.争取赢得（比赛、选举等）	col-,com-,con-共同；一起；加强意义	con-（一起）+test（测试）→一起测试→比赛	a singing contest 歌咏比赛<br>enter a contest 参加比赛	[派]contestant n.比赛者<br>[近]competition n.比赛	高频词 Word List 5	86
conflict	ˈkɒnflɪkt	n.[C,U]冲突；战斗[kan'flikt]vi.冲突	col-,com-,con-共同；一起；加强意义	con-（一起）+flict（打击）→因争执而一起打斗→冲突	a conflict of interest 利益冲突<br>a potential conflict 潜在冲突	[派]conflicting a.冲突的<br>[近]clash n.冲突	高频词 Word List 5	86
congress	ˈkɒŋgres	n.[C]代表大会；[C-]国会	col-,com-,con-共同；一起；加强意义	con-（一起）+gress（走）→代表们走到一起来开会→代表大会	an international congress 国际代表大会<br>an annual congress 年会	[派]congressional a.代表大会的<br>[近]parliament n.国会	高频词 Word List 5	86
concept	ˈkɒnsept	n.[C] 概念；想法	col-,com-,con-共同；一起；加强意义	con-（加强意义）+ce pt（拿）一拿来描述事物特征的文字→概念	an abstract concept 抽象概念<br>introduce a concept 介绍概念		高频词 Word List 5	87
conclude	kənˈkluːd	vt.得出结论；达成（协议）v.结束	col-,com-,con-共同；一起；加强意义	con-（加强意义）+clud（关）+e→关门结束活动→结束	conclude…fro……．……得…<br>conclude a treaty 达成协定		高频词 Word List 5	87
conduct	kənˈdʌkt	vt.组织；进行；引|导[kpndAkt]n.[U]行为；实施办法	col-,com-,con-共同；一起；加强意义	con-（加强意义）+duct（引导）→有条理地引导一组织	conduct a series of…组织一系列…<br>conduct an experiment 进行实验	[派]conductor n.指挥<br>[近]behaviour n.行为	高频词 Word List 5	87
confine	kənˈfaɪn	vt.限制，限定； 监禁 监票	col-,com-,con-共同；一起；加强意义	con-（加强意义）+fin（界限）+e→设置界限→限制	confine the conflict 限制冲突<br>confines th.within…把某物限制在……	[派]confinement n.监禁<br>[近]restrict vt.限制	高频词 Word List 5	87
connect	kəˈnekt	v.连接 vt.联系	col-,com-,con-共同；一起；加强意义	con-（加强意义）+nec t（连接）→连接	connect A to/with B 连接 A 和 B<br>connect the world 连接全世界	[派]connection n.连接；联系<br>[反]disconnect vt.切断	高频词 Word List 5	87
conquer	ˈkɒŋkə(r)	vt.征服；战胜；克服，攻克；控制	col-,com-,con-共同；一起；加强意义	con-（加强意义）+quer（寻求）→寻求到所有想要的→征服	conquer the market 征服市场<br>be conquered by…被……征服	[派]conqueror n.征服者<br>[近] defeat vt.战胜	高频词 Word List 5	88
consume	kənˈsjuːm	vt.消费；消耗；喝；使充满；烧毁	col-,com-,con-共同；一起；加强意义	con-（加强意义）+sum（买）+e 一买东西→消费	a consume structure 消费结构<br>consume energy 消耗能源国	[派]consumer n.消费者<br>[近]spend vt.消耗	高频词 Word List 5	88
contact	ˈkɒntækt	n.[U]接触；联系；[常用 pl.]人际关系 vt.联系	col-,com-,con-共同；一起；加强意义	con-（加强意义）+tact（接触）→接触	closer contact 更密切的接触<br>in contact with sb.与某人取得联系		高频词 Word List 5	88
content	ˈkɒntent	n.[pl] 内容；目录；[sing.]主要内容；含量[kon tent]a.满意的	col-,com-,con-共同；一起；加强意义	con-（加强意义）+tent（握）→一本书中需掌握的部分→主要内容	search through contents 搜寻内容<br>a table of contents 目录	[派]contentment n.满意<br>[近]satisfactory a.令人满意的	高频词 Word List 5	88
continue	kənˈtɪnjuː	v.继续，持续	col-,com-,con-共同；一起；加强意义	con-（加强意义）+tin（持）+ue→一直维持当前状态→继续	continue drinking coffee 继续喝咖啡<br>continue to ignore sth.继续忽视某事	[派]continuous a.不断的<br>[近]resume vt.继续	高频词 Word List 5	88
consequence	ˈkɒnsɪkwəns	n.[C]后果，结果；影响；[U]重要性	-ence 名词后缀，表状态、行为或性质	con-（加强意义）+sequ（跟随）+-ence（名词后缀）→随之而来的东西→后果	have a consequence 产生后果<br>take the consequence 承担后果	[派]consequent a.随之发生的<br>[近]result n.后果，结果	高频词 Word List 5	89
conference	ˈkɒnfərəns	n.[C]会议，研讨会；正式商谈	-ence 名词后缀，表状态、行为或性质	con-（一起）+fer（携带）+-ence（名词后缀）→带上文件一起参加会议→会议	a press conference 新闻发布会園<br>attend a conference 参加会议国	[近] meeting n.会议<br>[近]workshop n.研讨会	高频词 Word List 5	89
confidence	ˈkɒnfɪdəns	n.[U] 信心；信任；自信	-ence 名词后缀，表状态、行为或性质	con-（加强意义）+fid（信任）+-ence（名词后缀）→信任	with complete confidence 完全有信心<br>have confidence in s th.对某事有信心	[派]confidential a.机密的<br>[近] faith n.信心	高频词 Word List 5	89
epidemic	ˌepɪˈdemɪk	n.[C]流行病；盛行	-ic 名词后缀，表抽象名词形容词后缀，……的	epi-（在之间）+dem（人民）+-ic（名词后缀）→人群中广泛感染的疾病→流行病	suffer from an epidemic 患流行病<br>the spread of epidemic 流行病的传播	[近]pandemic n.流行病	高频词 Word List 5	89
tactic	ˈtæktɪk	n.[常用 pl.]策略；[pl]战术	-ic 名词后缀，表抽象名词形容词后缀，……的	tact（手法）+-ic（名词后缀）一做某事的方法→策略	similar tactics 相似的策略国<br>discuss tactics 讨论策略	[派]tactical a.战术上的<br>[近] strategy n.策略	高频词 Word List 5	89
statistic	stəˈtɪstɪk	n.[pl.]统计数字；[C]（一项）统计数据；[U][-s]统计学	-ic 名词后缀，表抽象名词形容词后缀，……的	Statist（统计）+-ic（名词后缀）一统计数字	official statistics 官方的统计数字<br>be included in statistics 纳入统计数据	[派]statistical a.统计的	高频词 Word List 5	90
demographic	ˌdeməˈgræfɪk	a.人口统计（学）的 n.[C]人群	-ic 名词后缀，表抽象名词形容词后缀，……的	demo（人民）+graph（写）+-ic（形容词后缀）→记录人口总数的→人口统计（学）的	a demographic transition 人口统计学变革<br>a demographic characteristic 人口学特征		高频词 Word List 5	90
chronic	ˈkrɒnɪk	a.长期的；慢性的	-ic 名词后缀，表抽象名词形容词后缀，……的	chron（时间）+-ic（形容词后缀）→长时间的一长期的	a chronic inflammation 长期炎症<br>endure chronic adversity 长期忍受困境	[派]chronically ad.长期地<br>[反]acute a.急性的	高频词 Word List 5	90
dynamic	daɪˈnæmɪk	a.充满活力的；动态的 n.[pl.]动态；[U] [-s] 力学	-ic 名词后缀，表抽象名词形容词后缀，……的	dynam（力量）+-ic（形容词后缀）→有力量的→充满活力的	a dynamic personality 充满活力的个性<br>dynamic change 动态变化	[派] dynamism n.活力<br>[近] energetic a.充满活力的	高频词 Word List 5	90
ethnic	ˈeθnɪk	a.民族的；种族的；具有民族特色的	-ic 名词后缀，表抽象名词形容词后缀，……的	ethn（民族）+-ic（形容词后缀）一民族的	an ethnic group 民族<br>the ethnic populations 各民族人口	[派] ethnically ad.民族上<br>[近]racial a.种族的	高频词 Word List 5	90
organic	ɔːˈgænɪk	a.有机的；有机物的；器官的	-ic 名词后缀，表抽象名词形容词后缀，……的		organic farming 有机农业<br>an organic section 有机区	[派]organically ad.有机地<br>[派] organization n.组织	高频词 Word List 5	91
plastic	ˈplæstɪk	n.[常用 pl.,U] 塑料;[U] 信用卡 a.塑料的；可塑的；做作的	-ic 名词后缀，表抽象名词形容词后缀，……的	p last（模式）+-ic（形容词后缀）→可以塑造成各种模式的→可塑的	hard plastics 硬塑料<br>every piece of plastic 每一张信用卡		高频词 Word List 5	91
domestic	dəˈmestɪk	a.本国的，国内的；家用的，家庭的；驯养的	-ic 名词后缀，表抽象名词形容词后缀，……的	dom（家）+est+-ic（形容词后缀）→家庭的	domestic oil 国产石油<br>the domestic business 国内业务	[派] domestically ad.国内地<br>[反] foreign a.外国的	高频词 Word List 5	91
tiny	ˈtaɪni	a.微小的，极小的	-y 形容词后缀，如……的名词后缀，表性质或行为	tin（看作 tine，尖头）+-y（形容词后缀）→像针尖一样小的→极小的	a tiny change 一个微小的变化<br>one tiny little corner 一个小角落		高频词 Word List 5	91
academy	əˈkædəmi	n.[C]专科院校；[A-]研究院	-y 形容词后缀，如……的名词后缀，表性质或行为	academ（学术）+-y（名词后缀）→研究学术的地方研究院	a military academy 军事学院<br>a director of the academy 研究院主任		高频词 Word List 5	91
policy	ˈpɒləsi	n.[C,U]政策；原则]	-y 形容词后缀，如……的名词后缀，表性质或行为	poli c（国家）+-y（名词后缀）一治理国家的措施→政策	adopt a policy 采取政策<br>a policymaker 决策者	[近] principle n.原则	高频词 Word List 5	92
controversy	ˈkɒntrəvɜːsi	n.[C,U]争议，争论；辩论	-y 形容词后缀，如……的名词后缀，表性质或行为	contro-（相反）+vers（转）+-y（名词后缀）→想要扭转相反的意见一争论	solve a controversy 解决争议图<br>avoid controversy 避免争议	[近] dispute n.争论<br>[近]debate n.辩论	高频词 Word List 5	92
strategy	ˈstrætədʒi	n.[C]策略；[U]策划；战略学	-y 形容词后缀，如……的名词后缀，表性质或行为	strat（同 strato，军队）+eg+-y（名词后缀）→军队打仗需要制定的行动方针→策略	adopt a strategy 采用策略图<br>an environmental strategy 环境策略		高频词 Word List 5	92
witness	ˈwɪtnəs	n.[C]证人；目击者 vt.当场看到，目击；见证	vid 看见	wit（同 vid，看见）+-ness（名词后缀）→看见事情发生全过程的人→目击者	as a last witness 作为最后见证人<br>appear as a witness 出庭作证	[近]observer n.目击者	高频词 Word List 6	93
scale	skeɪl	n.[sing.,U]规模；程度；[C]等级 vt.攀登	s cal 爬	s cal（爬）+e→不断向上爬→攀登	a large scale 大规模<br>on a global scale 在全球范围内	[派]scalable a.可攀登的<br>[近]dimension n.规模	高频词 Word List 6	93
alien	ˈeɪliən	a.陌生的；外国的，异域的 n.[C]外星人；外国人	ali 其他	ali（其他）+-en（形容词后缀）→其他地方的→不认识的→陌生的	be alien to sb.对某人来说是陌生的<br>an alien environment 陌生的环境	[派] alienation n.疏远<br>[近] foreign a. 外国的	高频词 Word List 6	94
secretary	ˈsekrətri	n.[C]秘书；部长，大臣	se-分开	se-（分开）+c ret（筛选）+-ary（名词后缀）→把重要消息或物品分开筛选给上级的人→秘书	contact a secretary 联系秘书<br>a secretary to sb.某人的秘书	[派]secretarial a.秘书的	高频词 Word List 6	94
secure	sɪˈkjʊə(r)	a.安全的；安心的；稳定的 vt.（经过努力）获得	se-分开	se-（分开）+cur（关心）+e→分开也不用关心，无须担忧的→安全的	a secure future 安全的未来<br>a secure technology 安全的技术	[派]security n.保护措施；安全工作<br>[反]insecure a.不安全的	高频词 Word List 6	94
separate	ˈseprət	a.独立的；分开的；不同的[’sep ore it]v.（使）分开	se-分开	se-（分开）+par（类似）+-ate（形容词后缀）→将类似的东西区分开的→独立的	a separate code 独立的密码<br>a separate line of…独立的一项……	[派]separation n.分离<br>[近]divide v.（使）分开	高频词 Word List 6	94
relate	rɪˈleɪt	v.（使）有联系 vt.讲述	lat 携带	re-（再）+lat（携带）+e→一再带在身边→关系密切→（使）有联系	relate A to B 把 A 和 B 联系起来<br>be related to…与…有联系	[派]relation n.（事物之间的）关系<br>[派]relative a.相关联的	高频词 Word List 6	95
relative	ˈrelətɪv	a.相关联的；相对的 n.[C] 亲戚	lat 携带	re-（再）+lat（携带）+-ive（形容词后缀）→一再带在身边的→相关联的	be relative to s th.与某事有关<br>relative costs 相关的成本	[派]relativismn.相对主义<br>[近]comparative a.相对的	高频词 Word List 6	95
fancy	ˈfænsi	n.[C,U] 想象（力）；[sing.] 爱好 vt.想做 a.花哨的	fan 出现	fan（出现）+-Cy（名词后缀）→在头脑中创造出新形象的能力→想象（力）	a lively fancy 丰富的想象力<br>wild flights of fancy 异想天开	[派] fanciful a.空想的<br>[近] fantasy n.想象	高频词 Word List 6	95
vote	vəʊt	n.[C] 投票；票；选举；[sing.] [the~] 投票权 v.投票	vot 发誓	vot（发誓）+e→发誓要支持某人→投票	a free vote 自由投票<br>a deciding vote 决定票	[派]voter n.选举人，投票人<br>[近]election n.选举	高频词 Word List 6	95
pose	pəʊz	n.[C] 姿势；姿态 vt.造成，引|起	pos 放置	pos（放置）+e→放成某种样子→摆成某种姿势→姿势	a relaxed pose 悠闲的姿势<br>various poses 不同的姿势	[派]position n.位置，地方<br>[近]posture n.姿势	高频词 Word List 6	95
expose	ɪkˈspəʊz	vt.暴露；使面临；使受……熏陶；揭露	pos 放置	ex-（出）+pos（放置）+e 一将消息放出来→暴露	expose ones work 暴露某人的工作<br>exposes b.to risks 将某人置于风险中	[派]exposure n.暴露<br>[近]reveal vt.揭露	高频词 Word List 6	96
impose	ɪmˈpəʊz	vt.把……强加于；强制实行，推行 vi.勉强	pos 放置	im-（入）+pos（放置）+e→强行放入→强加	impose sth.on/upon sb.强加某物于某人<br>impose limitations 强行限制	[派] imposition n.实施	高频词 Word List 6	96
tablet	ˈtæblət	n.[C]药片；匾，碑	tabl 平板	tabl（平板）+-et（名词后缀）→平板→匾，碑	a sleeping tablet 安眠药<br>take two tablets 每次两片药	[近] pill n.药片	高频词 Word List 6	96
exotic	ɪgˈzɒtɪk	a.外来的；异国情调的；奇异的	exo-外面	exO-（外面）+-tic（形容词后缀）一从外面来的一外来的	an exotic species 外来物种<br>an exotic word 外来词	[派]exotic is mn.异国情调<br>[反]native a.本土的	高频词 Word List 6	96
scene	siːn	n.[C]场景；片段；[常用 sing.]现场；[sing.]界	sc en 布置	sc en（布置）+e→已布置好的舞台→场景	a familiar scene 熟悉的场景<br>imagine a scene 想象一个场景		高频词 Word List 6	97
moderate	ˈmɒdərət	a.中等的；适度的；不偏激的[mpdareit]v.缓和	mod 适中	mod（适中）+er+-ate（形容词后缀）→中等的	moderate poverty 中等贫困<br>a moderate heat 中火	[派]moderately ad.适度地<br>[近]medium a.中等的	高频词 Word List 6	97
modify	ˈmɒdɪfaɪ	vt.修改，调整；变更；改进	mod 适中	mod（适中）+i+-fy（动词后缀）→使达到适中的程度→修改，调整	be modified for sb.按某人要求做出修改<br>modify the versions of……调整……的版本	[派]modification n.修改<br>[近]adjust vt.调整	高频词 Word List 6	97
modest	ˈmɒdɪst	a.谦虚的；些许的， （数量、比率或改进程度）不太高的	mod 适中	mod（适中）+est→将自己摆在适中的位置一谦虚的	be modest about s th.对某事谦虚<br>remain modest 保持谦虚	[派]modesty n.谦虚<br>[派]modestly ad.适当地	高频词 Word List 6	97
summit	ˈsʌmɪt	n.[C] 山顶，顶峰；峰会	s umm 最高	s umm（最高）+-it（名词后缀）一>一座山最高的地方→山顶，顶峰	a flat summit 平坦的山顶<br>lead to a summit 通往山顶	[近]peak n.顶峰	高频词 Word List 6	97
rare	reə(r)	a.稀少的，稀有的，罕见的；珍贵的；半熟的	rare 稀少的	本身为词根，表示“稀少的”	be rare todos th.很少做某事<br>a rare wild plant 稀有野生植物	[派] rarely ad.罕有<br>[派]rarity n.稀有物	高频词 Word List 6	98
severe	sɪˈvɪə(r)	a.十分严重的；严厉的；艰巨的；朴素的	sever 严重的	sever（严重的）+e→十分严重的	severe injury 重伤<br>severe disappointment 非常失望	[派]severely ad.严重地<br>[近]harsha.严厉的	高频词 Word List 6	98
prime	praɪm	a 主要的；首要的；典型的 n.[sing]盛年，鼎盛时期 vt.事先指点	prim 主要的	prim（主要的）+e→主要的	a prime objective 主要目的<br>thePrimeMinister 首相		高频词 Word List 6	98
decade	ˈdekeɪd	n.[C]十年，十年期	dec 十；合适	dec（十）+-ade（名词后缀）→十年	a decade ago 十年前<br>over decades 几十年来		高频词 Word List 6	98
decent	ˈdiːsnt	a.像样的；相当不错的；正派的；得体的	dec 十；合适	dec（合适）+-ent（形容词后缀）→合适的→得体的	a decent degree 一个像样的学位<br>find a decent job 找一份像样的工作	[派] decency n.正派；得体	高频词 Word List 6	99
robust	rəʊˈbʌst	a.强健的；富有活力的；结实的；坚定的；信心十足的	robust 使强壮	本身为词根，表示“使强壮”→身体强壮的→强健的	a robust system 强有力的体系<br>make…robust 使……有力	[派] robustly ad.结实地<br>[近] sturdy a.坚定的	高频词 Word List 6	99
ecosystem	ˈiːkəʊsɪstəm	n.[C]生态系统	eco 生态；经济	eco（生态）+system（系统）→生态系统	an island's ecosystem 岛屿的生态系统<br>harman ecosystem 危害生态系统		高频词 Word List 6	99
economics	ˌiːkəˈnɒmɪks	n.[U]经济学；[pl.,U]经济情况	eco 生态；经济	eco（经济）+nom（学科）+-ics（名词后缀）→经济学	economics theory 经济学理论<br>an economics professor 经济学教授		高频词 Word List 6	99
metropolitan	ˌmetrəˈpɒlɪtən	a.大城市的，大都会的	polit 城市；政治	metro（母）+polit（城市）+-an（形容词后缀）→母城的→中心城市的→大城市的	a metropolitan building 大城市的建筑<br>the metropolitan region 大城市地区	[近]civic a.城市的<br>[近]urbana.城市的，都市的	高频词 Word List 6	99
politics	ˈpɒlətɪks	n.[U]政治学；政治	polit 城市；政治	polit（政治）+-ics（名词后缀）→政治学	a degree in Politics 政治学学位<br>a politics scholar 政治学者	[派]political a.政治的<br>[派]politician n.政治家	高频词 Word List 6	100
trigger	ˈtrɪgə(r)	n.[C]（枪的） 扳机；诱因；触发器 vt.促使；引|起；触发	trag, trai, tract 拉	trig（同 trag，拉）+ger→推动事情发生→促使	pull a trigger 扣动扳机<br>a trigger for s th.某事的诱因	[近]cause vt.引起<br>[近]produce vt.引起	高频词 Word List 6	100
trait	treɪt	n.[C]特征，特性，特点	trag, trai, tract 拉	trai（拉）+t→用线条拉出人的轮廓特征→特征	a behavioral trait 行为特征<br>take a trait from…从……中提取特性	[近]quality n.特征，特性<br>[近]characteristic n.特征	高频词 Word List 6	100
abstract	ˈæbstrækt	a.抽象的 n.[C]摘要[aeb'straekt]vt.提取，抽取	trag, trai, tract 拉	abs-（脱离）+tract（拉）→单独拉出来，使脱离实际的→抽象的	an abstract concept 抽象概念<br>in the abstract 抽象的	[派]abstraction n.抽象<br>[近] summary n.摘要	高频词 Word List 6	100
track	træk	n.[C] 小道；轨道；跑道；[常用 pL]足迹 vt.跟踪，追踪	trag, trai, tract 拉	track（同 tract，拉）→拉某人跑步的地方一跑道	a muddy track 泥泞小道<br>railroad tracks 铁轨	[派]tracking n.跟踪<br>[近]path n.小道；轨道	高频词 Word List 6	100
portray	pɔːˈtreɪ	vt.描绘；描写；表现；扮演	trag, trai, tract 拉		portray the young 描绘年轻人<br>be portrayed by sb.被某人描绘		高频词 Word List 6	101
individual	ˌɪndɪˈvɪdʒuəl	a.单独的，个人的； 独特的 n.[C] 个人	-ual 形容词后缀，……的	in-（不）+divi d（分）+-ual（形容词后缀）→不能再分开的→单独的	an individual event 单项赛<br>individual support 个人支持	[派]individualism n.个人主义<br>[近] personal a.个人的	高频词 Word List 6	101
annual	ˈænjuəl	a.每年的；年度的；一年的 n.[C] 年刊	-ual 形容词后缀，……的	ann（年）+-ual（形容词后缀）→每年的	the annual floods 每年的洪水<br>annual anniversary 周年纪念日	[派] annually ad.一年一次地<br>[近] yearly a.每年的	高频词 Word List 6	101
medium	ˈmiːdɪəm	a.中等的；适中的 n.[C]媒介；方法	medi 中间 medic 治疗	medi（中间）+um→中等的	medium acidity 中等酸度<br>a medium heat 中火		高频词 Word List 6	101
medical	ˈmedɪkl	a.医疗的；疾病的	medi 中间 medic 治疗	medic（治疗）+-al（形容词后缀）一治疗疾病的→医疗的	medical treatment 医疗<br>a medical group 医疗机构	[派]medically ad.医学上地	高频词 Word List 6	102
medication	ˌmedɪˈkeɪʃn	n.[C, U] 药，药物	medi 中间 medic 治疗	medic（治疗）+-ation（名词后缀）→治疗病人的物品→药，药物	a flu medication 流感药<br>the effects of a medication 药物的作用	[近]medicine n.药<br>[近] drug n.药	高频词 Word List 6	102
medicine	ˈmedsn	n.[C,U]药，药物；[U] 医学，医疗	medi 中间 medic 治疗	medic（治疗）+-ine（名词后缀）→治疗疾病的东西→药，药物	abuse of medicines 滥用药物<br>herbal medicine 草药	[派]medicinal a.药用的<br>[近] drug n.药	高频词 Word List 6	102
caution	ˈkɔːʃn	n.[U] 小 v 心;谨慎；[C,U] 警告 v 提醒，警告	-ion 名词后缀，表行为、情况或物	caut（小心的）+-ion（名词后缀）→小心	drive with caution 小心开车<br>a reputation for caution 以谨慎著称	[派]cautious a.小心的；谨慎的<br>[近]warn v.警告	高频词 Word List 6	102
transition	trænˈzɪʃn	n.[C,U] 转变；转型；过渡	-ion 名词后缀，表行为、情况或物	trans-（转变）+it（走）+-ion（名词后缀）→转变要走的路线→转变	the scale of a transition 转变的规模<br>the structural transition 结构性转变	[派]transitional a.过渡期的<br>[近]transformation n.转变	高频词 Word List 6	102
recession	rɪˈseʃn	n.[C,U] 经济衰退；[U] 退后	-ion 名词后缀，表行为、情况或物	re-（向后）+cess（退让）+-ion（名词后缀）→向后退让→退后	in a great recession 处于经济大衰退<br>the economic recession 经济衰退	[派] recessionarya.经济衰退的<br>[近]depression n.经济萧条期	高频词 Word List 6	103
notion	ˈnəʊʃn	n.[C] 看法，观念； 概念	-ion 名词后缀，表行为、情况或物	not（知道）+-ion（名词后缀）→对已知事物所抱的见解→看法	an abstract notion 抽象看法<br>undermine a notion 动摇观念	[派]notionala.理论上的；概念的<br>[近] concept n.观念；概念	高频词 Word List 6	103
nutrition	njuːˈtrɪʃn	n.[U] 营养	-ion 名词后缀，表行为、情况或物	nutrit（营养）+-ion（名词后缀）→营养	a source of nutrition 营养来源<br>a report on nutrition 一份营养报告	[派]nutritious a.有营养的<br>[近]nourishment n.营养	高频词 Word List 6	103
profession	prəˈfeʃn	n.[C]行业，职业；专业；声明	-ion 名词后缀，表行为、情况或物	pro-（前）+fess（说）+-ion（名词后缀）→站在公众前大声说的话→声明	le am about the profession 了解这一行业<br>the reality of a profession 职业现实国	[派] professional a.职业的；专业的<br>[近]career n.职业	高频词 Word List 6	103
tuition	tjuːˈɪʃn	n.[U] 学费；教学，讲授，指导	-ion 名词后缀，表行为、情况或物	tu it（监护）+-ion（名词后缀）→监护人应缴纳的孩子上学的费用→学费	tuition fees 学费<br>pickup tuition 承担学费園	[近] teaching n.教学<br>[近]instruction n.指导	高频词 Word List 6	103
proportion	prəˈpɔːʃn	n.[C]部分；[C,U] 比例	-ion 名词后缀，表行为、情况或物	pro-（很多……）+port（部分）+-ion（名词后缀）→被分成很多部分→部分	a proportion of……一部分……<br>a high proportion 很大部分	[派]proportional a.成比例的<br>[近]ration.比例	高频词 Word List 6	104
fraction	ˈfrækʃn	n.[C]小部分，少量； （数学上的）分数	-ion 名词后缀，表行为、情况或物	fr act（打碎）+-ion（名词后缀）→打碎成一块块碎片→小部分	a fraction of s th.某物的一小部分<br>a small fraction 一小部分	[派]fractional a.很小的	高频词 Word List 6	104
official	əˈfɪʃl	a.官方的；正式的；公务的 n.[C] 官员	-ial 形容词后缀，属于……的；有…性质的	offic（看作 office，办公室）+-ial（形容词后缀）→办公室的→引申为“官方的”	an official policy 官方政策<br>gain an official status 获得官方地位	[派]officially ad.正式地	高频词 Word List 6	104
initial	ɪˈnɪʃl	a 开始的，最初的 vt.用姓名的首字母签名 n.[C] （姓名的）首字母	-ial 形容词后缀，属于……的；有…性质的	in it（开始）+-ial（形容词后缀）→开始的	an initial task 初始任务<br>an initial conclusion 初步结论	[派]initially ad.开始；最初<br>[近]original a.最初的	高频词 Word List 6	104
artificial	ˌɑːtɪˈfɪʃl	a.人工的；人造的；假的；非自然的	-ial 形容词后缀，属于……的；有…性质的	art i（技巧）+fic（做）+-ial（形容词后缀）→人们用技巧做出来的一人工的	an artificial additive 人工添加剂<br>artificial intelligence 人工智能	[派]artificially ad.人工地<br>[近]synthetic a.人造的	高频词 Word List 6	104
material	məˈtɪəriəl	n.[C,U] 材料；原料 a.物质的；重要的	-ial 形容词后缀，属于……的；有…性质的	mater（母）+-ial（形容词后缀）一像母亲一样重要的一重要的	an associated material 相关材料<br>share materials 共享材料	[派]materialism n.唯物主义<br>[反]immaterial a.不重要的	高频词 Word List 6	105
crucial	ˈkruːʃl	a.至关重要的，关键性的	-ial 形容词后缀，属于……的；有…性质的	cruc（十字）+-ial（形容词后缀）→位于十字路口的→决定方向的→至关重要的	crucial data 重要数据<br>be crucial to s th.对某事是重要的		高频词 Word List 6	105
potential	pəˈtenʃl	a.潜在的，可能的 n.[U] 可能性；潜力	-ial 形容词后缀，属于……的；有…性质的	pot（能够）+-ent（形容词后缀）+-ial（形容词后缀）→能做到的→可能的	potential danger 潜在危险<br>see a potential conflict 发现潜在冲突	[派]potentialityn.潜力；潜在的可能性<br>[近] possible a.可能的	高频词 Word List 6	105
reveal	rɪˈviːl	vt.揭露；展示；露出；透露；泄露	re-不；再；回；重新；重复；离开；向后；相反；加强意义	re-（不）+veal（覆盖）→不覆盖→露出→揭露	be revealed by……揭露<br>reveal the truth 揭露真相	[派]revealing a.揭露真相的<br>[近]expose vt.揭露	高频词 Word List 6	105
represent	ˌreprɪˈzent	vt.代表；展现；维护……的利益；描绘	re-不；再；回；重新；重复；离开；向后；相反；加强意义	re-（再）+pre-（前）+sent（存在）→再次存在于人们面前→再次呈现出来→展现	represent a failure 代表失败<br>represent a trend 代表一种趋势	[派] representative a.典型的；有代表性的<br>[近] display vt 展现	高频词 Word List 6	105
regard	rɪˈgɑːd	vt.把…视为，将……认为 n.[U] 注意，关注；尊重	re-不；再；回；重新；重复；离开；向后；相反；加强意义	re-（再）+gard（同 ward，保护）→一再保护某物→将某物视为珍宝把……视为	be regarded as…被认为是……<br>be regarded by sb. 被某人认为	[派] regardless ad.不管；不顾<br>[近] notice n.注意	高频词 Word List 6	106
regardless	rɪˈgɑːdləs	ad.不顾；不管 a.不注意的	re-不；再；回；重新；重复；离开；向后；相反；加强意义	re-（再）+gard（同 ward，保护）+-less（形容词后缀，不……的）→不再保护→不注意的	regardless of the danger 不顾安危<br>carry on regardless 不管怎样都继续	[近] irregardless ad.不管怎样	高频词 Word List 6	106
register	ˈredʒɪstə(r)	v.登记，注册 n.[C]登记簿；注册表；收银机	re-不；再；回；重新；重复；离开；向后；相反；加强意义	re-（再）+gist er（带来）→再次携带资料办理手续→登记	register a marriage 登记/注册结婚<br>register with sb.向某人登记/注册	[派] registered a.已挂号的	高频词 Word List 6	106
reproduce	ˌriːprəˈdjuːs	vt.重现，再现；翻印 v.繁殖	re-不；再；回；重新；重复；离开；向后；相反；加强意义	re-（再）+pro-（前）+duc（带来）+e→再次带到人们面前→重现	reproduce the speed of…重现……的速度<br>be reproduced in…在……再现国	[派]reproductive a.繁殖的<br>[近]breed vi 繁殖	高频词 Word List 6	106
recommend	ˌrekəˈmend	vt.推荐；介绍；建议	re-不；再；回；重新；重复；离开；向后；相反；加强意义	re-（再）+com-（加强意义）+mend（委托）→一再委托他人选择自己介绍的事物→推荐	recommend an approach 推荐方法国<br>recommend a drug 推荐药物	[派]recommendation n.提议<br>[近] advise v.建议	高频词 Word List 6	106
rely	rɪˈlaɪ	vi.依赖，依靠	re-不；再；回；重新；重复；离开；向后；相反；加强意义	re-（再）+ly（捆）→一再地想与某人捆绑在一起→想依赖某人→依赖，依靠	rely on upon…依……<br>rely on the Internet 依赖网络	[派]reliable a.可靠的；可信赖的	高频词 Word List 6	107
revolution	ˌrevəˈluːʃn	n.[C,U]革命；[C] 巨变	re-不；再；回；重新；重复；离开；向后；相反；加强意义	re-（再）+volu（转）+-tion（名词后缀）→再次革新，转变面貌→革命	go through a revolution 经历革命<br>the data revolution 数据革命	[派]revolutionize vt.彻底改变；完全变革<br>[派] revolutionary a. 革命性的	高频词 Word List 6	107
reward	rɪˈwɔːd	n.[C,U]奖励；回报，报酬 vt.奖励	re-不；再；回；重新；重复；离开；向后；相反；加强意义	re-（回）+ward（看护）→回报帮助看护的人→奖励	give sb.a reward 给某人奖励<br>in reward of…作为对……的奖励	[派] rewarding a.值得做的；有益的<br>[近] return n.回报	高频词 Word List 6	107
rescue	ˈreskjuː	vt.营救，拯救；救援 n.[U]救援	re-不；再；回；重新；重复；离开；向后；相反；加强意义	re-（回）+s cue（看作 secure，安全的）→把某人带回安全的地方→营救，拯救	rescue a hostage 营救人质<br>rescue…from a crisis 从危机中拯救……	[派]rescuer n.救助者	高频词 Word List 6	107
respond	rɪˈspɒnd	v 回答，回复 vi 作出反应	re-不；再；回；重新；重复；离开；向后；相反；加强意义	re-（回）+s pond（允诺）→回头应允某人→回答，回复	respond no to sth.对某事予以否定回答<br>respond with……用……来回答国	[派]respondent n.回答问题的人<br>[近]reply v.回答	高频词 Word List 6	107
revenue	ˈrevənjuː	n.[U]收入，收益	re-不；再；回；重新；重复；离开；向后；相反；加强意义	re-（回）+ven（来）+ue→收回来的钱→收入	the form of revenue 收入的形式<br>tax revenue 税收收入	[派]revenue rn.税务官员<br>[近]income n.收入	高频词 Word List 6	108
review	rɪˈvjuː	n.[C] 回顾；[C,U]评论；审查 vt.复查；复习；检阅	re-不；再；回；重新；重复；离开；向后；相反；加强意义	re-（回）+view（看）→往回看→回顾	a review of sth.对某事的回顾<br>a business review 商业评论	[派]reviewer n.评论家<br>[近]comment n.评论	高频词 Word List 6	108
recall	rɪˈkɔːl	v.记起，回忆起 vt.召回 n.[U] 记忆力	re-不；再；回；重新；重复；离开；向后；相反；加强意义	re-（回）+call（呼唤）一通过呼唤回想起某事→记起，回忆起	recall one’s name 记起某人的名字<br>recall words 记忆单词	[近]recollect v.回忆起<br>[近]memory n.记忆力	高频词 Word List 6	108
refrain	rɪˈfreɪn	vi.克制，忍住；避免 n.[C]经常重复的评价	re-不；再；回；重新；重复；离开；向后；相反；加强意义	re-（回）+frain（同 curb，控制）→往回拉，控制其行动→抑制事态发展一克制	refrain from tears 克制住眼泪<br>refrain from smoking 请勿吸烟	[近]forbearvi 克制	高频词 Word List 6	108
retrieve	rɪˈtriːv	vt.取回，找回；挽回；检索数据	re-不；再；回；重新；重复；离开；向后；相反；加强意义	re-（回）+trie v（找）+e→找回	retrieve food 取回食物<br>retrieve A from B 从 B 中找回 A	[派]retrieval n.取回<br>[近]recover vt.找回	高频词 Word List 6	108
recover	rɪˈkʌvə(r)	v.恢复 vt.收回；寻回	re-不；再；回；重新；重复；离开；向后；相反；加强意义	re-（重新）+cover（防护）→重新拥有防护疾病的能力一恢复	recover resilience 恢复复原力<br>recover the energy 恢复精力	[派] recovery n.恢复<br>[近]restore vt.恢复	高频词 Word List 6	109
replace	rɪˈpleɪs	vt.代替，替代，取代；把…放回原处	re-不；再；回；重新；重复；离开；向后；相反；加强意义	re-（重新）+place（放）→重新放→代替，替代，取代	replace sth.with sth.用某物代替某物<br>be replaced by sth.被某物替代	[派]replaceable a.可替换的<br>[近]substitute v.代替	高频词 Word List 6	109
recruit	rɪˈkruːt	v.招募，招聘；征募（新兵）n.[C]新兵；新成员	re-不；再；回；重新；重复；离开；向后；相反；加强意义	re-（重复）+cr u it（同 c ret，生长）→重复生长→使团队成员不断增加→招募	recruit staff 招募员工<br>recruit at all levels 在各级招募	[派]recruitment n.招聘<br>[近]enlist v.征募	高频词 Word List 6	109
release	rɪˈliːs	vt.释放；松开；发布；发泄 n.[U, sing.] 发布；公开	re-不；再；回；重新；重复；离开；向后；相反；加强意义	re-（离开）+leas（松）+e→松开服刑者，让其离开→释放	release a prisoner 释放罪犯<br>release one's arm 松开某人的胳膊	[近]liberate vt.释放<br>[近]publish vt.发布	高频词 Word List 6	109
return	rɪˈtɜːn	vi.返回；恢复 vt.退还 n.[C,U] 回报	re-不；再；回；重新；重复；离开；向后；相反；加强意义	re-（向后）+turn（转动）→向后转→往回转→返回	return to sp.返回某地<br>return home 回家		高频词 Word List 6	109
resist	rɪˈzɪst	vt.反对，抵制；抵挡；抗（伤害）v.反抗	re-不；再；回；重新；重复；离开；向后；相反；加强意义	re-（相反）+s is t（站立）→站在相反的立场→反对	resist a single currency 反对单一货币<br>resist change 拒绝做出改变	[派]resistant a.抵抗的<br>[近]oppose vt.反对，抵制	高频词 Word List 6	110
retail	ˈriːteɪl	n.[U]零售 v.零售	re-不；再；回；重新；重复；离开；向后；相反；加强意义		are tail executive 零售主管<br>the retail industry 零售行业		高频词 Word List 6	110
require	rɪˈkwaɪə(r)	vt.需要；要求；规定	re-不；再；回；重新；重复；离开；向后；相反；加强意义	re-（加强意义）+quir（寻求）+e→寻求心理上的满足→使满足心理需求→需要	require maintenance 需要维护<br>require solutions 需要解决方法		高频词 Word List 6	110
flat	flæt	a.平坦的；水平的；无趣的 n.[C] 公寓	flat 吹	本身为词根，表示“吹”→风把沙堆吹成平坦的一平坦的	a flat demand 平缓的需求<br>relatively flat 相对稳定		高频词 Word List 7	111
mortgage	ˈmɔːgɪdʒ	vt.抵押 n.[C]抵押贷款	mort 死		mortgage a house 抵押房子<br>mortgage one's future 用某人的前途作抵押	[派] mortgagor n.抵押人<br>[近]pledge vt.抵押	高频词 Word List 7	111
sample	ˈsɑːmpl	n.[C]样本；样品 vt.体验	ampl 拿	s（同 se-，区别开）+ampl（拿）+e→拿来区分产品质量的实物→样品	be based on a sample 基于样本国<br>a sample of……的样本	[派]sampling n.抽样；取样<br>[近] example n.样品	高频词 Word List 7	112
press	pres	v.按，压 vt.催促 n.[sing., U]新闻报道；[sing.]报刊	press 压	本身为词根，表示“压”→按，压	press a button 按下按钮<br>press down 按下	[派]pressure n.压力；挤压<br>[派] pressing a.紧急的；急迫的	高频词 Word List 7	112
census	ˈsensəs	n.[C] (pl.censuses) （官方的）统计；人口普查；人口调查	cens 判断	cens（判断）+us→通过统计判断数量→（官方的）统计	make a census 做统计<br>the latest census 最近的统计		高频词 Word List 7	112
pest	pest	n.[C] 害虫；讨厌的人	pest 瘟疫	本身为词根，表示“瘟疫”→招瘟疫的昆虫一害虫	become a pest 变成害虫<br>an introduced pest 外来害虫		高频词 Word List 7	112
predator	ˈpredətə(r)	n.[C]捕食性动物；掠夺者；剥削者	p red 掠夺	p red（掠夺）+-ator（名词后缀）一掠夺者	a flying predator 飞行的食肉动物<br>flee from a predator 躲避捕食者	[派] predatory a.捕食性的<br>[派] predation n.捕食	高频词 Word List 7	113
imagine	ɪˈmædʒɪn	v.想象；设想	i magi 想象	i magi（想象）+ne→想象	imagine a scene 想象出场景<br>imagine effect 想象效果	[派] imagination n.想象<br>[近]conceive vt.想象	高频词 Word List 7	113
prior	ˈpraɪə(r)	a.先前的；优先的	prior 先前的	本身为词根，表示“先前的”	prior.t……在…之·前<br>a prior conclusion 先前的结论	[派] priority n.优先；首要事情<br>[近] previous a.先前的	高频词 Word List 7	113
client	ˈklaɪənt	n.[C]委托人；客户	client 跟随者	本身为词根，表示“跟随者”→受托人要跟随的人一委托人	a famous client 著名的委托人<br>on behalf of a client 代表委托人	[派]clientele n.客户<br>[近]customer n.客户	高频词 Word List 7	113
master	ˈmɑːstə(r)	n.[C]主人；大师 vt.掌握；控制 a.最重要的	master 领导者	本身为词根，表示“领导者”→引申为“大师”	greet a master 迎接主人<br>a master of……方面的大师	[近]host n.主人<br>[近]regulate v.控制	高频词 Word List 7	113
department	dɪˈpɑːtmənt	（abbr.Dept）n.[C]部；部门]；系；货品区	part 分；部分	de-（加强意义）+part（分）+-ment（名词后缀）→公司的分支部门→部	a tailoring department 裁剪部團<br>the Department of Health 卫生部	[派]departmental a.部门的<br>[近]ministry n.（政府的）部	高频词 Word List 7	114
apart	əˈpɑːt	ad.分离；相距	part 分；部分	a-（加强意义）+part（分）→分离	tear apart 分崩离析<br>fall apart 破裂		高频词 Word List 7	114
partly	ˈpɑːtli	ad.部分地；一定程度上	part 分；部分	part（部分）+-ly（副词后缀）→>部分地	…when we are in a novel environment the brain partly remains alert…… 当我们	[反] wholly ad.全面地	高频词 Word List 7	114
particular	pəˈtɪkjələ(r)	a.特别的；格外的；特定的；挑剔的	part 分；部分	part（部分）+ic+-u lar（形容词后缀）→每部分都很特殊的→特别的	pay particular attention to…特别注意……<br>be of particular interest 格外感兴趣	[派] particularly ad.特别；尤其<br>[近] specific a.特定的	高频词 Word List 7	114
instance	ˈɪnstəns	n.[C] 例子；实例；事例	st,sta,stat 站立；放置	in-（使……）+st（站立）+-ance（名词后缀）→能使观点站得住脚的事情→例子	cite an instance 举例子<br>an instance of s th.关于某事的实例	[近]example n.例子<br>[近] case n.实例	高频词 Word List 7	114
stage	steɪdʒ	n.[C] 舞台；阶段；步 vt.举行	st,sta,stat 站立；放置	st（站立）+-age（名词后缀）→表演者站立的地方一舞台	take the stage 上台<br>at a stage 处在某一阶段	[近]phase n.阶段	高频词 Word List 7	115
establish	ɪˈstæblɪʃ	vt.建立；确定；确立	st,sta,stat 站立；放置	e-（加强意义）+sta（站立）+bl+-ish（动词后缀）→立起来→使某物崛地而起一建立	establish a sanctuary 建立保护区<br>establish a public image 树立公众形象	[派]establishment n.建立<br>[近]build vt.建立	高频词 Word List 7	115
status	ˈsteɪtəs	n.[常用 sing,U]地位；[U] 状况	st,sta,stat 站立；放置	stat（站立）+us 一在社会中站立的位置→地位	a unique status 独特地位<br>a status of……的地位	[近]condition n.状况	高频词 Word List 7	115
state	steɪt	n.[C]状态；国家；州 a.国家提供（或控制）的 vt.陈述	st,sta,stat 站立；放置	stat（站立）+e→保持站立姿势→状态	a stable state 稳定的状态<br>a state of emergency 紧急状态	[派]statement n.陈述<br>[近] nation n.国家	高频词 Word List 7	115
estate	ɪˈsteɪt	n.[C]地产；庄园；住宅区；[C,U]遗产	st,sta,stat 站立；放置	e+stat（放置）+e→放置在某处的作为财产的土地一地产	a considerable estate 相当可观的地产<br>realestate 房地产	[近]assets n.财产<br>[近] property n.财产	高频词 Word List 7	115
tailor	ˈteɪlə(r)	vt.按需定制 n.[C]（男装）裁缝	-or 名词后缀，表人或物	tail（剪）+-or（名词后缀）→剪裁衣服的人→（男装）裁缝	tailor travel arrangements 定制旅行安排<br>tailor a program 定制方案		高频词 Word List 7	116
motor	ˈməʊtə(r)	n.[C]发动机，马达 a.汽车的；机动的	-or 名词后缀，表人或物	mot（移动）+-or（名词后缀）一能够使车辆移动的装置一发动机	use a motor 使用发动机<br>start a motor 启动发动机	[派]motorized a.机动的<br>[近]engine n.发动机	高频词 Word List 7	116
monitor	ˈmɒnɪtə(r)	vt.监控 n.[C]监测器；显示器；班长	-or 名词后缀，表人或物	monit（警告）+-or（名词后缀）→监视并随时发出警告→监测器	monitor the number 监控数量<br>closely monitors b.严密监控某人	[派]monitor ya.训诚的	高频词 Word List 7	116
sector	ˈsektə(r)	n.[C]（经济的）部门]；领域，行业；军事防御区	-or 名词后缀，表人或物	sect（切割）+-or（名词后缀）一将整体划分为几个板块一领域	a market sector 市场部<br>the sector of……部	[派]section n.部门<br>[近] department n.部门	高频词 Word List 7	116
practical	ˈpræktɪkl	a.实际的；客观存在的；切实可行的；务实的	-ical 形容词后缀，……的	pr act（做事）+-ical（形容词后缀）→能踏踏实实做事的→立足于现实的→实际的	a practical achievement 实际成果<br>a practical consequence 实际后果	[派]practically ad.实际地；几乎<br>[反]theoretical a.理论上的	高频词 Word List 7	116
sceptical	ˈskeptɪkl	（亦作 skeptical）a.怀疑的	-ical 形容词后缀，……的	scept（观察）+-ical（形容词后缀）→>一直在观察的→持怀疑态度的→怀疑的	be sceptical of sth.怀疑某事<br>bescepticalaboutsth.对某事表示怀疑	[派]scepticismn.怀疑主义<br>[近]suspicious a.怀疑的	高频词 Word List 7	117
technical	ˈteknɪkl	a.技术的；技巧的；专业的	-ical 形容词后缀，……的	tech n（技术）+-ical（形容词后缀）→技术的	technical economics 技术经济学<br>a technical means 技术手段	[派] technically ad.在技术上<br>[近] specialized a.专业的	高频词 Word List 7	117
typical	ˈtɪpɪkl	a.典型的；平常的；特有的	-ical 形容词后缀，……的	typ（模式）+-ical（形容词后缀）→有代表性的固定模式的→典型的	a typical way 典型方式<br>be typical for…对…来说是典型的	[派] typically ad.典型地<br>[近]representative a.典型的	高频词 Word List 7	117
subtle	ˈsʌtl	a.微妙的，细微的；狡猾的；敏锐的	sub-,suf-,sup-在下面；由下而上	sub-（在下面）+tle→在表象下面很难察觉的→微妙的	a subtle topic 微妙的话题<br>a subtle pattern 细微的模式	[派]subtly ad.巧妙地<br>[近]delicate a.微妙的	高频词 Word List 7	117
substitute	ˈsʌbstɪtjuːt	n.[C]代替物；替补队员 v 代替；取代	sub-,suf-,sup-在下面；由下而上	sub-（在下面）+st it ut（放）+e→放在下面随时准备替补的物品→代替物	a cheaper substitute 更廉价的替代物<br>a poor substitute 低劣的替代品	[派]substitution n.代替品<br>[近]replace vt.代替；取代	高频词 Word List 7	117
sufficient	səˈfɪʃnt	a.足够的；充足的; （理由，条件）充分的	sub-,suf-,sup-在下面；由下而上	suf（在下面）+fic（做）+i+-ent（形容词后缀）→在下面先做好，保证满足需要的→足够的	a sufficient scale 足够大的规模<br>be sufficient for sb.对某人来说足够	[派]sufficiently ad.足够地<br>[反]insufficient a.不足的	高频词 Word List 7	118
supply	səˈplaɪ	n.[C] 供应量；储备；[pl.] 补给；[U] 供应 vt.提供	sub-,suf-,sup-在下面；由下而上	Sup-（在下面）+ply（充满）→在下面放满了所需品→储备	a supply of sth.某物的供应量国<br>a limited supply 储备有限	[派] supplier n.供货商<br>[近] provide vt.提供	高频词 Word List 7	118
supplement	ˈsʌplɪmənt	n.[C]补充；增刊;额外费用[sap li'ment]vt.补充	sub-,suf-,sup-在下面；由下而上	sup-（由下向上）+ple（充满）+-ment（名词后缀）→由下向上将其充满→补充	a memory supplement 记忆补充<br>a dietary supplement 膳食补充品	[派] supplementary a. 补充性的<br>[近] surcharge n.额外费用	高频词 Word List 7	118
eliminate	ɪˈlɪmɪneɪt	vt.消除；（比赛中）淘汰；消灭（尤指敌人或对手）	e-,ef-,ex-出；向上；向外；加强意义	e-（出）+lim in（界限）+-ate（动词后缀）→清出界限外→消除	eliminate bias 消除偏见<br>eliminate a teaching job 取消教学工作	[派]elimination n.消除<br>[近]eradicate vt.消灭	高频词 Word List 7	118
elite	eɪˈliːt	n.[C] 精英 a.精英的；最优秀的	e-,ef-,ex-出；向上；向外；加强意义	e-（出）+lit（同 lect，选择）+e→被选出的优秀人才→精英	a political elite 政治精英<br>an elite in medicine 医学界的精英	[派]elitism n.精英主义	高频词 Word List 7	118
emerge	ɪˈmɜːdʒ	vi.出现；显现 v.暴露	e-,ef-,ex-出；向上；向外；加强意义	e-（出）+mer g（沉）+e→沉没的东西浮现出来→出现	emerge as s th.随着某事而出现<br>emerge from sp.从某地出现		高频词 Word List 7	119
emotion	ɪˈməʊʃn	n.[C,U] 情感；情绪	e-,ef-,ex-出；向上；向外；加强意义	e-（出）+mot（动）+-ion（名词后缀）一运动使人心情愉快一引 l 申为“情绪”	record an emotion 记录情感<br>a tide of emotion 一阵情感	[派]emotional a.情感的；情绪的<br>[近]mood n.情绪	高频词 Word List 7	119
enormous	ɪˈnɔːməs	a.巨大的；庞大的	e-,ef-,ex-出；向上；向外；加强意义		enormous potential 巨大潜力国<br>enormous reserves of oil 巨大的石油储备		高频词 Word List 7	119
evolve	ɪˈvɒlv	v.进化； （使）逐渐形成，逐步发展	e-,ef-,ex-出；向上；向外；加强意义	e-（向上）+volv（卷动）+e→缓慢地向上转动→进步→进化	evolve skin 进化出皮肤<br>evolve gradually 逐渐进化	[派]evolution n.进化；演变<br>[近]develop v 发展	高频词 Word List 7	119
essay	ˈeseɪ	n.[C]文章；论文；尝试	e-,ef-,ex-出；向上；向外；加强意义	e-（向外）+s say（同 ass，做）→做好并向外发表的文字→文章	in an essay 在文章中<br>millions of essays 上百万篇文章	[派] essayist n.散文作家<br>[近] article n.文章	高频词 Word List 7	119
efficient	ɪˈfɪʃnt	a.效率高的，有效率的	e-,ef-,ex-出；向上；向外；加强意义	ef-（出）+fic（做）+i+-ent（形容词后缀）→能做出效果的→效率高的	efficient transmission 高效传递<br>an efficient secretary 高效率的秘书	[派] efficiently ad.效率高地<br>[反]inefficient a.效率低的	高频词 Word List 7	120
effort	ˈefət	n.[C,U]努力；[U] 精力	e-,ef-,ex-出；向上；向外；加强意义	ef（出）+fort（力量）→出力一努力	make an effort 努力<br>in an effort to do sth.努力做某事	[派]effortless a.不需费力的<br>[近]endeavour n.努力	高频词 Word List 7	120
excellent	ˈeksələnt	a.优秀的；杰出的；极好的	e-,ef-,ex-出；向上；向外；加强意义	ex-（出）+cell（优于）+-ent（形容词后缀）→突出且优于别人的→优秀的	an excellent instructor 优秀的导师<br>an excellent school 出色的学校	[派] excellence n.优秀；杰出<br>[近] outstanding a.杰出的	高频词 Word List 7	120
exhibit	ɪgˈzɪbɪt	v.展出，展览 vt.表现，显出 n.[C]展览	e-,ef-,ex-出；向上；向外；加强意义	eX-（出）+hi bit（拿住）→将展品拿出来展示一展览	exhibit a new design 展出新设计<br>exhibit regularly in sp.经常在某地展览	[派]exhibition n.展览<br>[近] display vt.展出；显示	高频词 Word List 7	120
exist	ɪgˈzɪst	vi.存在；生存，生活	e-,ef-,ex-出；向上；向外；加强意义	ex-（出）+ist（同 s is t，站立）→站出来→引申为“存在”	continue to exist 仍然存在<br>exist between A and B 存在于 A 和 B 之间	[派]existence n.存在<br>[近]live vi 生存	高频词 Word List 7	120
exploit	ɪkˈsplɔɪt	vt.利用；剥削];开发[eksplort]n.[常用 pl]英勇行为	e-,ef-,ex-出；向上；向外；加强意义	ex-（出）+ploit（同 ploy，用）→将可用部分发掘出来→开发	exploit one's mentality 利用某人的心态<br>exploit young people 剥削年轻人	[派]exploitation n.利用；开发<br>[近]utilize vt.利用	高频词 Word List 7	121
explore	ɪkˈsplɔː(r)	v.探索 vt.探讨；探查	e-,ef-,ex-出；向上；向外；加强意义	ex-（出）+pl or（喊）+e→叫大家一起出来研究→探讨	explore the world 探索世界<br>explore one's identity 探索某人身份	[派]exploration n.探索	高频词 Word List 7	121
export	ɪkˈspɔːt	v.出口[ek s po:t]n.[常用 pl] 输出品，出口产品；[U] 出口	e-,ef-,ex-出；向上；向外；加强意义	ex-（出）+port（港口）→运出港口→出口	export coffee 出口咖啡<br>exports th.to sp.出口某物到某地	[派] exportation n.出口<br>[反] import vt.进口	高频词 Word List 7	121
extract	ɪkˈstrækt	vt.提取；摘录[ekstraekt]n.[C,U]提取物；[C]摘录	e-,ef-,ex-出；向上；向外；加强意义	ex-（出）+tract（引）→从物质中引出有用成分→提取	extract knowledge 提取知识<br>extract an example 摘录例子	[派]extraction n.提取<br>[近]abstract vt.提取	高频词 Word List 7	121
expense	ɪkˈspens	n.[pl.,U]费用；[常用 sing.]开销	e-,ef-,ex-出；向上；向外；加强意义	ex-（向外）+pens（支付）+e→向外支付的款项→费用	moving expenses 搬家费<br>cover expenses 支付费用	[派]expensive a.昂贵的<br>[近]cost n.费用	高频词 Word List 7	121
extend	ɪkˈstend	vt.扩大；延长；提供 vi 延伸	e-,ef-,ex-出；向上；向外；加强意义	ex-（向外）+tend（伸展）→向外伸展→扩大	plan to extend…计划扩大…<br>extend working hours 延长工作时间	[派]extension n.扩大；延伸<br>[近]expand v.扩大	高频词 Word List 7	122
extent	ɪkˈstent	n.[sing.,U]程度；范围	e-,ef-,ex-出；向上；向外；加强意义	ex-（向外）+tent（伸）→向外延伸的面积→范围	to an extent 在一定程度上<br>to some extent 在某种程度上園	[近] degree n.程度<br>[近]range n.范围	高频词 Word List 7	122
exact	ɪgˈzækt	a.准确的，确切的 vt.迫使	e-,ef-,ex-出；向上；向外；加强意义	ex-（加强意义）+act（做）→强行要求去做一迫使	an exact graduation rate 准确的毕业率<br>an exact size 准确的尺寸	[派]exactly ad.准确地；确切地<br>[近]accurate a.准确的	高频词 Word List 7	122
exchange	ɪksˈtʃeɪndʒ	n.[C,U] 交换；交流；[U] 兑换 vt.交换；交流	e-,ef-,ex-出；向上；向外；加强意义	ex-（加强意义）+change（兑换）→兑换	an exchange of prisoners 交换俘虏<br>in exchange for s th.换来某物	[派]exchangeable a.可交换的<br>[近]communication n.交流	高频词 Word List 7	122
cumulative	ˈkjuːmjələtɪv	a.累积的；渐增的；累计的	-at ive 形容词后缀，有……性质的	cum ul（堆积）+-at ive（形容词后缀）→堆积在一起的→累积的	cumulative grade 累积的成绩<br>cumulative advantage 累积的优势	[派]cumulatively ad.累积地<br>[近]accumulative a.累积的	高频词 Word List 7	122
petroleum	pəˈtrəʊliəm	n.[U] 石油	-um 名词后缀，表物、场所或抽象概念	词 petr（石）+ole（油）+-um（名词后缀）→石油	the amount of petroleum 石油量<br>the store of petroleum 石油储备		高频词 Word List 7	123
forum	ˈfɔːrəm	n.[C]论坛，讨论会；公共讨论场所	-um 名词后缀，表物、场所或抽象概念	for（门外）+-um（名词后缀）→在家门外交流、讨论→讨论会	use a forum to chat 使用论坛聊天<br>an online forum 在线论坛	[近] seminar n.研讨会	高频词 Word List 7	123
momentum	məˈmentəm	n.[U]动力；势头；动量	-um 名词后缀，表物、场所或抽象概念	moment（移动）+-um（名词后缀）→使物体移动的力量→动力	technological momentum 技术动力<br>a lot of momentum 强劲的动力	[近] impetus n.动力	高频词 Word List 7	123
curriculum	kəˈrɪkjələm	n.[C]全部课程； （特定的）课程	-um 名词后缀，表物、场所或抽象概念	cur r（跑）+i cul+-um（名词后缀）→跑遍教学楼上完全部课程→全部课程	a college curriculum 大学课程<br>create a curriculum 创办课程		高频词 Word List 7	123
indigenous	ɪnˈdɪdʒənəs	a.当地的；土生土长的	-Ous 形容词后缀，属于……的；有……的；多……的	in dig en（当地）+-ous（形容词后缀）→当地的	indigenous culture 当地文化<br>an indigenous regime 当地政权	[近]native a.当地的<br>[反]exotic a.外来的	高频词 Word List 7	123
various	ˈveəriəs	a.各种各样的；各种不同的	-Ous 形容词后缀，属于……的；有……的；多……的	vari（变化）+-ous（形容词后缀）→多种变化的一各种各样的	various diseases 各种疾病国<br>in various ways 以各种方式	[派]variously ad.不同地<br>[近]diverse a.各种各样的	高频词 Word List 7	124
numerous	ˈnjuːmərəs	a.众多的；许多的	-Ous 形容词后缀，属于……的；有……的；多……的	numer（数）+-ous（形容词后缀）→不计其数的→众多的	numerous advantages 众多优势<br>numerous big cities 许多大城市	[近]plentiful a.众多的	高频词 Word List 7	124
routine	ruːˈtiːn	a.常规的；日常的;例行的；平淡的 n.[C,U] 常规	-ine 形容词后缀，有……性质的名词后缀，表化学名词	rout（看作 route，路线）+-ine（形容词后缀）→路线相同的→引申为“常规的”	a routine operation 常规手术<br>a routine customer 日常客户	[派]routinely ad.常规地<br>[近] daily a.日常的	高频词 Word List 7	124
marine	məˈriːn	a.海洋的；海运的；海事的	-ine 形容词后缀，有……性质的名词后缀，表化学名词	mar（海洋）+-ine（形容词后缀）→海洋的	a marine animal 海洋动物<br>a marine sanctuary 海洋保护区	[派]mariner n.水手<br>[近]oceanic a.海洋的	高频词 Word List 7	124
gasoline	ˈgæsəliːn	n.[U] 汽油	-ine 形容词后缀，有……性质的名词后缀，表化学名词	gas+ol（同 ole，油）+-ine（名词后缀）一汽油	use gasoline as fuel 使用汽油作燃料<br>run out of gasoline 用光汽油	[近] petrol n.汽油	高频词 Word List 7	124
military	ˈmɪlɪtri	a.军事的；军用的；军人般的 n.[sing.][the~]军队	-ary 形容词后缀，有……性质的名词后缀，表抽象概念	milit（兵）+-ary（形容词后缀）一与士兵相关的→军事的	a military academy 军事院校<br>a military activity 军事活动	[派]militarily ad.在军事上<br>[近]martial a.军事的	高频词 Word List 7	125
ordinary	ˈɔːdnri	a.普通的;平常的	-ary 形容词后缀，有……性质的名词后缀，表抽象概念	or d in（顺序）+-ary（形容词后缀）→有顺序的→正常的→普通的	an ordinary tourist 普通游客<br>ordinary ingredients 普通配料	[派] ordinarily ad.普通地；平常地<br>[近]common a.普通的	高频词 Word List 7	125
secondary	ˈsekəndri	a.次要的；中学的；继发性的	-ary 形容词后缀，有……性质的名词后缀，表抽象概念	second（第二）+-ary（形容词后缀）→第二等的→次要的	be of secondary importance 是次要的<br>be secondary to…和……相比是次要的	[派] secondarily ad.其次<br>[近]minora.次要的	高频词 Word List 7	125
salary	ˈsæləri	n.[C,U]薪水（尤指按月发放的），工资	-ary 形容词后缀，有……性质的名词后缀，表抽象概念	sal（盐）+-ary（名词后缀）→定时发放用来买盐的钱一薪水（尤指按月发放的）	earn a salary 赚薪水<br>an average salary 平均薪资	[派]salaried a.拿薪金的<br>[近] wage n.工资	高频词 Word List 7	125
federal	ˈfedərəl	a.联邦的；联邦政府的	-al 形容词后缀，具有……性质的名词后缀，表抽象概念	feder（联盟）+-al（形容词后缀）→由多个联盟组成的一联邦的	a federal agency 联邦机构<br>the federal government 联邦政府	[派]federalist n.联邦主义者<br>[派]federation n.联邦	高频词 Word List 7	126
fiscal	ˈfɪskl	a.财政的	-al 形容词后缀，具有……性质的名词后缀，表抽象概念	fisc（钱包）+-al（形容词后缀）一关于钱的→财政的	provide a fiscal stimulus 提供财政刺激<br>fiscal benefits 财政收益	[派] fiscally ad.财政上<br>[近]financial a.财政的	高频词 Word List 7	126
legal	ˈliːgl	a.法律的；合法的；法律要求的	-al 形容词后缀，具有……性质的名词后缀，表抽象概念	leg（法律）+-al（形容词后缀）→法律的	abuse the legal system 滥用法律制度<br>a legal apparatus 法律机构		高频词 Word List 7	126
moral	ˈmɒrəl	a.道德的 n.[pl.]道德（规范）；品行	-al 形容词后缀，具有……性质的名词后缀，表抽象概念	mor（行为）+-al（形容词后缀）一有良好行为的→道德的	amoral issue 道德问题<br>amoral dilemma 道德困境	[派]morality n.道德<br>[近]ethical a.道德的	高频词 Word List 7	126
rural	ˈrʊərəl	a.农村的；乡村的	-al 形容词后缀，具有……性质的名词后缀，表抽象概念	rur（农村）+-al（形容词后缀）→农村的<br>vit（活）+-al（形容词后缀）一活着是至关重要的→至关重要的	a rural area 农村地区<br>a rural community 农村社区	[派] rural it y n.田园风光<br>[反] urban a. 城市的	高频词 Word List 7	126
vital	vaɪtl	a.至关重要的；对……极重要的	vit 活	vit（活）+-al（形容词后缀）→活着是至关重要的→至关重要的	a vital skill 至关重要的技能<br>a vital lesson 重要的一课<br>be vital for… 对……很重要<br>be vital to do sth. 做某事很重要<br>vital information 重要信息<br>a vital part of… ……的关键点	[派] vitally ad. 极其<br>[近] crucial a. 至关重要的	高频词 Word List 6	127
signal	ˈsɪgnəl	n.[C]信号 v.预示 v.示意 a.非凡的	-al 形容词后缀，具有……性质的名词后缀，表抽象概念	词 sign（信号）+-al（名词后级缀）-→信号	give a signal 发信号<br>a warning signal 警告信号	[派] signally ad. 显著地<br>[近] hint v.示意	高频词 Word List 7	127
indeed	ɪnˈdiːd	ad.实际上；的确	-al 形容词后缀，具有……性质的名词后缀，表抽象概念	in（在内）+deed（行动）→根据内心实际想法做出行动→实际上	Indeed,our own research and that of others lead us to make the opposite case.		高频词 Word List 8	128
upward	ˈʌpwəd	a.向上的；上升的	-al 形容词后缀，具有……性质的名词后缀，表抽象概念	up（向上）+ward（区）→朝向上方区域的一向上的	upward mobility 向上层社会的流动<br>an upward direction 向上		高频词 Word List 8	128
platform	ˈplætfɔːm	n.[C]平台；站台；讲台	-al 形容词后缀，具有……性质的名词后缀，表抽象概念	plat（一小块地）+form（形状）→一小块高出地面的方形区域→平台	a social media platform 社交媒体平台<br>an offshore platform 海上平台		高频词 Word List 8	128
network	ˈnetwɜːk	n.[C]网络	-al 形容词后缀，具有……性质的名词后缀，表抽象概念	net（网）+work（工作）→在工作中形成的网状关系→网络	a social network 社交网络<br>an alumni network 校友网	[派]networking n.人际关系网<br>[近]web n.网络	高频词 Word List 8	128
nationwide	ˌneɪʃnˈwaɪd	a.全国性的，遍及全国的	-al 形容词后缀，具有……性质的名词后缀，表抽象概念	nation（国家）+wide（广泛的）→广泛遍及全国的一全国性的	a nationwide study 全国性研究<br>a nationwide association 全国性的协会	[近]country wide a.全国性的	高频词 Word List 8	129
smartphone	ˈsmɑːtfəʊn	n.[C]智能手机	-al 形容词后缀，具有……性质的名词后缀，表抽象概念	smart（智能的）+phone（电话）一智能电话一智能手机	useasmartphone 使用智能手机<br>smartphonetechnology 智能手机技术		高频词 Word List 8	129
software	ˈsɒftweə(r)	n.[U]软件	-al 形容词后缀，具有……性质的名词后缀，表抽象概念	soft（软的）+ware（物品）→软件	financial software 财务软件<br>write software 编写软件		高频词 Word List 8	129
standpoint	ˈsteɪdənpɔɪnt	n.[常用 sing.]角度；观点	-al 形容词后缀，具有……性质的名词后缀，表抽象概念	stand（站）+point（点）→观察事物时所处的位置→角度	a medical standpoint 医学的角度<br>the standpoint of sb.某人的角度	[近] perspective n. 观点<br>[近]viewpoint n.观点	高频词 Word List 8	129
throughout	θruːˈaʊt	ad.自始至终 prep.贯穿；遍及	-al 形容词后缀，具有……性质的名词后缀，表抽象概念	through（从头至尾）+out（出现）→从头至尾都出现→自始至终	remain silent throughout 自始至终保持沉默<br>throughout ones lifetime 贯穿某人一生		高频词 Word List 8	129
underestimate	ˌʌndərˈestɪmeɪt	vt.低估；轻视[Andar'es tim at]n.[C,U] 低估	-al 形容词后缀，具有……性质的名词后缀，表抽象概念	under（在下面）+estimate（评估）→往平均水平以下评估一低估	underestimate the age 低估年龄<br>be underestimated by…被…低估	[反]overestimate vt.高估	高频词 Word List 8	129
underground	ˈʌndəgraʊnd	a.地下的 n.[sing.]地铁[Andograond]ad.在地下	-al 形容词后缀，具有……性质的名词后缀，表抽象概念	under（在下面）+ground（地面）→在地面以下的→地下的	the underground supply 地下水补给<br>an underground passage 地下通道	[近]metro n.地铁	高频词 Word List 8	130
undermine	ˌʌndəˈmaɪn	vt.逐渐削弱；损害；动摇（某人的地位或权威）	-al 形容词后缀，具有……性质的名词后缀，表抽象概念	under（在下面）+mine（埋雷于）→在地下埋雷→暗中破坏→损害	undermine the will 削弱意志<br>undermine the strength 削弱实力	[近] destroy vt.破坏<br>[反]strengthen v.加强	高频词 Word List 8	130
widespread	ˈwaɪdspred	a.普遍的；广泛的	-al 形容词后缀，具有……性质的名词后缀，表抽象概念	wide（广泛的）+spread（使分布）一分布广泛的→广泛的	widespread mistrust 普遍的不信任<br>be widespread in…在……中很普遍	[近]general a.普遍的<br>[近]extensive a.广泛的	高频词 Word List 8	130
wildlife	ˈwaɪldlaɪf	n.[U]野生动物；野生生物	-al 形容词后缀，具有……性质的名词后缀，表抽象概念	wild（野生的）+life（生物）一野生生物	wildlife conservation 野生动物保护<br>Arctic wildlife 北极野生动物		高频词 Word List 8	130
willpower	ˈwɪlpaʊə(r)	n.[U] 意志力，毅力	-al 形容词后缀，具有……性质的名词后缀，表抽象概念	will（意志）+power（力量）→意志力	a good dose of willpower 强大的意志力<br>increase the willpower 增强意志力	[近]backbone n.毅力	高频词 Word List 8	130
workforce	ˈwɜːkfɔːs	n.[C]劳动力；全体员工	-al 形容词后缀，具有……性质的名词后缀，表抽象概念	work（工作）+force（力）一有工作能力的人→劳动力	an American workforce 美国劳动力<br>as killed workforce 熟练的劳动力	[近]staff n.全体职工	高频词 Word List 8	131
worldwide	ˌwɜːldˈwaɪd	a.世界各地的 ad.世界各地地	-al 形容词后缀，具有……性质的名词后缀，表抽象概念	world（世界）+wide（广泛的）→在世界各地广泛分布的一>世界各地的	worldwide people 全世界的人<br>worldwide facilities 全球设施		高频词 Word List 8	131
background	ˈbækgraʊnd	n.[C]背景；出身	-al 形容词后缀，具有……性质的名词后缀，表抽象概念	back（后面的）+ground（背景）→后面的背景→背景	an educational background 教育背景<br>the background of……的背景		高频词 Word List 8	131
breakthrough	ˈbreɪkθruː	n.[C]突破	-al 形容词后缀，具有……性质的名词后缀，表抽象概念	break（打破）+through（穿过）→打开一个缺口然后穿过去→突破	make a breakthrough 取得突破<br>a dramatic breakthrough 巨大的突破		高频词 Word List 8	131
gentleman	ˈdʒentlmən	n.[C] 绅士;君子；先生	-al 形容词后缀，具有……性质的名词后缀，表抽象概念	gentle（温和的）+man（男人）→温和的男士→绅士	an upfront gentleman 坦率的绅士<br>a gentleman's agreement 君子协定		高频词 Word List 8	131
feedback	ˈfiːdbæk	n.[U] 反馈	-al 形容词后缀，具有……性质的名词后缀，表抽象概念	feed（提供）+back（回应）→对别人提供的信息作出回应一反馈	provide feedback 提供反馈<br>real-time feedback 实时反馈		高频词 Word List 8	131
greenhouse	ˈgriːnhaʊs	n.[C]温室	-al 形容词后缀，具有……性质的名词后缀，表抽象概念	green（绿色）+house（房屋）一培养绿植的玻璃房子→温室	a greenhouse setting 温室环境<br>greenhouse gas 温室气体園	[近]hothouse n.温室<br>[近]glasshousen.温室	高频词 Word List 8	132
guideline	ˈgaɪdlaɪn	n.[pl.]指导方针，准则；[C]参考	-al 形容词后缀，具有……性质的名词后缀，表抽象概念	guide（指引）+line（线）→用来指引路线的政策→指导方针	offer guidelines 提供指导方针<br>be given guidelines 得到指导方针		高频词 Word List 8	132
highlight	ˈhaɪlaɪt	vt.突出，强调；做标记 n.[C]最好的部分	-al 形容词后缀，具有……性质的名词后缀，表抽象概念	high（在高处）+light（光）→为了突显某人从舞台高处打下灯光一突出	highlight a difference 突出分歧<br>highlight the importance 强调重要性	[派]highlightern.荧光笔<br>[近]emphasize vt.强调	高频词 Word List 8	132
household	ˈhaʊshəʊld	n.[C]家庭 a.家务的，家庭的	-al 形容词后缀，具有……性质的名词后缀，表抽象概念	house（房屋）+hold（握住）一住在同一个房屋下紧握彼此双手→家庭	a single-parent household 单亲家庭<br>average household income 家庭平均收入	[近] family n.家庭<br>[近]domestica.家庭的	高频词 Word List 8	132
download	ˌdaʊnˈləʊd	vt.下载[da on laud]n.[C]已下载的数据资料	-al 形容词后缀，具有……性质的名词后缀，表抽象概念	down（下）+load（装载）→下载	download an app 下载应用程序<br>download the form 下载表格	[反]upload v.上传	高频词 Word List 8	132
downtown	ˌdaʊnˈtaʊn	a.市中心的 ad.在市中心，往市中心 n.[C] 市中心	-al 形容词后缀，具有……性质的名词后缀，表抽象概念	down（去）+town（市镇）一去市镇一往市中心	a new downtown area 新市中心<br>a downtown core 市中心国	[近]in town ad.在市中心	高频词 Word List 8	133
outcome	ˈaʊtkʌm	n.[C] 结果	-al 形容词后缀，具有……性质的名词后缀，表抽象概念	out（出）+come（来）→计算出来的结果→结果	an ideal outcome 理想的结果<br>reach a good outcome 取得好结果	[近]result n.结果<br>[近]consequence n.结果	高频词 Word List 8	133
counterpart	ˈkaʊntəpɑːt	n.[C]相对应的人或事	-al 形容词后缀，具有……性质的名词后缀，表抽象概念	counter（相对的事物）+part（部分）→相对的部分相对应的人或事	a counterpart of s th.某物的对应部分<br>a letter counterpart 同类信件		高频词 Word List 8	133
outdated	ˌaʊtˈdeɪtɪd	a.过时的；陈旧的	-al 形容词后缀，具有……性质的名词后缀，表抽象概念	out（完全地）+dated（过时的）→过时的	an outdated approach 过时的方法<br>outdated technology 过时的技术	[近]unfashionable a.过时的	高频词 Word List 8	133
outside	ˌaʊtˈsaɪd	prep.在……外面 ad.在外面[a ot said]a 外部的	-al 形容词后缀，具有……性质的名词后缀，表抽象概念	out（在外）+side（面）→外部	from the outside 从外部看<br>outside the classroom 在教室外	[派] outsider n.外人<br>[近] exterior n.外部	高频词 Word List 8	133
overall	ˌəʊvərˈɔːl	a.全面的；总体的 ad.总计[au varo:]n.[pl]工作服	-al 形容词后缀，具有……性质的名词后缀，表抽象概念	over（遍及）+all（所有的）→遍及所有领域→全面的	overall workforce 全体劳动力<br>overall graduation rate 总体毕业率		高频词 Word List 8	133
overseas	ˌəʊvəˈsiːz	a.海外的 ad.在国外；在海外	-al 形容词后缀，具有……性质的名词后缀，表抽象概念	over（穿过）+sea（海）+s 一穿过海洋的另一边→海外的	an overseas allowance 海外津贴<br>overseas businesspeople 海外的商人	[近]abroad ad.在国外	高频词 Word List 8	134
ongoing	ˈɒngəʊɪŋ	a.正在进行的；持续存在的；不间断的	-al 形容词后缀，具有……性质的名词后缀，表抽象概念	on（正在发生的）+going（现行的）→正在进行的	ongoing research 正在进行的研究<br>an ongoing project 正在进行的项目		高频词 Word List 8	134
landscape	ˈlændskeɪp	n.[常用 sing.]风景，景色；[C]局面	-al 形容词后缀，具有……性质的名词后缀，表抽象概念	land（陆地）+scape（花茎）→陆地上盛开的花朵→风景	disfigure the landscape 破坏风景<br>maintain a landscape 养护自然景观	[派]lands cap is tn.风景画家<br>[近]scenery n.风景	高频词 Word List 8	134
laptop	ˈlæptɒp	n.[C]笔记本电脑，手提电脑	-al 形容词后缀，具有……性质的名词后缀，表抽象概念		a standard laptop 常规笔记本电脑<br>use a laptop 使用笔记本电脑		高频词 Word List 8	134
livestock	ˈlaɪvstɒk	n.[pl.,U]牲口，牲畜	-al 形容词后缀，具有……性质的名词后缀，表抽象概念	live（活的）+stock（牲畜）→牲畜	hundreds of livestock s 数以百计的牲口<br>the health of livestock 牲畜的健康状况		高频词 Word List 8	134
therefore	ˈðeəfɔː(r)	ad.因此，所以	-al 形容词后缀，具有……性质的名词后缀，表抽象概念	Setting the right carbon price will therefore efficiently align the costs paid by		[近] thereby ad.因此<br>[近] hence ad.因此	高频词 Word List 8	135
target	ˈtɑːgɪt	n.[C] 目标；目的 vt.面向	-al 形容词后缀，具有……性质的名词后缀，表抽象概念		a target customer 目标客户園<br>endorse a target 确定一个目标園	[近]goal n.目标	高频词 Word List 8	135
habitat	ˈhæbɪtæt	n.[C,U]生活环境；栖息地	-al 形容词后缀，具有……性质的名词后缀，表抽象概念		provide a habitat 提供生活环境<br>an ideal habitat 理想的生活环境	[派]habitation n.住所	高频词 Word List 8	135
manage	ˈmænɪdʒ	vt.管理 v.完成（困难的事）vi.应付；勉强维持	-al 形容词后缀，具有……性质的名词后缀，表抽象概念		manage work 管理工作<br>manage a corporation 管理公司	[派] management n.管理<br>[近] regulate v.管理	高频词 Word List 8	135
standard	ˈstændəd	n.[C,U] 标准；水平 a.标准的；常规的	-al 形容词后缀，具有……性质的名词后缀，表抽象概念		set a standard 制定标准<br>the s aft y standard 安全标准	[派]standardize vt.使标准化<br>[近]criterion n.标准	高频词 Word List 8	135
nowadays	ˈnaʊədeɪz	ad.如今，现今，目前	-al 形容词后缀，具有……性质的名词后缀，表抽象概念		Nowadays universities are putting much more of a focus on their brands and what	[近] today ad.现今	高频词 Word List 8	135
stereotype	ˈsteriətaɪp	n.[C]模式化形象，刻板印象 vt.使定型	-al 形容词后缀，具有……性质的名词后缀，表抽象概念		a cultural stereotype 固定文化模式<br>confirm a stereotype 证实刻板印象图	[派]stereotypical a.带有成见的	高频词 Word List 8	136
guarantee	ˌgærənˈtiː	n.[C]保证 vt.保证	-al 形容词后缀，具有……性质的名词后缀，表抽象概念		provide a guarantee 提供保证<br>a safe guarantee 安全保证	[派]guaranteed a.有保证的<br>[近]assurance n.保证	高频词 Word List 8	136
alert	əˈlɜːt	a 警觉的；意识到 vt.使意识到;向……报警 n.[U] 警惕；[C]警报	-al 形容词后缀，具有……性质的名词后缀，表抽象概念		remain alert 保持警觉<br>be alert to s th.意识到某事		高频词 Word List 8	136
blame	bleɪm	vt.把……归答于；责怪 n.[U]责任；责备	-al 形容词后缀，具有……性质的名词后缀，表抽象概念		blame…oro.n……<br>blame the government 责怪政府	[派]blameless a.无过错的<br>[近]accuse vt.谴责	高频词 Word List 8	136
block	blɒk	n.[C]街区；大楼；块；[sing.]阻碍，障碍物 vt.阻碍	-al 形容词后缀，具有……性质的名词后缀，表抽象概念		the whole block 整个街区<br>an office block 办公大楼	[派] blockage n.阻塞物<br>[近]hamper vt.阻碍	高频词 Word List 8	136
boost	buːst	vt.提高，增强 n.[常用 sing.] 激励；提高	-al 形容词后缀，具有……性质的名词后缀，表抽象概念		boost efficiency 提高效率<br>boost morale 鼓舞士气	[近] enhance vt.提高<br>[近] strengthen v.增强	高频词 Word List 8	136
bother	ˈbɒðə(r)	v.麻烦，费心 n.[U] 麻烦，不便	-al 形容词后缀，具有……性质的名词后缀，表抽象概念		bother doing sth.麻烦去做某事<br>bother sb.about/with sth.给某人造成麻烦	[派] bothersome a.麻烦的<br>[近] trouble n.麻烦	高频词 Word List 8	137
bottle	ˈbɒtl	n.[C]瓶子；一瓶（的量）vt.把（液体）装入瓶中	-al 形容词后缀，具有……性质的名词后缀，表抽象概念		a label on the bottle 瓶子上的标签<br>an empty bottle 一个空瓶子	[派] bottled a.瓶装的	高频词 Word List 8	137
bound	baʊnd	a.一定会；受约束（必须做某事）vi.跳跃着跑	-al 形容词后缀，具有……性质的名词后缀，表抽象概念		be bound to do sth.一定会做某事<br>be bound by… 受……约束	[派] boundary n. 边界	高频词 Word List 8	137
breast	brest	n.[C] 乳房；胸部；[C,U] （禽类的）胸脯肉 vt.登上……的顶部	-al 形容词后缀，具有……性质的名词后缀，表抽象概念		breast cancer 乳腺癌<br>breast milk 母乳	[近]bosom n.乳房<br>[近] chest n.胸部	高频词 Word List 8	137
bridge	brɪdʒ	n.[C] 桥梁；纽带 vt.消除（分歧）	-al 形容词后缀，具有……性质的名词后缀，表抽象概念		build abridge 搭建桥梁<br>the weight of the bridge 桥的重量		高频词 Word List 8	137
bright	braɪt	a.光线充足的；明亮的；聪明的；鲜艳夺目的；有希望的	-al 形容词后缀，具有……性质的名词后缀，表抽象概念		bright sunshine 明媚的阳光<br>a bright tone 明亮的风格	[派] brighten v.（使）明亮<br>[近] brilliant a.聪明的	高频词 Word List 8	137
budget	ˈbʌdʒɪt	n.[C,U] 预算 a.便宜的	-al 形容词后缀，具有……性质的名词后缀，表抽象概念		a marketing budget 营销预算国<br>an average budget 平均预算	[派]budgetary a.预算的	高频词 Word List 8	138
bulb	bʌlb	n.[C] 电灯泡；球茎	-al 形容词后缀，具有……性质的名词后缀，表抽象概念		change the bulb 换灯泡<br>a specialized bulb 专用的灯泡图		高频词 Word List 8	138
bulk	bʌlk	n.[sing.]大部分；[U]（大）体积；大（量）	-al 形容词后缀，具有……性质的名词后缀，表抽象概念		the bulk of sth.某物的大部分<br>great bulk 大体积	[派] bulky a. 庞大的<br>[近] majority n. 大部分	高频词 Word List 8	138
bureau	ˈbjʊərəʊ	n.[C]局，处，科；机构	-al 形容词后缀，具有……性质的名词后缀，表抽象概念		the Bureau of Labor Statistics 劳工统计局<br>the Census Bureau 人口调查局	[近] department n. 局，处	高频词 Word List 8	138
case	keɪs	n.[C] 具体情况；事例；官司；案件；容器	-al 形容词后缀，具有……性质的名词后缀，表抽象概念		in many cases 在大多数情况下<br>a real life case 生活实例	[近] situation n.情况	高频词 Word List 8	138
cash	kæʃ	n.[U]现金；金钱，资金 vt.兑现（支票）	-al 形容词后缀，具有……性质的名词后缀，表抽象概念		use cash 使用现金<br>make inroads on cash 给现金带来冲击		高频词 Word List 8	138
cater	ˈkeɪtə(r)	]vi 迎合；满足……的需要 v 承办酒席	-al 形容词后缀，具有……性质的名词后缀，表抽象概念		cater.t.o…迎…<br>cater for demand 满足需求	[派] caterer n.餐饮公司	高频词 Word List 8	138
Celsius	ˈselsiəs	（亦作 Celcius） （abbr.C）a.摄氏（温度）的	-al 形容词后缀，具有……性质的名词后缀，表抽象概念		reach six degrees Celsius 达到 6 摄氏度<br>minus55degrees Celsius 零下 55 摄氏度图		高频词 Word List 8	139
chain	tʃeɪn	n.[C,U]链条，链子；[C]一系列；连锁店 vt.用锁链住	-al 形容词后缀，具有……性质的名词后缀，表抽象概念		a transaction chain 交易链<br>a short length of chain 一截短链条		高频词 Word List 8	139
club	klʌb	n.[C] 俱乐部	-al 形容词后缀，具有……性质的名词后缀，表抽象概念		an athletic club 运动俱乐部<br>the National Math Club 国家数学俱乐部	[派]club b able a.合群的，好交际的	高频词 Word List 8	139
coach	kəʊtʃ	n.[C] 教练；私人教师；长途汽车 vt.训练；辅导	-al 形容词后缀，具有……性质的名词后缀，表抽象概念		an athletic coach 体育教练<br>hire a coach 雇用私人教师	[派]coaching n.训练，培训；辅导	高频词 Word List 8	139
coal	kəʊl	n.[U] 煤；[常用 pl.]（尤指燃烧着的）煤块	-al 形容词后缀，具有……性质的名词后缀，表抽象概念		acoalpowerplant 燃煤发电厂<br>coal prices 煤炭价格		高频词 Word List 8	139
ceiling	ˈsiːlɪŋ	n.[C]天花板；屋顶；最高限度，上限	-al 形容词后缀，具有……性质的名词后缀，表抽象概念		hang from the ceiling 挂在天花板上<br>the color of the ceiling 天花板的颜色		高频词 Word List 8	139
channel	ˈtʃænl	n.[C]渠道，途径，方法；频道 vt.贯注；输送	-al 形容词后缀，具有……性质的名词后缀，表抽象概念		an online channel 线上渠道<br>a main channel 主要途径	[派] channel ize vt.疏导<br>[近]route n.渠道，途径	高频词 Word List 8	139
character	ˈkærəktə(r)	n[常用 sing]品质，性格；[常用 sing,U]特色；[C]人物；角色	-al 形容词后缀，具有……性质的名词后缀，表抽象概念		a moral character 品德<br>a quiet character 性格文静	[派]characteristic a.典型的 n.特征	高频词 Word List 8	140
chief	tʃiːf	a.首要的，主要的；首席的 n.[C]首领，最高领导人	-al 形容词后缀，具有……性质的名词后缀，表抽象概念		a chief consideration 首要考虑因素<br>a chief concern 主要顾虑	[派] chiefly ad.首要地<br>[近] primary a. 首要的	高频词 Word List 8	140
chip	tʃɪp	n.[C]炸薯条；芯片；碎屑 v.弄缺；削下	-al 形容词后缀，具有……性质的名词后缀，表抽象概念		potato chips 炸土豆<br>offer a chip 提供芯片	[派] chipper a.生气勃勃的	高频词 Word List 8	140
click	klɪk	v.使发出咔嗒声；点击 n.[C] 咔声；单击	-al 形容词后缀，具有……性质的名词后缀，表抽象概念		click fingers 打响指<br>click shut 咔嗒一声关上		高频词 Word List 8	140
column	ˈkɒləm	n.[C]柱，圆柱状物；纵队；专栏	-al 形容词后缀，具有……性质的名词后缀，表抽象概念		a massive column of rock 巨型石柱<br>a marble column 大理石柱	[派]columnist n.专栏作家<br>[近] pillar n. 柱子	高频词 Word List 8	140
cope	kəʊp	vi.处理，应对	-al 形容词后缀，具有……性质的名词后缀，表抽象概念		cope with the recession 处理经济危机<br>cope effectively with…有效地处理……	[近] manage vi. 应付<br>[近] dispose vt. 处理	高频词 Word List 8	140
male	meɪl	a.男性的；雄性的 n.[C] 男性；雄性	-al 形容词后缀，具有……性质的名词后缀，表抽象概念		male fields 男性领域<br>a male attacker 男性攻击者		高频词 Word List 8	140
element	ˈelɪmənt	n.[C]要素；基本部分；成分；[pl.] [the~]（尤指）风雨	-al 形容词后缀，具有……性质的名词后缀，表抽象概念		the second element 第二个要素国<br>an element of creativity 创造力的要素	[派]elementary a.初级的；基本的<br>[近] factor n.要素	高频词 Word List 8	141
elementary	ˌelɪˈmentri	a.初级的，基础的；基本的；小学的	-al 形容词后缀，具有……性质的名词后缀，表抽象概念		at an elementary level 处于初级水平<br>an elementary course 基础课程	[近] primary a.初级的	高频词 Word List 8	141
rank	ræŋk	n.[C,U] 地位，级别；军衔 v.把……分等级 a.完全的	-al 形容词后缀，具有……性质的名词后缀，表抽象概念		a painter of the first rank 一流的画家<br>a rank of major 少校军衔	[派] ranking n.排名	高频词 Word List 8	141
tackle	ˈtækl	t 处理，解决（难题或局面）；与某人交涉；（足球等比赛）抢断	-al 形容词后缀，具有……性质的名词后缀，表抽象概念		tackle a polluter 处理污染源<br>tackle a financial crisis 处理金融危机		高频词 Word List 8	141
entire	ɪnˈtaɪə(r)	a.整个的，全部的	-al 形容词后缀，具有……性质的名词后缀，表抽象概念		an entire conception 整套观念<br>an entire community 整个社会	[派]entirety n.全部<br>[近]overall a.全部的	高频词 Word List 8	141
crash	kræʃ	n.[C]撞车，相撞；[常用 sing.]碰撞声 v.碰撞 vi.暴跌	-al 形容词后缀，具有……性质的名词后缀，表抽象概念		a road crash 车祸園<br>a fatal crash 致命车祸		高频词 Word List 9	142
curb	kɜːb	vt. 控制,抑制 n.[C] 限制	-al 形容词后缀，具有……性质的名词后缀，表抽象概念		curb costs 控制成本<br>curb inflation 控制通货膨胀	[近] restrain vt.控制<br>[近]check vt.抑制	高频词 Word List 9	142
craft	krɑːft	n.[C, U] 手艺；工艺;[sing.] 技巧;[C] 宇宙飞船 vt.精心制作	-al 形容词后缀，具有……性质的名词后缀，表抽象概念		a traditional craft 传统手艺<br>the craft of sewing 缝纫工艺	[近] technology n.工艺<br>[近] skill n.技巧	高频词 Word List 9	142
fake	feɪk	a.假的；伪造的 vt.伪造；装 n.[C] 质品	-al 形容词后缀，具有……性质的名词后缀，表抽象概念		a fake capitalism 虚假的资本主义<br>fake science 伪科学	[近] artificial a.假的<br>[近] forge vt.伪造	高频词 Word List 9	142
fee	fiː	n.[C]费用；酬金，服务费	-al 形容词后缀，具有……性质的名词后缀，表抽象概念		an entrance fee 入场费<br>aTV licence fee 电视许可证费	[近] charge n.费用	高频词 Word List 9	143
flow	fləʊ	vi.流 n.[常用 sing., U] 流动；不断供应	-al 形容词后缀，具有……性质的名词后缀，表抽象概念		flow over sp.流经某地<br>flow from sp.从某地流出	[近]stream v.流	高频词 Word List 9	143
frame	freɪm	n.[C] 框架；构架；[常用 sing.]身材	-al 形容词后缀，具有……性质的名词后缀，表抽象概念		a picture frame 画框<br>a frame of tin 锡制框架	[近] shell n.框架<br>[近]framework n.框架	高频词 Word List 9	143
further	ˈfɜːðə(r)	ad.更远；进一步 a.更进一步的 vt.促进	-al 形容词后缀，具有……性质的名词后缀，表抽象概念		further away 更远<br>further limit sth.进一步限制某物		高频词 Word List 9	143
gadget	ˈɡædʒɪt	n.[C]小玩意，小器具	-al 形容词后缀，具有……性质的名词后缀，表抽象概念		a new gadget 新的小玩意<br>use a gadget 使用小工具	[近] tool n.器具<br>[近]device n.器具	高频词 Word List 9	143
grant	ɡrɑːnt	vt.准予，同意 n.[C]补助金	-al 形容词后缀，具有……性质的名词后缀，表抽象概念		grant a loan 批准贷款<br>grants b.sth.同意给某人某物	[近] agree v 同意	高频词 Word List 9	143
ham	hæm	n.[C,U] 火腿;[C] 拙劣演员	-al 形容词后缀，具有……性质的名词后缀，表抽象概念		a cured ham 烟熏火腿<br>a ham sandwich 火腿三明治	[派] ham my a. 过火的	高频词 Word List 9	144
harsh	hɑːʃ	a.残酷的；严厉的；恶劣的；强烈刺眼的	-al 形容词后缀，具有……性质的名词后缀，表抽象概念		seem harsh 似乎很残酷<br>a harsh penalty 严厉的处罚国	[派] harshly ad. 严厉地<br>[近] severe a. 严厉的	高频词 Word List 9	144
harvest	ˈhɑːvɪst	n.[C,U] 收获；[C] 收成 v.收割（庄稼）	-al 形容词后缀，具有……性质的名词后缀，表抽象概念		a satisfactory harvest 满意的收获<br>in harvest time 在收获时节	[近] reap v. 收割 (庄稼)	高频词 Word List 9	144
humor	ˈhjuːmə(r)	n.[U] 幽默;幽默感；[C, U] 心情	-al 形容词后缀，具有……性质的名词后缀，表抽象概念		full of humor 充满幽默<br>appropriate humor 适当的幽默	[派] humorous a.幽默的	高频词 Word List 9	144
hunt	hʌnt	v.猎杀；追捕 n.[常用 sing.]寻找；[C] 狩猎	-al 形容词后缀，具有……性质的名词后缀，表抽象概念		hunt deer 猎鹿<br>hunt alone 单独猎食		高频词 Word List 9	144
item	ˈaɪtəm	n.[C]项目；一件物品；一条（新闻）	-al 形容词后缀，具有……性质的名词后缀，表抽象概念		an item on the agenda 议程中的项目<br>an item of expenditure 支出项目	[派]itemize vt.列出清单	高频词 Word List 9	144
hang	hæŋ	v.悬挂；绞死 vi.逗留	-al 形容词后缀，具有……性质的名词后缀，表抽象概念		be hung on…被挂在……上<br>hang out the laundry 晾晒洗过的衣物	[派] hanging n. 绞刑<br>[派] hanger n. 衣架	高频词 Word List 9	144
honour	ˈɒnə(r)	n.[U]荣誉；尊敬；[sing.]荣幸 vt.尊重；表扬	-al 形容词后缀，具有……性质的名词后缀，表抽象概念		a badge of honour 荣誉勋章<br>in honour of…对…表示敬意	[派] honorable a.光荣的<br>[近] glory n. 荣誉	高频词 Word List 9	145
rush	rʌʃ	vi.迅速移动 vt.急着做 v.仓促行事 n.[sing.]匆忙；冲	-al 形容词后缀，具有……性质的名词后缀，表抽象概念		rush pasts b.从某人身边匆匆而过<br>rush to do sth.急于做某事	[近] hurry vi. 迅速移动	高频词 Word List 9	145
rubbish	ˈrʌbɪʃ	n.[U]垃圾；瞎说；废话	-al 形容词后缀，具有……性质的名词后缀，表抽象概念		a rubbish dump 垃圾堆<br>a rubbish bin 垃圾桶	[近] garbage n. 垃圾<br>[近] nonsense n.废话	高频词 Word List 9	145
route	ruːt	n.[C] 路线；固定线路；方法 vt.按某路线运送	-al 形容词后缀，具有……性质的名词后缀，表抽象概念		a migration route 迁徒路线<br>along a fixed route 沿固定路线	[近] path n. 路线	高频词 Word List 9	145
rear	rɪə(r)	n.[sing.] 后部；臀部 a.后面的 vt.养育 vi.耸立	-al 形容词后缀，具有……性质的名词后缀，表抽象概念		the rear of sth.某物的后部<br>the enemy rear 敌后方	[派]rearward a.后面的<br>[反]front n.前面	高频词 Word List 9	145
raw	rɔː	a.生的；未经加工的；原始的；擦破皮的；不熟练的	-al 形容词后缀，具有……性质的名词后缀，表抽象概念		raw bacon 生培根<br>raw sugar 原糖	[派]rawness n.半生不熟<br>[近]unripea.生的	高频词 Word List 9	145
path	pɑːθ	n.[C]小径；路线； （有助于实现某事的）道路，途径	-al 形容词后缀，具有……性质的名词后缀，表抽象概念		a wooden path 木制小径<br>walk along a path 沿小径前行	[近]way n.路线<br>[近]road n.途径	高频词 Word List 9	146
pave	peɪv	vt.（用砖石）铺（地）	-al 形容词后缀，具有……性质的名词后缀，表抽象概念		be paved wit.h……铺就<br>pave the way for…为…铺平道路		高频词 Word List 9	146
pile	paɪl	n.[C]；堆；[常用 pl]大量 v 起，堆放	-al 形容词后缀，具有……性质的名词后缀，表抽象概念		a pile of books 一书籍<br>a pile of leaves 一堆树叶	[近]heap n.一堆	高频词 Word List 9	146
pill	pɪl	n.[C]药片；[sing.] 口服避孕药	-al 形容词后缀，具有……性质的名词后缀，表抽象概念		a sleeping pill 安眠药<br>an aspirin pill 阿司匹林药片		高频词 Word List 9	146
pit	pɪt	n.[C] 深洞；深坑；核 vt.使……有凹陷	-al 形容词后缀，具有……性质的名词后缀，表抽象概念		dig a pit 挖洞<br>a stone pit 石坑	[近] holen.坑	高频词 Word List 9	146
plunge	plʌndʒ	v.（使）突然前冲（或下落）vi.骤降；暴跌 n.[常用 sing.]暴跌	-al 形容词后缀，具有……性质的名词后缀，表抽象概念		plunges b.forward 使某人突然向前冲去<br>plunge into the water 坠入水中	[近]plummet vi.暴跌<br>[近]crash n.暴跌	高频词 Word List 9	146
pond	pɒnd	n.[C]池塘	-al 形容词后缀，具有……性质的名词后缀，表抽象概念		the pollutant in ponds 池塘的污染物<br>a nearby pond 附近的池塘		高频词 Word List 9	147
pretty	ˈprɪti	a.漂亮的；标致的 ad.相当；很	-al 形容词后缀，具有……性质的名词后缀，表抽象概念		a pretty blue design 漂亮的蓝色图案<br>a very pretty girl 一个非常标致的女孩	[近]beautiful a.漂亮的<br>[近] considerably ad. 很	高频词 Word List 9	147
fraud	frɔːd	n.[C,U] 欺诈，诈骗；[C] 骗子	-al 形容词后缀，具有……性质的名词后缀，表抽象概念		beara fraud risk 承担欺诈风险<br>a double fraud 双重欺诈	[派]fraudulent a.欺诈的<br>[近]deceit n.欺诈	高频词 Word List 9	147
era	ˈɪərə	n.[C] 时代；年代；纪元	-al 形容词后缀，具有……性质的名词后缀，表抽象概念		the Victorian era 维多利亚时代<br>a connected era 互联网时代国	[近] age n. 时代<br>[近] time n. 时代	高频词 Word List 9	147
examine	ɪɡˈzæmɪn	vt.检查；调查；考察	-al 形容词后缀，具有……性质的名词后缀，表抽象概念		examine sth. or…因……检查某物<br>examine a relationship 调查关系	[派]examination n.检查<br>[近] inspect vt.检查	高频词 Word List 9	147
mere	mɪə(r)	a.仅仅的，只不过，单单	-al 形容词后缀，具有……性质的名词后缀，表抽象概念		a me regeneration 仅仅一代人園<br>a mere formality 只不过是个形式	[派] merely ad.仅仅；只不过	高频词 Word List 9	147
metal	ˈmetl	n.[C,U]金属	-al 形容词后缀，具有……性质的名词后缀，表抽象概念		precious metals 贵重金属<br>malleable metals 可锻造的金属	[派]metallica.金属般的	高频词 Word List 9	147
nest	nest	n.[C]鸟巢 vi.筑巢	-al 形容词后缀，具有……性质的名词后缀，表抽象概念		build a nest 筑巢<br>an eagle's nest 鹰巢	[派] nestling n. 雏鸟	高频词 Word List 9	148
nut	nʌt	n.[C] 坚果;螺母 a.[-s] 发疯的	-al 形容词后缀，具有……性质的名词后缀，表抽象概念		ferry nuts 运送坚果<br>crack a nut 破开坚果	[派] nutty a.坚果味的	高频词 Word List 9	148
schedule	ˈʃedjuːl	n.[C,U] 日程安排；[C] 时刻表 vt.安排；预定	-al 形容词后缀，具有……性质的名词后缀，表抽象概念		alter one's schedule 改变某人的日程表<br>a tight schedule 紧凑的时间安排	[派]scheduled a.事先安排的<br>[近]timetable n.时刻表	高频词 Word List 9	148
screen	skriːn	n.[C]屏幕；银幕 vt.保护	-al 形容词后缀，具有……性质的名词后缀，表抽象概念		via a screen 透过屏幕<br>a computer screen 计算机屏幕		高频词 Word List 9	148
shed	ʃed	n.[C]棚（用于贮藏物品）；小屋 vt.摆脱；散发出光；流	-al 形容词后缀，具有……性质的名词后缀，表抽象概念		in a shed 在棚子里<br>towardsashed 通向小屋	[近]cabin n.小屋<br>[近]stream v.流	高频词 Word List 9	148
shift	ʃɪft	v.转移 n.[C]改变；轮班	-al 形容词后缀，具有……性质的名词后缀，表抽象概念		shift attention 转移注意力图<br>shift oc usa way from…不再关注…	[派] shifting a. 不断移动的<br>[近]transfer v.转移	高频词 Word List 9	148
spot	spɒt	n.[C]地点；位置 vt.看见；看出	-al 形容词后缀，具有……性质的名词后缀，表抽象概念		a scenic spot 景点<br>a sweet spot 最佳点	[近] place n.地点<br>[近] location n.地点	高频词 Word List 9	149
staff	stɑːf	n.[sing.,U] 职员 vt. 由……供职	-al 形容词后缀，具有……性质的名词后缀，表抽象概念		a staff room 职员室<br>high quality staff 高素质员工	[派] staffing n. 人员配备<br>[派] staffer n.雇员	高频词 Word List 9	149
stale	steɪl	a.不新鲜的；难闻的；老掉牙的；陈腐的	-al 形容词后缀，具有……性质的名词后缀，表抽象概念		stale bread 不新鲜的面包<br>go stale 过期	[派] stalenessn.陈腐，腐败<br>[近]trite a.陈腐的	高频词 Word List 9	149
steam	stiːm	n.[U]蒸汽；蒸汽动力；水汽 v.蒸（食物）	-al 形容词后缀，具有……性质的名词后缀，表抽象概念		generate steam 产生蒸汽<br>a steam train 一辆蒸汽火车	[派] steamy a. 充满蒸汽的<br>[近] vapour n. 蒸气	高频词 Word List 9	149
struggle	ˈstrʌɡl	vi 奋斗，努力；斗争；挣扎；艰难地行进 n.[C]斗争	-al 形容词后缀，具有……性质的名词后缀，表抽象概念		tend to struggle 仍需奋斗<br>struggle to do sth.努力做某事	[近] attempt vt. 努力	高频词 Word List 9	149
switch	swɪtʃ	n.[C]开关；转变 v.改变，转变 vt.调换	-al 形容词后缀，具有……性质的名词后缀，表抽象概念		a master switch 主开关<br>a switch from A to B 从 A 到 B 的转变	[近] change vi.改变	高频词 Word List 9	149
source	sɔːs	n.[C]来源；根源；[常用 pl.]信息来源	-al 形容词后缀，具有……性质的名词后缀，表抽象概念		find a fuel source 找到燃料来源園<br>clean energy sources 清洁能源團	[近] origin n.来源	高频词 Word List 9	150
stick	stɪk	v.插入；粘贴 n.[C] 枯枝	-al 形容词后缀，具有……性质的名词后缀，表抽象概念		stick sth.through sp.把某物插入某处<br>stick in sth.插进某物	[派]sticker n.小贴纸	高频词 Word List 9	150
tank	tæŋk	n.[C]箱，罐；坦克	-al 形容词后缀，具有……性质的名词后缀，表抽象概念		fill up a tank 把箱子装满園<br>a special tank 一种特殊的箱子	[派]tanker n.油轮	高频词 Word List 9	150
tap	tæp	v.轻敲，轻拍；利用，开发 n.[C]水龙头	-al 形容词后缀，具有……性质的名词后缀，表抽象概念		tap at the door 轻轻敲门<br>tap sb.on the shoulder 轻拍某人的肩膀	[近] knock vi 敲<br>[近]pat vt.轻拍	高频词 Word List 9	150
theft	θeft	n.[C,U]盗窃（罪）	-al 形容词后缀，具有……性质的名词后缀，表抽象概念	a theft on campus 校园盗窃事件<br>the theft of……国<br>identity theft 身份窃取<br>guard against theft 防盗<br>accuses b.of theft 指控某人犯有盗窃罪<br>be on trial for theft 因盗窃罪受审判		[近] robbery n.盗窃	高频词 Word List 9	150
threat	θret	n.[C,U] 威胁；[常用 sing, ,U] 征兆	-al 形容词后缀，具有……性质的名词后缀，表抽象概念		remove a threat 消除威胁<br>wake up to a threat 意识到威胁	[派] threatened a.受到威胁的<br>[近] danger n.威胁	高频词 Word List 9	150
throw	θrəʊ	v.扔，投，抛 n.[C]掷（色子）	-al 形容词后缀，具有……性质的名词后缀，表抽象概念		throw a stone 扔石头<br>throws th……into……投入	[派]thrower n.投手<br>[近] pitch vt. 投	高频词 Word List 9	151
toll	təʊl	n.[C]（道路、桥梁的）通行费；[常用 sing.]伤亡人数 v.鸣（丧钟）	-al 形容词后缀，具有……性质的名词后缀，表抽象概念		pay a toll 付通行费<br>a toll road 收费道路		高频词 Word List 9	151
tongue	tʌŋ	n. [C] 舌头; 语言	-al 形容词后缀，具有……性质的名词后缀，表抽象概念		a split tongue 分裂的舌头<br>stick out ones tongue 伸出舌头	[近] language n. 语言	高频词 Word List 9	151
trade	treɪd	n.[U]贸易；[C]行业 v.做买卖	-al 形容词后缀，具有……性质的名词后缀，表抽象概念		international trade 跨国贸易国<br>take part in the trade 进行贸易	[近] commerce n.贸易<br>[近] industry n. 行业	高频词 Word List 9	151
trend	trend	n.[C]趋势	-al 形容词后缀，具有……性质的名词后缀，表抽象概念		identify a trend 认清趋势国<br>an ongoing trend 不断前进的趋势	[近] direction n.趋势<br>[近] tendency n.趋势	高频词 Word List 9	151
vary	ˈveəri	vi.（大小、形状等）相异 v.（使）变化	-al 形容词后缀，具有……性质的名词后缀，表抽象概念		vary by……而异<br>vary widely 大相径庭	[派]varied a.各种各样的<br>[近] differ vi.相异	高频词 Word List 9	151
wire	ˈwaɪə(r)	n.[C,U]金属丝；[C] 电线 vt.给……布线；给（某人）打电报	-al 形容词后缀，具有……性质的名词后缀，表抽象概念		use a wire in…在……中使用金属丝<br>be made with wire 由金属丝制成	[派]wireless a.无线的；无线电的<br>[派]wired a.联网的	高频词 Word List 9	152
yield	jiːld	vt.出产；提供 vi.屈服，屈从 n.[C,U] 产量	-al 形容词后缀，具有……性质的名词后缀，表抽象概念		yield fish 出产鱼类<br>yield new information 提供新信息	[近]succumb vi.屈服<br>[近]output n.产量	高频词 Word List 9	152
youth	juːθ	n.[U]青年时期；青春；[C]年轻人；[pL] （统称）青年人	-al 形容词后缀，具有……性质的名词后缀，表抽象概念		in ones youth 在某人年轻时<br>youth rebellion 青春期叛逆	[派] youthful a.年轻的<br>[派] young n. 年轻人	高频词 Word List 9	152
deck	dek	n.[C]甲板；层面 vt.装饰	-al 形容词后缀，具有……性质的名词后缀，表抽象概念		stand on a deck 站在甲板上<br>disappear below a deck 躲到甲板下面	[近]embellish vt.装饰<br>[近]decorate vt.装饰	高频词 Word List 9	152
deem	diːm	vt.认为；视为；相信	-al 形容词后缀，具有……性质的名词后缀，表抽象概念		be deemed impossible 被认为不可能<br>deem sth.a trick 认为某事是诡计	[近]consider vt.认为<br>[近]count v.认为	高频词 Word List 9	152
dip	dɪp	vt.蘸 v.下降 n.[C] 减少;低洼处	-al 形容词后缀，具有……性质的名词后缀，表抽象概念		dip st.h……into…把某物在……蘸一下<br>dip a toe in the water 涉足试做	[近] dunk vt.浸<br>[近]decline vi 下降	高频词 Word List 9	152
dozen	ˈdʌzn	（abbr.doz.）n.[C]一打，十二个；十多个；[pl.]很多	-al 形容词后缀，具有……性质的名词后缀，表抽象概念		a dozen eggs 一打鸡蛋<br>a dozen studies12 项研究	[近]twelve n.十二	高频词 Word List 9	153
drought	draʊt	n.[C,U]久旱，旱灾	-al 形容词后缀，具有……性质的名词后缀，表抽象概念		a prolonged drought 长时间的干旱<br>survive a drought 熬过旱灾		高频词 Word List 9	153
due	djuː	a.由于；预计；应有的；到期的；适当的 ad.正向	-al 形容词后缀，具有……性质的名词后缀，表抽象概念		duet……<br>be due to do sth.预定做某事	[近]expected a.预期的<br>[近] proper a.适当的	高频词 Word List 9	153
junk	dʒʌŋk	n.[U] 废旧物；垃圾食品 vt.丢弃	-al 形容词后缀，具有……性质的名词后缀，表抽象概念		a junk shop 旧货店<br>a junk market 废旧货市场	[派] junky a.无价值的<br>[近]was ten.废物	高频词 Word List 9	153
keen	kiːn	a.热衷的；着迷的；敏锐的；浓厚的；激烈的	-al 形容词后缀，具有……性质的名词后缀，表抽象概念		be keen todos th.热衰于做某事<br>be keen.on(doing)……对（做）……着迷	[派] keenly ad.敏锐地<br>[近]zealous a.热衷的	高频词 Word List 9	153
label	ˈleɪbl	n.[C] 标签；称谓 vt.贴标签于；把……称为	-al 形容词后缀，具有……性质的名词后缀，表抽象概念		a warning label 警示标签<br>use a label 使用标签	[近]ticket n.标签<br>[近] tag n.标签	高频词 Word List 9	153
lack	læk	n.[sing, ,U]缺乏 vt.缺少；缺乏	-al 形容词后缀，具有……性质的名词后缀，表抽象概念		a lack of s th.缺乏某物<br>lack of recovery 缺乏恢复	[派] lacking a.缺乏的<br>[近] shortage n.缺乏	高频词 Word List 9	154
ladder	ˈlædə(r)	n.[C]梯子；[常用 sing.]阶梯；途径	-al 形容词后缀，具有……性质的名词后缀，表抽象概念		climb up a ladder 爬上梯子<br>the social ladder 社会阶梯	[近]stepladder n.梯子<br>[近] approach n.途径	高频词 Word List 9	154
lamb	læm	n.[C] 羔羊，小羊；[U] 羊羔肉	-al 形容词后缀，具有……性质的名词后缀，表抽象概念		a newborn lamb 刚出生的小羊国<br>be followed by a lamb 被小羊跟着		高频词 Word List 9	154
leaf	liːf	n.[C]（pl. leaves）叶子；（书）页；[U]箔	-al 形容词后缀，具有……性质的名词后缀，表抽象概念		a pile of leaves 一堆树叶<br>a dead leaf 枯叶	[派]leafless a.无叶的<br>[近] page n.页	高频词 Word List 9	154
lean	liːn	vi.倾斜；倚靠 a.清瘦的；精简的	-al 形容词后缀，具有……性质的名词后缀，表抽象概念		lean towards s th.倾向于某物<br>lean on sth.依靠某物	[近]incline v.（使）倾斜	高频词 Word List 9	154
link	lɪŋk	n.[C] 联系；纽带；链接 vt.联系；连接	-al 形容词后缀，具有……性质的名词后缀，表抽象概念		focus on a link 侧重于联系<br>a vital link 重要的纽带作用	[派] linkage n.联系<br>[近]contact vt.联系	高频词 Word List 9	154
loan	ləʊn	n.[C]贷款；[sing.]借出 vt.借出	-al 形容词后缀，具有……性质的名词后缀，表抽象概念		a student loan 学生贷款<br>a federal loan 联邦贷款園	[近]borrowing n.贷款<br>[近] lend v.借出	高频词 Word List 9	155
mall	mɔːl	n.[C] 商场	-al 形容词后缀，具有……性质的名词后缀，表抽象概念		a crowded mall 拥挤的商场園<br>a shopping mall 购物商场		高频词 Word List 9	155
pyramid	ˈpɪrəmɪd	n.[C]金字塔；角锥体	-al 形容词后缀，具有……性质的名词后缀，表抽象概念		the Giza Pyramids 吉萨金字塔群<br>the east side of a pyramid 金字塔的东侧		高频词 Word List 9	155
odd	ɒd	a.奇怪的；不寻常的；可用的；单数的	-al 形容词后缀，具有……性质的名词后缀，表抽象概念		makes th.odd 使某事变奇怪<br>the odd sight 奇怪的景象	[派] oddity n.怪现象<br>[近] peculiar a.奇怪的	高频词 Word List 9	155
odds	ɒdz	n.[pl.]概率；逆境；不利条件	-al 形容词后缀，具有……性质的名词后缀，表抽象概念		influence the odds 影响概率<br>calculate odds 计算概率		高频词 Word List 9	155
innovate	ˈɪnəveɪt	v.创新	nov 新		innovate a system 创新制度<br>innovate a product 创新产品		中频词 Word List 1	156
renovate	ˈrenəveɪt	vt.翻新；修复；整修	nov 新	re-（再）+nov（新）+-ate（动词后缀）→使某物再次变新一翻新	renovate the outer garment 翻新外套<br>renovate a building 修复建筑		中频词 Word List 1	156
triple	ˈtrɪpl	a.三倍的；三部分的 v.（使）增至三倍	tri-三	tri-（三）+ple（倍）→三倍的	receive triple wages 领取三倍的工资<br>a triple alliance 三方同盟	[派]triply ad.三倍地<br>[近]threefold a.三倍的	中频词 Word List 1	157
tribe	traɪb	n.[C]部落；一类（人）	tri-三	tri-（三）+be→古罗马三大氏族组成的群体→部落	a primitive tribe 原始部落<br>belong to the tribe 属于该部落	[派]tribalism n.部落制度<br>[派]tribal a.部落的	中频词 Word List 1	157
trivial	ˈtrɪviəl	a.微不足道的；琐碎的	tri-三	tri-（三）+vi（路）+-al（形容词后缀）→在三条路交汇处聊鸡毛蒜皮的事情→琐碎的	a trivial relationship 微妙的关系<br>a trivial slip 小错误	[派] trivially ad.琐碎地<br>[派] triviality n.琐事	中频词 Word List 1	157
relax	rɪˈlæks	v.（使）放松	lax 放松	re-（再）+lax（放松）→（使）放松	relax vigilance 放松警惕<br>relax a muscle 放松肌肉		中频词 Word List 1	157
relish	ˈrelɪʃ	vt.期待；享受 n.[U] 享受；乐趣	lax 放松	re-（回）+lish（同 lax，放松）→回到放松的状态享受生活→享受	relish doing sth.期待做某事<br>relish the moment 享受现在	[近] enjoy vt.享受<br>[近] joy n.乐趣	中频词 Word List 1	157
scope	skəʊp	n.[sing.]范围；[U]机会；能力 vt.仔细看	scope 看	本身为词根，表示“看”→仔细看	the scope of s th.某物的范围<br>scope for promotion 提拔的机会	[近]extent n.范围	中频词 Word List 1	158
remote	rɪˈməʊt	a.偏远的；遥远的；关系较远的；远程的	mot 移动	re-（相反）+mot（移动）+e→朝相反的方向移动一越走越远的→偏远的	a remote area 偏远地区<br>be remote from…离……	[派]remotely ad.微弱地<br>[近]distant a.遥远的	中频词 Word List 1	158
locomotive	ˌləʊkəˈməʊtɪv	n.[C]机车；火车头 a.移动的；运动的	mot 移动	loco（位置）+mot（移动）+-ive（形容词后缀）一能移动位置的一移动的	as team locomotive 蒸汽机车<br>an onrushing locomotive 飞驰的火车头		中频词 Word List 1	158
motion	ˈməʊʃn	n.[sing,U] 运动;[C]动作	mot 移动	mot（移动）+-ion（名词后缀）→移动的状态→运动	a circular motion 圆周运动<br>the state of motion 运动的状态	[派]motionless a.静止的<br>[近]movement n.运动	中频词 Word List 1	158
negotiate	nɪˈɡəʊʃieɪt	v.协商；谈判	neg-否定	neg-（否定）+oti（闲暇）+-ate（动词后缀）→不停歇地谈判→协商	negotiate…with sb.与某人协商…<br>negotiate for/about…商…		中频词 Word List 1	158
negligible	ˈneɡlɪdʒəbl	a.微不足道的；可忽略不计的	neg-否定	neg-（否定）+lig（选择）+-ible（形容词后缀）→选择不去计较的→微不足道的	negligible damage 极轻微的损坏<br>have a negligible effect 有很小的作用	[近] insignificant a.微不足道的	中频词 Word List 1	159
negligent	ˈneɡlɪdʒənt	a.失职的；疏忽的；造成过失的	neg-否定		be negligent in doing sth.做某事失职<br>be negligent of one's duty 某人玩忽职守	[派] negligence n.疏忽<br>[近]inattentive a.疏忽的	中频词 Word List 1	159
globe	ɡləʊb	n[C]地球仪；球体；[sing] [the～] 世界（尤用以强调其大）；地球	glob 球体	glob（球体）+e→球体	a large globe 一个巨大的地球仪<br>a snow globe 雪花玻璃球	[派]global a.全球的<br>[近]earth n.地球	中频词 Word List 1	159
dome	dəʊm	n.[C]弯顶；圆屋顶	dom 房子	dom（房子）+e→半球形的房顶→穹顶	an ice dome 冰穹<br>a large semi-circular dome 半圆形大穹顶	[派]domed a.有圆顶的<br>[近] cupola n.穹顶	中频词 Word List 1	159
domain	dəˈmeɪn	n.[C] 领域，范畴；领土	dom 房子	dom（房子）+ain→房子所占的面积→范畴	a variety of domains 各个领域<br>a public domain 公共领域	[近]territory n.领域	中频词 Word List 1	159
ratio	ˈreɪʃiəʊ	n.[C] 比率；比例	ratio 推定	本身为词根，表示“推定”→推定某物占总数的量→比率	a much higher ratio 较高的比率<br>a price ratio 价格比率		中频词 Word List 1	159
sight	saɪt	n.[U]视力;看见；[C]景象	sight 眼光	本身为词根，表示“眼光”→引申为“视力”	good sight 视力很好<br>lose sight of……忽视…	[派]sightlessa.看不见的<br>[近]scene n.景象	中频词 Word List 1	160
fountain	ˈfaʊntən	n.[C] 喷泉； （液体或其他物质的）喷射；源泉	fount 喷泉	fount（喷泉）+ain→喷泉	s it by a fountain 坐在喷泉边<br>a view of a fountain 喷泉景观		中频词 Word List 1	160
multitude	ˈmʌltɪtjuːd	n.[C]许多，大量；人群	multi 多的	multi（多的）+-tude（名词后缀）一许多	a multitude of…许多……国<br>attract tourists in multitudes 吸引大量游客	[近]mass n.大量	中频词 Word List 1	160
multiple	ˈmʌltɪpl	a.数量多的；多种多样的 n.[C] 倍数	multi 多的	multi（多的）+ple（倍）→有很多倍的→数量多的	multiple colleges 多所学院图<br>multiple challenges 多种多样的挑战		中频词 Word List 1	160
render	ˈrendə(r)	vt.提供；使成为	render 给予	本身为词根，表示“给予”→引申为“提供”	render service 提供服务<br>renders b.assistance 向某人提供援助	[派]rendering n.表演<br>[近] offer vt.提供	中频词 Word List 1	160
rhythm	ˈrɪðəm	n.[C,U] 节奏；节律	rhythm 节奏	本身为词根，表示“节奏”	a good learning rhythm 良好的学习节奏<br>the strong sense of rhythm 强烈的节奏感	[派]rhythmic a.有节奏的	中频词 Word List 1	161
graph	ɡræf	n.[C] 图表；曲线图	graph 画；写	本身为词根，表示“画”→画出来的东西一图表	construct a graph 制作图表團<br>the feature of a graph 图表的特征	[派] graphic a.图像的<br>[近]chart n.图表	中频词 Word List 1	161
biography	baɪˈɒɡrəfi	n. [C, U] 传记	graph 画；写	bio（生命）+graph（写）+-y（名词后缀）→书写某人的生平→传记	a biography of sb.某人的传记<br>write a biography 写传记	[派] biographical a.传记的	中频词 Word List 1	161
bibliography	ˌbɪbliˈɒɡrəfi	n.[C] 书目； 参考书目	graph 画；写	biblio（书）+graph（写）+-y（名词后缀）→列出一批书的书名→书目	a select bibliography 精选书目<br>a subject bibliography 学科书目	[派] bibliographer n.目录学家<br>[近]reference n.参考书目	中频词 Word List 1	161
indulge	ɪnˈdʌldʒ	v.沉迷 vt.纵容；满足	indulge 享受乐趣	本身为词根，表示“享受乐趣”→过于享受而无法自拔→沉迷	indulge an obsession with…迷于……<br>indulge in fantasy 沉迷在想象之中	[派] indulgent a.纵容的<br>[近]uxuriatevi.沉涵于	中频词 Word List 1	161
embark	ɪmˈbɑːk	v.上船 vi.开始从事	em-,en-入；使…	em-（入）+bark（树皮）→进入木质的船舱一上船	embark passengers 让乘客上船<br>embark for sp.乘船去某地	[派]embarkation n.登船<br>[近]board v.上船	中频词 Word List 1	162
embed	ɪmˈbed	v.嵌入 vt.扎根于	em-,en-入；使…	em-（入）+bed（范围）一埋入一定的范围→嵌入	embed a text label 嵌入文本标签<br>embed a file 嵌入文件	[近]in set vt.嵌入	中频词 Word List 1	162
embarrass	ɪmˈbærəs	vt.使尴尬，使难堪；使陷入困境	em-,en-入；使…	em-（入）+barr（障碍）+ass→设置障碍阻止进入→使陷入困境	embarrass the host 让主人尴尬<br>embarrass sb……by……通过…让某人难堪		中频词 Word List 1	162
embody	ɪmˈbɒdi	vt.体现；代表；包含	em-,en-入；使…	em-（使……）+body（身体）一使身体呈现出某种状态→体现	embody a design concept 体现设计理念<br>embody a sense of honor 体现荣誉感		中频词 Word List 1	162
enlist	ɪnˈlɪst	v.征募； （使）参军；（使）入伍 vt.谋取	em-,en-入；使…	en-（入）+list（清单）→名字被写入征兵清单→征募	enlist recruits 征募新兵<br>decide to enlist 决定参军	[派]enlistment n.参军<br>[近]recruit v.征募（新兵）	中频词 Word List 1	162
endeavour	ɪnˈdevə(r)	（亦作 endeavor）n.[C,U]尝试，努力 vi.尽力	em-,en-入；使…	en-（使……）+dea（同 deb，欠债）+v our 一使某人努力偿还债款→努力	the first endeavour 初次尝试<br>a commercial endeavour 商业尝试国	[近]attempt n.尝试<br>[近]strive vi.努力	中频词 Word List 1	163
enrich	ɪnˈrɪtʃ	vt.使丰富；充实；使富有	em-,en-入；使…	en-（使……）+rich（富有）→使富有	enrich ones experience 丰富阅历<br>enrich ones mind 充实思维	[派]enrichment n.丰富	中频词 Word List 1	163
intervene	ˌɪntəˈviːn	vi 干预；介入；出面	ven,veni,vent 来;风	inter-（中间）+ven（来）+e→来到中间→干预	the means to intervene 干预手段<br>intervene effectively 有效干预	[派]intervention n.干涉<br>[近]interfere vt.干预	中频词 Word List 1	163
avenue	ˈævənjuː	n.[C]大街；林荫大道；途径；方法	ven,veni,vent 来;风	a-（往）+ven（来）+ue→行人在树木茂盛的道路上来来往往→林荫大道	on Park Avenue 在派克大街<br>along an avenue 沿着林荫大道	[近]pathway n.途径	中频词 Word List 1	163
convenient	kənˈviːniənt	a.方便的；便利的；附近的	ven,veni,vent 来;风	con-（全部）+veni（来）+-ent（形容词后缀）→全部用来供大家使用的→方便的	at a convenient time 在方便的时候<br>make life convenient 让生活便捷	[派]conveniently ad.方便地<br>[反]inconvenient a.不方便的	中频词 Word List 1	163
advent	ˈædvent	n.[sing.]出现，到来	ven,veni,vent 来;风	ad-（加强意义）+vent（来）→到来	the advent of technology 技术的出现<br>the advent of medicine 医疗的出现	[近] appearance n.到来	中频词 Word List 1	163
ventilate	ˈventɪleɪt	vt.使通风，使空气流通；公开表达（感情或意见）	ven,veni,vent 来;风	vent（风）+il+-ate（动词后缀）→使风吹进屋子→使通风	ventilate a room 给房间通风<br>be ventilated by……用……使空气流通	[派]ventilation n.通风<br>[近]air v.（使）通风	中频词 Word List 1	164
numerical	njuːˈmerɪkl	a.数字的；数值的	-ical 形容词后缀，……的	numer（数字）+-ical（形容词后缀）→数字的	in numerical order 按数字顺序<br>a numerical illiteracy 数字文盲	[派]numerically ad.用数字表示	中频词 Word List 1	164
empirical	ɪmˈpɪrɪkl	a.以实验（或经验）为依据的；经验主义的	-ical 形容词后缀，……的	em-（使）+pir（尝试）+-ical（形容词后缀）→尝试过才有依据的→经验主义的	an empirical result 实验结果<br>empirical data 实验数据		中频词 Word List 1	164
necessity	nəˈsesəti	n.[U] 必要；[C] 必需品	-ity 名词后缀，表性质、情况或状态	ne-（否定）+cess（行走）+-ity（名词后缀）→无法走开→离不开→必要	the necessity of doing sth.做某事的必要<br>have no necessity 没必要		中频词 Word List 1	164
velocity	vəˈlɒsəti	n.[C,U] 速度	-ity 名词后缀，表性质、情况或状态	velo c（速度）+-ity（名词后缀）→速度	an astonishing velocity 惊人的速度<br>gain velocity 加速	[近]speed n.速度	中频词 Word List 1	164
vicinity	vəˈsɪnəti	n.[sing.]附近	-ity 名词后缀，表性质、情况或状态	vic in（邻近）+-ity（名词后缀）→附近	in the vicinity of…在……附近<br>live in the vicinity 住在附近		中频词 Word List 1	165
equity	ˈekwəti	n.[U]公平；公正；资产净值	-ity 名词后缀，表性质、情况或状态	equ（平等）+-ity（名词后缀）→平等对待→公平	social equity 社会公平<br>gender equity 性别平等	[近]fairness n.公平<br>[反]inequity n.不公平	中频词 Word List 1	165
speciality	ˈspeʃəlti	（亦作 specialty）n.[C] 特产；专长；专业	-ity 名词后缀，表性质、情况或状态	spec（特别）+-ial（形容词后缀）+-ity（名词后缀）→某地特别著名的产品→特产	a foreign speciality 外国特产<br>a local speciality 土特产	[近] major n. 专业	中频词 Word List 1	165
clarity	ˈklærəti	n.[U] 清晰；思路清晰; (液体的）清澈度	-ity 名词后缀，表性质、情况或状态	clar（清楚）+-ity（名词后缀）一清晰	a lack of clarity in…在……方面不清晰<br>great clarity of style 风格清晰易懂		中频词 Word List 1	165
solidarity	ˌsɒlɪˈdærəti	n.[U] 团结；相互支持	-ity 名词后缀，表性质、情况或状态	solid（坚定）+ar+-ity（名词后缀）→所有人坚定地团结在一起→团结	preserve solidarity 维护团结<br>appeal for solidarity 呼吁团结	[近]unity n.团结	中频词 Word List 1	165
award	əˈwɔːd	n.[C]奖；奖状 vt.授予	ward 保护-ward 形容词或副词后缀，向……	a（加强意义）+ward（保护）→因保护弱者而得到奖励→奖	get an award for…因…而获奖<br>present an award to sb.向某人颁发奖状	[派]awardeen.获奖者<br>[近]grant vt.授予	中频词 Word List 1	165
awkward	ˈɔːkwəd	a.使人尴尬的；棘手的；不方便的； （姿势）别扭的	ward 保护-ward 形容词或副词后缀，向……	awk（错误方向）+-ward（形容词后缀）→在众人面前走向错误方向→使人尴尬的	an awkward period 尴尬的境地<br>an awkward question 棘手的问题	[派]awkwardly ad.笨拙的<br>[近]embarrassing a.令人尴尬的	中频词 Word List 1	166
downward	ˈdaʊnwəd	a.向下的；下降的	ward 保护-ward 形容词或副词后缀，向……	down（下）+-ward（形容词后缀）→向下的	places th.downward 把某物向下<br>put downward pressure 加大下行压力	[派]downwards ad.向下<br>[反]upward a.向上的	中频词 Word List 1	166
afterwards	ˈɑːftəwədz	ad.以后；后来	ward 保护-ward 形容词或副词后缀，向……	after（以后）+-ward（副词后缀）+s→以后	Charles arrived shortly afterwards.不久以后，查尔斯来了。	[近] after ad.以后	中频词 Word List 1	166
accountable	əˈkaʊntəbl	a.负有责任的	-able，-ible 形容词后缀，可……的；能……的 able 能力	ac-（加强意义）+count（计算）+-able（形容词后缀）→账目需要计算准确的→负有责任的	an accountable organization 负责机构<br>make oneself accountable 使自己有责任感	[派]accountability n.有责任<br>[近]responsible a.负有责任的	中频词 Word List 1	166
inevitable	ɪnˈevɪtəbl	a.不可避免的；必然（发生）的	-able，-ible 形容词后缀，可……的；能……的 able 能力	in-（不）+ev it（避免）+-able（形容词后缀）→不可避免的	an inevitable truth 不可避免的事实<br>be inevitable on……在……方面不可避免		中频词 Word List 1	166
liable	ˈlaɪəbl	a.有责任的；可能（做某事）；有……倾向的	-able，-ible 形容词后缀，可……的；能……的 able 能力	li（约束）+-able（形容词后缀）→能起到约束作用的一有责任的	be liable for…对……负责<br>a liable subject 责任主体	[派]liability n.（法律上对某事物的）责任	中频词 Word List 1	166
viable	ˈvaɪəbl	a.切实可行的；能存活的	-able，-ible 形容词后缀，可……的；能……的 able 能力	vi（同 viv，活着）+-able（形容词后缀）→能存活的	a viable alternative 可行的选择<br>a viable source 可用资源	[派]viability n.可行性<br>[近]feasible a.可行的	中频词 Word List 1	167
indispensable	ˌɪndɪˈspensəbl	a.必不可少的，不可或缺的	-able，-ible 形容词后缀，可……的；能……的 able 能力	in-（不）+dis-（否定）+pens（支付）+-able（形容词后缀）→不能不购买的→必不可少的	an indispensable part 必不可少的一部分<br>an indispensable book 必不可少的书	[近]essential a.必不可少的<br>[反]dispensable a.可有可无的	中频词 Word List 1	167
considerable	kənˈsɪdərəbl	a.相当大的；相当多的	-able，-ible 形容词后缀，可……的；能……的 able 能力	con-（加强意义）+sider（星星）+-able（形容词后缀）→比星星还多的→相当多的	a considerable gap 很大的差距<br>a considerable blow 巨大的打击	[派]considerably ad.非常<br>[近]sizeable a.相当大的	中频词 Word List 1	167
feasible	ˈfiːzəbl	a.可行的；行得通的	-able，-ible 形容词后缀，可……的；能……的 able 能力	fe as（做）+-ible（形容词后缀）→可以付诸实践的一可行的	a feasible solution 可行的方案<br>a feasible suggestion 可行的建议	[派] feasibility n.可行性<br>[近]viable a.切实可行的	中频词 Word List 1	167
credible	ˈkredəbl	a.可信的；可靠的	-able，-ible 形容词后缀，可……的；能……的 able 能力	c red（相信）+-ible（形容词后缀）→可信的	provide credible proof 提供可信的证据<br>a credible explanation 可信的解释	[派]credibly ad.可信地<br>[近]reliable a.可靠的	中频词 Word List 1	167
edible	ˈedəbl	a.可食用的，能吃的	-able，-ible 形容词后缀，可……的；能……的 able 能力	ed（吃）+-ible（形容词后缀）→能吃的	edible foods 可食用食品<br>the edible part 可食用部分	[派]edibilityn.可食性<br>[近]eatable a.可食用的	中频词 Word List 1	168
tangible	ˈtændʒəbl	a.有形的；实际的	-able，-ible 形容词后缀，可……的；能……的 able 能力	tang（接触）+-ible（形容词后缀）→可接触到的→有形的	tangible assets 有形资产<br>in a tangible form 以有形的形式	[近]concrete a.有形的<br>[反] intangible a.无形的	中频词 Word List 1	168
compatible	kəmˈpætəbl	a.兼容的	-able，-ible 形容词后缀，可……的；能……的 able 能力	com-（共同）+pat（同 pati，痛苦）+-ible（形容词后缀）→共同承受痛苦的→兼容的	be compatible with…与……兼容<br>compatible elements 兼容的元素	[派]compatibly ad.兼容地<br>[反]incompatible a.不兼容的	中频词 Word List 1	168
intelligible	ɪnˈtelɪdʒəbl	a.容易理解的，易懂的	-able，-ible 形容词后缀，可……的；能……的 able 能力	intel-（之间）+lig（选择）+-ible（形容词后缀）→可选出来的→容易理解的	make sth.intelligible 使某物容易理解<br>be intelligible to sb.对某人来说容易理解	[派] intelligibility n.可理解性<br>[近]accessible a.容易理解的	中频词 Word List 1	168
incredible	ɪnˈkredəbl	a.难以置信的；不可思议的；极好的；惊人的	-able，-ible 形容词后缀，可……的；能……的 able 能力	in-（不）+c red（相信）+-ible（形容词后缀）→不能相信的→难以置信的	an incredible lie 难以置信的谎言<br>an incredible story 不可思议的故事	[派]incredibly ad.难以置信地<br>[近]unbelievable a.难以置信的	中频词 Word List 1	168
eligible	ˈelɪdʒəbl	a.有资格的；合适的；合格的	-able，-ible 形容词后缀，可……的；能……的 able 能力	e-（出）+lig（选择）+-ible（形容词后缀）→选择出能胜任的→有资格的	be eligible to do sth.有资格做某事<br>be eligible for promotion 有资格晋级	[派] eligibility n.合格<br>[近]qualified a.有资格的	中频词 Word List 1	168
disable	dɪsˈeɪbl	vt.使伤残；使无效；使不能正常运转	-able，-ible 形容词后缀，可……的；能……的 able 能力	dis-（否定）+able（能力）→使丧失能力→使伤残	disables b.for life 造成某人终身残疾<br>be disabled in……在…残废了	[派]disabled a.有残废的<br>[近]maim vt.使残废	中频词 Word List 1	169
ignite	ɪɡˈnaɪt	v.点燃 vt.激起	-ite 动词后缀，做……形容词后缀，具有……性质的	ign（火）+-ite（动词后缀）→使着火→点燃	ignite one'sanger 点燃某人的怒火<br>ignite gas 点燃煤气	[派] ignition n.点燃<br>[近] light vt.点燃	中频词 Word List 1	169
finite	ˈfaɪnaɪt	a.有限的；限定的	-ite 动词后缀，做……形容词后缀，具有……性质的	fin（界限）+-ite（形容词后缀）→有界限的→有限的	a finite resource 有限的资源<br>a finite set of elements 有限元素集	[近]limited a.有限的<br>[反]infinite a.无限的	中频词 Word List 1	169
indefinite	ɪnˈdefɪnət	a.无限期的；期限不定的；模糊不清的	-ite 动词后缀，做……形容词后缀，具有……性质的	in-（无）+de-（加强意义）+fin（界限）+-ite（形容词后缀）→无限期的	an indefinite period 无限期<br>an indefinite strike 无限期罢工	[派] indefinitely ad.无限期地<br>[近]indistinct a.模糊不清的	中频词 Word List 1	169
carpenter	ˈkɑːpəntə(r)	n.[C] 木匠，木工	-ite 动词后缀，做……形容词后缀，具有……性质的	car（车）+pent+-er（名词后缀）→制作木质车辆的人→木匠	aska carpenter to dos th.请木匠做某事<br>engage a carpenter 雇用木匠		中频词 Word List 1	169
partner	ˈpɑːtnə(r)	n.[C]搭档；配偶；合伙人 vt.与……搭档	-ite 动词后缀，做……形容词后缀，具有……性质的		a partner on the project 项目上的搭档<br>a marriage partner 配偶	[派]partnership n.伙伴关系<br>[近]associate n.合伙人	中频词 Word List 1	170
glacier	ˈɡlæsiə(r)	n.[C]冰川 l;冰河	-ite 动词后缀，做……形容词后缀，具有……性质的	glaci（冰）+-er（名词后缀）→冰川	walk along a glacier 沿着冰川走<br>a mountain glacier 高山冰川		中频词 Word List 1	170
corner	ˈkɔːnə(r)	n.[C] 角落；街角 vt.逼…入绝境	-ite 动词后缀，做……形容词后缀，具有……性质的	corn（角）+-er（名词后缀）→角	a shadowy corner 阴暗的角落<br>a corner within science 科学领域的角落		中频词 Word List 1	170
carrier	ˈkæriə(r)	n.[C]运输工具；运送人；航空母舰	-ite 动词后缀，做……形容词后缀，具有……性质的	carr（负载）+i+-er（名词后缀）→用来负载的工具→运输工具	a common carrier 普通货车<br>anarmouredpersonnelcarrier 装甲运兵车		中频词 Word List 1	170
poster	ˈpəʊstə(r)	n.[C]海报	-ite 动词后缀，做……形容词后缀，具有……性质的	post（邮件）+-er（名词后缀）→邮件上的宣传页→海报	a funny poster 有趣的海报<br>appear on posters 出现在海报上	[近]placard n.海报	中频词 Word List 1	170
rubber	ˈrʌbə(r)	n.[U]橡胶；[C]橡皮；一局	-ite 动词后缀，做……形容词后缀，具有……性质的	rub（刮）+b+-er（名词后缀）→从橡胶树上刮下来的树胶→橡胶	the properties of rubber 橡胶的特性<br>a rubber band 橡皮筋		中频词 Word List 1	170
filter	ˈfɪltə(r)	vt.过滤 vi.隐约透过 n.[C]过滤器	-ite 动词后缀，做……形容词后缀，具有……性质的		filter water 过滤水<br>filter.out…过滤掉…	[近]filtration n.过滤<br>[近]strainern.滤器	中频词 Word List 1	170
linger	ˈlɪŋɡə(r)	vi.继续存留；逗留；花很长时间做（某事）；持续看	-ite 动词后缀，做……形容词后缀，具有……性质的		linger in the room 在房间里存留<br>linger for a few minutes 逗留儿分钟	[派] lingering a.拖延的<br>[近] stay vi 逗留	中频词 Word List 1	171
ponder	ˈpɒndə(r)	v.仔细思考，琢磨	-ite 动词后缀，做……形容词后缀，具有……性质的	pond（称量）+-er（动词后缀）→反复称量→反复考虑→仔细思考	ponder a question 思考问题<br>inspires b.to ponder 启发某人思考	[派]ponderous a.慢条斯理的<br>[近]consider v.仔细考虑	中频词 Word List 1	171
layer	ˈleɪə(r)	n.[C]层；层次 vt.把……分层堆放	-ite 动词后缀，做……形容词后缀，具有……性质的	lay（放置）+-er（动词后缀）→把东西分层放置→把……分层堆放	the outer layer of sth.某物的外层<br>a thin layer of dust 薄薄的一层灰尘		中频词 Word List 1	171
sinister	ˈsɪnɪstə(r)	a.邪恶的；阴险的；不祥的	-ite 动词后缀，做……形容词后缀，具有……性质的	s in is t（左）+-er（形容词后缀）→左边的→古欧洲人认为左边是不吉利的→不祥的	a sinister plot 邪恶的阴谋<br>a sinister motive 邪恶的用心		中频词 Word List 1	171
bitter	ˈbɪtə(r)	a.味苦的；愤愤不平的；使人悲痛的；刺骨的	-ite 动词后缀，做……形容词后缀，具有……性质的	bit（咬）+t+-er（形容词后缀）→刺骨的寒风令人咬紧牙关→刺骨的	a bitter taste 苦味<br>a bitter feeling 怨恨的感觉	[派]bitterness n.苦味<br>[近] painful a.令人痛苦的	中频词 Word List 1	171
proceed	prəˈsiːd	vi.接着做，继续做；行进	pro-前	pro-（前）+ceed（走）→继续往前走一接着做	proceed to explains th.接着解释某事<br>proceed with s th.继续做某事		中频词 Word List 2	172
profound	prəˈfaʊnd	a.深远的；巨大的；深奥的	pro-前	pro-（前）+found（基础）→前面有基础的→有根基的→深远的	have a profound effect 产生深远的影响<br>a profound disorientation 深深的迷茫		中频词 Word List 2	172
pronounce	prəˈnaʊns	vt.读（音），发音；正式宣布 v.发表意见	pro-前		pronounce ones name 读某人的名字<br>be pronounced dead 被宣告死亡	[派]pronunciation n.发音<br>[近] declare vt.宣布	中频词 Word List 2	172
propose	prəˈpəʊz	vt.建议；提出 v.求婚	pro-前	pro-（前）+pos（放置）+e→把观点放到公众面前→建议	be proposed to do sth.被建议做某事<br>propose a new measure 提出新方法	[派] proposal n.建议<br>[近] suggest vt. 建议	中频词 Word List 2	173
propel	prəˈpel	vt.推动；驱使	pro-前	（）+（）-	propel a boat 推动船只<br>be propelled by… 受…的推动	[派] propeller n.螺旋桨<br>[近]drive vt.驱使	中频词 Word List 2	173
prosper	ˈprɒspə(r)	vi.繁荣；兴旺	pro-前		continue to prosper 持续繁荣<br>be bound to prosper 注定繁荣	[派] prosperity n.繁荣<br>[派] prosperous a.繁荣的	中频词 Word List 2	173
temple	ˈtempl	n.[C]庙宇，寺庙，寺院	temp l 庙	t<br>temp l（庙）+e→寺庙	an ancient temple 古庙<br>a Buddhist temple 佛寺		中频词 Word List 2	173
postpone	pəˈspəʊn	vt.推迟；延期；延缓	pon 放置	post-（后）+pon（放置）+e 一把事情往后放→推迟	postpones th.until…把某事推迟到…<br>postpone doing sth.推迟做某事	[派]postponement n.延期<br>[近]defer vt.推迟	中频词 Word List 2	173
tense	tens	a.紧张的 n.[C,U] 时态	tens 延伸	tens（延伸）+e 一无限延伸的一拉紧的一神经绷紧的一紧张的	the tense atmosphere 紧张的气氛<br>the tense situation 紧张的局势	[派]tensely ad.紧张地<br>[近]intense a.紧张的	中频词 Word List 2	174
ideology	ˌaɪdiˈɒlədʒi	n.[C,U] 思想（体系）；意识形态	ideo 思想	ideo（思想）+-logy（名词后缀）→思想（体系）	a new ideology 新思想体系<br>communist ideology 共产主义思想	[派]ideological a.意识形态的	中频词 Word List 2	174
reckon	ˈrekən	v.认为 vt.估算；预计；被看作是	reck 留意	reck（留意）+on→留意到某事并以此为依据进行猜测→预计	be reckoned as sth.被认为是某事<br>reckon the costs 估算成本	[派] reckoning n.估算<br>[近]estimate vt.估算	中频词 Word List 2	174
reckless	ˈrekləs	a.鲁莽的；不计后果的，无所顾忌的	reck 留意	reck（留意）+-less（形容词后缀）→没有留意的一鲁莽的	a reckless nature 鲁葬的性格<br>reckless driving 鲁莽驾驶	[派]recklessly ad.鲁葬地<br>[近] rash a.鲁葬的	中频词 Word List 2	174
trace	treɪs	vt.追溯 n.[C,U] 踪迹;[C] 微量	tra 拖；拉	tra（拖）+ce 一沿着拖拽物品留下的痕迹去寻找→追溯	be traced back to…追溯到……<br>trace the history 追溯历史		中频词 Word List 2	174
trail	treɪl	n.[C]痕迹；踪迹 v.落后 vt.跟踪	tra 拖；拉	tra（拉）+il→在地上拉着东西走留下的印迹→痕迹	a trail of…一连……的痕迹<br>be on the trail of sb.追踪某人		中频词 Word List 2	175
elaborate	ɪˈlæbərət	a.精心制作的[rlaebareit]v.详尽阐述 vt.周密制定	labor 工作	e-（出）+labor（工作）+-ate（形容词后缀）→通过认真工作做出的→精心制作的	an elaborate trick 精心设计的骗术<br>elaborate ones argument 阐述某人的论点	[派]elaboration n.精心制作	中频词 Word List 2	175
collaborate	kəˈlæbəreɪt	vi.合作；勾结敌人	labor 工作	col-（一起）+labor（工作）+-ate（动词后缀）→一起工作→合作	collaborate in doings th.合作做某事<br>collaborate on a project 合作项目	[派]collaboration n.合作<br>[近]cooperate vi.合作	中频词 Word List 2	175
monopoly	məˈnɒpəli	n.[C]垄断；[常用 sing.]专利	mono-单一	mono-（单一）+poly（卖）→唯一的卖家→垄断	the telephone monopoly 电话垄断<br>a virtual monopoly 实质上的垄断	[派]monopolize vt.垄断<br>[派]monopolist n.垄断者	中频词 Word List 2	175
triumph	ˈtraɪʌmf	n.[C,U]成功，伟大胜利；[U]喜悦 vi.战胜	triumph 成功	本身为词根，表示“成功”	a modernist triumph 现代主义的成功<br>ultimate triumph 最终的胜利	[近]victory n.成功<br>[反]failure n.失败	中频词 Word List 2	175
ritual	ˈrɪtʃuəl	n.[C,U]宗教仪式；习惯 a.仪式上的	ritual 宗教仪式	本身为词根，表示“宗教仪式”	a ritual to……的宗教仪式<br>apart of ritual 宗教仪式的一部分		中频词 Word List 2	176
conserve	kənˈsɜːv	vt.保存；保护；节约，节省	serv 保持；服务	con-（加强意义）+serv（保持）+e→保持下来→保存	conserve strength 保存体力<br>conserve the environment 保护环境	[派]conservative a.保守的<br>[近]preserve vt.保存	中频词 Word List 2	176
conservative	kənˈsɜːvətɪv	a.保守的；守 l 旧的；传统的；[C-]保守党的	serv 保持；服务	con-（加强意义）+serv（保持）+-at ive（形容词后缀）一保持旧规不变的一保守的	a conservative view 保守的观点<br>a conservative suit 老派着装		中频词 Word List 2	176
servant	ˈsɜːvənt	n.[C]仆人；职员	serv 保持；服务	serv（服务）+-ant（名词后缀）→服务人员一仆人	belong to the servants 属于仆人<br>servant shortage 仆人短缺	[近] lackey n.仆人	中频词 Word List 2	176
victim	ˈvɪktɪm	n.[C]受害者；牺牲品	vict 牺牲；战胜	vict（牺牲）+im→牺牲品	a victim of……的受害者<br>fall victim……t……成为…的受害者		中频词 Word List 2	176
victory	ˈvɪktəri	n.[C,U]胜利，成功	vict 牺牲；战胜	vict（战胜）+-ory（名词后缀）→胜利	win a victory 获得胜利<br>victory over/against sb.战胜某人		中频词 Word List 2	177
react	riˈækt	vi（对……）作出反应；反对；起化学反应	act 做；行动；引导	re-（反对）+act（做）→反对做某事→反对	react to s th.对某事作出反应<br>react against…反对…	[派]reaction n.反应<br>[派]reactive a.反应的	中频词 Word List 2	177
activate	ˈæktɪveɪt	vt.激活	act 做；行动；引导	act（行动）+iv+-ate（动词后缀）一使……行动起来一激活	activate the gene 激活基因<br>activate the region of…激活……区域		中频词 Word List 2	177
interact	ˌɪntərˈækt	vi.相互作用；互动；交流	act 做；行动；引导	inter-（相互）+act（引导）一相互引导→相互作用	interact on each other 相互作用<br>interact with sb.与某人互动		中频词 Word List 2	177
consensus	kənˈsensəs	n.[sing,U]一致的意见，共识	sens,sent 感觉；意义	con-（共同）+sens（感觉）+us→共同的感觉一共识	a growing consensus of……对…日趋一致<br>come to a consensus 达成共识		中频词 Word List 2	177
sensation	senˈseɪʃn	n.[C] 感觉；[U]知觉能力	sens,sent 感觉；意义	sens（感觉）+-ation（名词后缀）一感觉	a mild warming sensation 轻微的暖意<br>a sensation of falling 坠落的感觉	[近]feeling n.感觉<br>[近]sense n.感觉	中频词 Word List 2	177
nonsense	ˈnɒnsns	n.[C,U]谬论；胡扯；[U]不可接受的行为	sens,sent 感觉；意义	non-（否定）+sens（意义）+e→没有意义的言论→谬论	an economic nonsense 经济学上的谬论<br>religious nonsense 宗教的荒谬言论	[近] fallacy n.谬论<br>[近]rubbish n.胡说八道	中频词 Word List 2	178
consent	kənˈsent	n.[U] 同意 vi 同意	sens,sent 感觉；意义	con-（加强意义）+sent（感觉）一感觉某人的观点很有道理一同意	withhold one's consent 拒不同意<br>the written consent 书面同意		中频词 Word List 2	178
sentiment	ˈsentɪmənt	n.[C,U] 观点；情绪；[U] 伤感	sens,sent 感觉；意义	sent（感觉）+i+-ment（名词后缀）一多种感觉综合产生的心理状态一情绪	agree with ones sentiment 同意某人的观点<br>public sentiment 公众情绪	[派]sentimental a.伤感的<br>[近]viewpoint n.观点	中频词 Word List 2	178
surface	ˈsɜːfɪs	n.[C]表面；[常用 sing.]水面	sur-上；超过 sur 确信	sur-（上）+face（表面）→表面	minimize the surface area 表面最小化<br>on the surface 表面上		中频词 Word List 2	178
surveillance	sɜːˈveɪləns	n.[U]监视	sur-上；超过 sur 确信	Sur-（上）+veil（同 vid，看）+｜+-ance（名词后缀）→从上面看一监视	surveillance equipment 监视设备<br>limit surveillance 限制监听		中频词 Word List 2	178
surround	səˈraʊnd	vt.（使）包围；围绕 n.[C]（物品的）边	sur-上；超过 sur 确信	sur ro（同 sur-，超过）+und（溢出）→超过水位后溢出来→被水包围→（使）包围	surround…wit.h……包…<br>be surrounded by…被…围	[派]surrounding a.周围的<br>[近]enclose vt.包围	中频词 Word List 2	178
surpass	səˈpɑːs	v.超过	sur-上；超过 sur 确信	sur-（超过）+pass（通过）→以超过常人的分数通过考试→超过	surpass all expectations 超出所有人的预期<br>surpass the world record 刷新世界纪录		中频词 Word List 2	179
reassure	ˌriːəˈʃʊə(r)	vt.使……安心；使消除疑虑	sur-上；超过 sur 确信	re-（再）+as-（加强意义）+sur（确信）+e→再一次确信→使……安心	reassure a customer 让顾客放心<br>reassure the investor 使投资者放心		中频词 Word List 2	179
inferior	ɪnˈfɪəriə(r)	a.较差的，次的；级别低的	-ior 形容词后缀，较……的	infer（低的）+-ior（形容词后缀）一较差的	be inferior to…比…逊色<br>inferior quality 质量较差	[派]inferiority n.低等<br>[反] superior a.上级的	中频词 Word List 2	179
overhaul	ˈəʊvəhɔːl	n.[C] 检修；改革[ova ho:1]vt.彻底检修；超过	over-整个；翻转；在……上	over-（整个）+haul（拖）→整个拖过来进行修理→检修	a major overhaul 大检修<br>a radical overhaul 彻底改革		中频词 Word List 2	179
overnight	ˌəʊvəˈnaɪt	ad.在夜间；突然[a ov an a it]a.夜间的；一夜之间的	over-整个；翻转；在……上	over-（整个）+night（夜晚）一在夜间	stay overnight 过夜<br>come overnight 一而就		中频词 Word List 2	179
overwhelm	ˌəʊvəˈwelm	vt.淹没；征服；压	over-整个；翻转；在……上	over-（整个）+w helm（淹没）一淹没	be overwhelmed by…被…淹<br>overwhelm the area 淹没这片区域	[派]overwhelming a.压倒性的<br>[近]overpower vt.征服	中频词 Word List 2	180
overturn	ˌəʊvəˈtɜːn	v.（使）翻转 vt.推翻，撤销（判决等）；颠覆	over-整个；翻转；在……上	over-（翻转）+turn（转）一（使）翻转	overturn a boat 打翻小船<br>overturn one's decision 推翻某人的决定		中频词 Word List 2	180
overcome	ˌəʊvəˈkʌm	vt.克服；解决；征服，战胜	over-整个；翻转；在……上	over-（在……上）+come（来）一赶上，超过→战胜	overcome fear 克服恐惧<br>overcome homelessness 解决住宿问题	[近] solve vt.解决<br>[近]defeat vt.战胜	中频词 Word List 2	180
overlook	ˌəʊvəˈlʊk	vt.忽视，忽略；俯瞰	over-整个；翻转；在……上	over-（在……上）+look（看）→从上面看→俯瞰	overlook teenagers 忽视青少年<br>overlook pressure 忽视压力		中频词 Word List 2	180
amid	əˈmɪd	（亦作 amidst）prep……在……中	med,medi 中间；治疗；医药	a-（在）+mid（同 med，中间）→在…中	amid the changes 在变化中<br>amid the day-to-day 在日复一日中	[近] between prep……在…中间	中频词 Word List 2	180
midst	mɪdst	n.[U] 中间	med,medi 中间；治疗；医药	mid（同 med，中间）+st→中间	in the midst of……在……<br>in one's midst 在某些人中间	[近] middle n.中间	中频词 Word List 2	180
remedy	ˈremədi	n.[C]解决方法；疗法 vt.纠正	med,medi 中间；治疗；医药	re-（加强意义）+med（治疗）+-y（名词后缀）→治疗的方法一疗法	an effective remedy 有效的解决办法<br>a remedy for……的解决办法	[派]remedial a.纠正的<br>[近]solution n.解决方法	中频词 Word List 2	181
Medicare	ˈmedɪkeə(r)	n.[U]医疗保障制度	med,medi 中间；治疗；医药	medi（医药）+care（照顾）→在医药方面给予照顾的制度→医疗保障制度	a Medicare's budget 医疗预算<br>save Medicare 节省医疗保险		中频词 Word List 2	181
testimony	ˈtestɪməni	n.[sing,U]证明；[C,U]证词，口供	-mony 名词后缀，表行为的结果	test i（证据）+-mony（名词后缀）→拿来做证据的言论一证词	a tangible testimony 具体的证明<br>bear testimony.to……作证	[派]testimonial n.证明信<br>[近]evidence n.证明	中频词 Word List 2	181
harmony	ˈhɑːməni	n.[U] 融洽; 和睦; 和谐	-mony 名词后缀，表行为的结果	harm（适合）+ony（同-mony，名词后缀）→以适合彼此的方式相处→相处融洽→融洽	social harmony 社会融洽<br>national harmony 民族和睦	[派]harmonious a.和谐的<br>[派]harmonize vi.和谐	中频词 Word List 2	181
relevant	ˈreləvənt	a.相关的；有意义的	lev,levi,liev 举；提高；天平；轻的	re-（再）+lev（举）+-ant（形容词后缀）→再次列举出的→再次提到的→相关的	a relevant factor 相关因素<br>a relevant cue 相关线索		中频词 Word List 2	181
levy	ˈlevi	n.[C]税款 vt.征收；征（税）	lev,levi,liev 举；提高；天平；轻的	lev（提高）+-y（名词后缀）→提高财政收入的方式一征（税）	the fiscal levy policy 财政税收政策<br>levy a charge 收费		中频词 Word List 2	181
lever	ˈliːvə(r)	n.[C] 杠杆；（车辆或机器的）操纵杆；方法 vt.撬动	lev,levi,liev 举；提高；天平；轻的	lev（天平）+-er（名词后缀）→天平的原理→杠杆原理→杠杆	turn a lever 转动杠杆<br>pull a lever 拉动操纵杆	[派] leverage n.手段	中频词 Word List 2	182
alleviate	əˈliːvieɪt	vt.减轻；缓解	lev,levi,liev 举；提高；天平；轻的	al-（加强意义）+levi（轻的）+-ate（动词后缀）→减轻	alleviate the risk 减轻风险<br>alleviate harmful effect 减轻不良影响	[派]alleviation n.减轻<br>[近]ease v.减轻；缓解	中频词 Word List 2	182
relieve	rɪˈliːv	vt.减轻；缓解	lev,levi,liev 举；提高；天平；轻的	re-（再）+liev（轻的）+e→使……再减轻一点→减轻	relieve a symptom 减轻症状<br>relieve the side effect 减少副作用	[派]relieved a.感到宽慰的<br>[近]ease v.缓解	中频词 Word List 2	182
rectify	ˈrektɪfaɪ	vt.改正；纠正	-fy 动词后缀，做……；使成为	rect（正）+i+-fy（动词后缀）→改正	rectify a mistake 改正错误<br>rectify individualism 纠正个人主义	[派]rectification n.矫正<br>[近]correct vt.改正；纠正	中频词 Word List 2	182
signify	ˈsɪɡnɪfaɪ	vt.表示；预示 vi.要紧	-fy 动词后缀，做……；使成为	sign（标记）+i+-fy（动词后缀）→用标记来表示某种意义→表示	signify approval 表示赞同<br>signify popularity o……表明…的流行		中频词 Word List 2	182
testify	ˈtestɪfaɪ	v.（尤指出庭）作证；证明	-fy 动词后缀，做……；使成为	test i（证据）+-fy（动词后缀）→在法庭上出示证据→（尤指出庭）作证	testify against sb.作证指控某人<br>testify for sb.为某人作证		中频词 Word List 2	183
certify	ˈsɜːtɪfaɪ	vt.证实，证明	-fy 动词后缀，做……；使成为	cert（确信）+i+-fy（动词后缀）→使人确信→>证实	certify the result 证实结果<br>certify sb.dead 证实某人死亡	[派]certified a.有保证的<br>[派]certificate n.证明	中频词 Word List 2	183
specify	ˈspesɪfaɪ	vt.详述；指定	-fy 动词后缀，做……；使成为	spec（特别）+i+-fy（动词后缀）→使特别注意→详述	specify the objectives 详述目标<br>specify the size 详细说明尺码	[派] specific a.具体的	中频词 Word List 2	183
verify	ˈverɪfaɪ	v.核实；证明；证实	-fy 动词后缀，做……；使成为	ver i（真实）+-fy（动词后缀）→核实真正的情况→核实	verify the source of…核实……的来源<br>verify a reliability 证明可靠性	[派]verifiable a.可核实的<br>[近]confirm vt.证明	中频词 Word List 2	183
qualify	ˈkwɒlɪfaɪ	v.（使）有资格 vi.取得资格	-fy 动词后缀，做……；使成为	qu ali（质量）+-fy（动词后缀）→使符合质量要求→使合格→（使）有资格	qualify sb.todos th.使某人有资格做某事<br>qualify or…有资格……		中频词 Word List 2	183
sanctuary	ˈsæŋktʃuəri	n.[常用 sing]庇护所；鸟兽保护区；[U]保护	-ary 名词后缀，表地点形容词后缀，有……性质的	san ct（神圣的）+u+-ary（名词后缀）→对于无家可归的人来说是神圣的地方一庇护所	a sanctuary for……的庇护所<br>a marine sanctuary 海洋保护区	[近]reserve n.自然保护区	中频词 Word List 2	183
temporary	ˈtemprəri	a.暂时的；临时的	-ary 名词后缀，表地点形容词后缀，有……性质的	tempor（时间）+-ary（形容词后缀）→只持续一小段时间的→暂时的	a temporary stop 暂时禁止<br>temporary pleasure 暂时的愉悦	[近]interim a.临时的<br>[反]permanent a.永久的	中频词 Word List 2	184
contemporary	kənˈtemprəri	a.当代的；同时代的	-ary 名词后缀，表地点形容词后缀，有……性质的		a contemporary artist 当代艺术家園<br>a contemporary idea 当代理念	[近]modern a.当代的	中频词 Word List 2	184
candidate	ˈkændɪdət	n.[C]候选人；求职者	做；使之成……	c and（白）+id+-ate（名词后缀）→古罗马时期穿白衣参加竞选的人一候选人	another candidate 另一个候选人<br>a leading candidate 主要候选人		中频词 Word List 2	184
legitimate	lɪˈdʒɪtɪmət	a.合情合理的，正当合理的；合法的	做；使之成……	legitim（同 legis，法律）+-ate（形容词后缀）一合法的	a legitimate concern 合理的担忧<br>a legitimate source of……的合理根源		中频词 Word List 2	184
intimate	ˈɪntɪmət	a.亲密的；个人隐私的[In time it]vt.暗示	做；使之成……	in tim（内心的）+-ate（形容词后缀）一贴近内心的一亲密的	intimate relationships 亲密的关系<br>intimate friends 密友	[派]intimately ad.亲密地<br>[派]intimation n.暗示	中频词 Word List 2	184
anticipate	ænˈtɪsɪpeɪt	vt.预料，预见，预计（并做准备）	做；使之成……	anti-（前）+cip（抓）+-ate（动词后缀）→事先抓住事物的结果一预料	anticipate a defeat 预料到失败<br>anticipate the needs 预见需求	[派] anticipation n.预料<br>[派] anticipatory a.预期的	中频词 Word List 2	185
cooperate	kəʊˈɒpəreɪt	vi.合作；配合	做；使之成……	co-（共同）+Oper（工作）+-ate（动词后缀）→为完成目标一起工作→合作	cooperate with sb.与某人合作<br>cooperate todos th.合作做某事	[派]cooperation n.合作；配合<br>[派]cooperative a.合作的；配合的	中频词 Word List 2	185
culminate	ˈkʌlmɪneɪt	vi.以……告终，（在某一点）结束	做；使之成……	c ulm in（顶）+-ate（动词后缀）→达到顶峰→到终点→（在某一点）结束	culminate in……为终结<br>culminate in failure 以失败告终	[派]culmination n.顶点；终点<br>[近] terminate v.结束	中频词 Word List 2	185
cultivate	ˈkʌltɪveɪt	vt.培养；耕作，种植	做；使之成……	cult（耕）+iv+-ate（动词后缀）→耕作	cultivate engagement 培养参与感<br>cultivate interest 培养兴趣	[派]cultivation n.耕种，种植<br>[派]cultivated a.栽培的，培植的	中频词 Word List 2	185
decorate	ˈdekəreɪt	vt.装饰；点缀；美化	做；使之成……	decor（装饰）+-ate（动词后缀）一装饰	decorate a store 装饰商店<br>decor at…wit.h……	[派]decoration n.装饰<br>[派]decorative a.装饰性的	中频词 Word List 2	185
donate	dəʊˈneɪt	vt.捐赠；捐献（器官）；献（血）	做；使之成……	don（给）+-ate（动词后缀）一把东西无偿地给予别人→捐赠	donate food 捐赠食品<br>donate an organ 捐献器官	[派]donation n.捐赠<br>[近]contribute v.捐赠；捐献	中频词 Word List 2	185
fascinate	ˈfæsɪneɪt	v.深深吸引丨，迷住	做；使之成……	f as c（捆）+in+-ate（动词后缀）→被牢牢捆住一深深吸引	fascinate an audience 吸引读者<br>fascinate a visitor 吸引游览者	[派]fascinating a.迷人的<br>[派]fascination n.着迷	中频词 Word List 2	186
radiate	ˈreɪdieɪt	v.显出，流露；发散，辐射	做；使之成……	radi（放射）+-ate（动词后缀）→辐射	radiate self-confidence 散发出自信<br>radiate from sb.从某人身上流露出来	[派]radiation n.辐射<br>[派]radiator n.散热器	中频词 Word List 2	186
tolerate	ˈtɒləreɪt	vt.容许；忍耐，忍受；容忍	做；使之成……	toler（忍受）+-ate（动词后缀）→忍受	tolerate failure 容许失败<br>tolerate the saltwater 耐盐水	[派]toleration n.忍受<br>[近] bear vt.忍受	中频词 Word List 2	186
deteriorate	dɪˈtɪəriəreɪt	vi.恶化，变坏；退化	做；使之成……	deter i or（更坏）+-ate（动词后缀）→变得更坏→恶化	deteriorate over…随着……恶化<br>deteriorate into…恶化成……	[派]deterioration n.恶化<br>[反] improve vt.改善	中频词 Word List 2	186
insulate	ˈɪnsjuleɪt	vt.隔离；使免受（不受影响）；使隔音，使绝缘	做；使之成……	in sul（岛）+-ate（动词后缀）→一个人住在孤岛上→与外界无来往→隔离	insulatesb.from…使某人与……隔离<br>insulate sb. against…使人免受…	[派]insulation n.隔热；绝缘<br>[近] isolate vt.隔离	中频词 Word List 2	186
isolate	ˈaɪsəleɪt	vt.隔离，孤立；分离	做；使之成……	is ol（岛）+-ate（动词后缀）一把某人抛弃在孤岛上→孤立	isolate the air 隔离空气<br>isola t…ro……使…．……孤.来	[派]isolation n.隔离<br>[近] segregate vt.使隔离	中频词 Word List 2	186
irritate	ˈɪrɪteɪt	vt.使烦恼，激怒；刺激（皮肤或身体部位）	做；使之成……	irr（怒）+it+-ate（动词后缀）→激怒	get irritated by…被……激怒<br>irritate the government 惹恼政府	[派]irritation n.恼怒<br>[派] irritating a.恼人的	中频词 Word List 2	187
simulate	ˈsɪmjuleɪt	vt.模拟；模仿；假装	做；使之成……	sim ul（相似）+-ate（动词后缀）一使相似→模仿	simulate a fight 模拟战斗<br>simulate a process 模拟过程		中频词 Word List 2	187
circulate	ˈsɜːkjəleɪt	v.（使）环流，循环 vt.散发	做；使之成……	circ（环）+ul+-ate（动词后缀）→（使）环流，循环	circulate air 空气流通<br>circulate throughout sp.在某地循环	[派]circulation n.血液循环<br>[近]cycle v.（使）循环	中频词 Word List 2	187
evaporate	ɪˈvæpəreɪt	v.（使）蒸发 vi.（逐渐）消失；衰减	做；使之成……	e-（出）+vapor（蒸汽）+-ate（动词后缀）→使水以蒸汽的形式挥发出去→（使）蒸发	evaporate moisture 蒸发水分<br>quickly evaporate 快速蒸发	[派] evaporation n.蒸发<br>[近] disappear vi 消失	中频词 Word List 2	187
situate	ˈsɪtʃueɪt	vt.使位于，使坐落于；使联系	做；使之成……	sit（坐）+u+-ate（动词后缀）→使位于，使坐落于	be situated in sp.位于某地<br>situat.es……among……使人处……之中	[派]situation n.情况<br>[派] situated a.位于……的	中频词 Word List 2	187
particle	ˈpɑːtɪkl	n.[C] 微粒；粒子；极小量	cle 小	parti（分）+cle（小）→分成细小的颗粒→微粒	be filled with particles 被微粒填满<br>an elementary particle 基本粒子	[近]grain n.微粒<br>[近] granule n. 微粒	中频词 Word List 3	188
versus	ˈvɜːsəs	（abbr.V, vs）prep.对抗；与……相对，与……相比	vers 转	vers（转）+us→转换阵营→对抗	France versus Brazil 法国队对抗巴西队<br>good versus evil 善恶相争		中频词 Word List 3	188
versatile	ˈvɜːsətaɪl	a.多才多艺的；多用途的；多功能的	vers 转	vers（转）+at+-ile（形容词后缀）→各项才能都玩得转的→有多种技能的→多才多艺的	a versatile actor 多才多艺的演员<br>a versatile person 全才	[派]versatility n.多功能性<br>[近]utility a.多用途的；多功能的	中频词 Word List 3	188
anniversary	ˌænɪˈvɜːsəri	n.[C] 周年纪念日	vers 转	an ni（年）+vers（转）+-ary（名词后缀）→一年轮转一次的特殊日子→周年纪念日	a wedding anniversary 结婚纪念日<br>an annual anniversary 周年纪念日		中频词 Word List 3	189
headache	ˈhedeɪk	n.[C]头痛	head 头	head（头）+ache（疼痛）→头痛	a terrible headache 剧烈的头痛<br>have a headache 头痛		中频词 Word List 3	189
heading	ˈhedɪŋ	n.[C] 标题；题目	head 头	head（头）+-ing（名词后缀）→写在文章开头表明文章内容的简要文字→标题	an interesting heading 有趣的标题<br>a distinct heading 清晰的标题	[近]title n.标题；题目<br>[近]headline n.标题	中频词 Word List 3	189
headline	ˈhedlaɪn	n.[C]标题，大字标题	head 头	head（头）+line（行）→文章最上头用来表明文章内容的一行字一标题	a newspaper headline 报纸的标题<br>s can headlines 浏览标题	[派]headliner n.主要表演者	中频词 Word List 3	189
headquarters	ˌhedˈkwɔːtəz	n.[C,U] （pl.headquarters） 总公司；总部	head 头	head（头）+quart（四）+-er（名词后缀）+s→四个分公司的总机构→总公司	the firm's headquarters 总公司<br>the divisional headquarters 分区总部		中频词 Word List 3	189
withdraw	wɪðˈdrɔː	v.（使）撤回； （使）退出	draw 拉	with-（向后）+draw（拉）→向后拉→使向后退→（使）撤回	withdraw a lawsuit 撤回诉讼<br>be forced to withdraw 被迫撤回	[派]withdrawal n.撤回<br>[近]secede vi.退出	中频词 Word List 3	189
scenario	səˈnɑːriəʊ	n.[C]可能发生的情况	sc en 舞台	sc en（舞台）+a rio 一舞台上可能发生的事情一可能发生的情况	imagine a scenario 设想可能出现的情况<br>a worst-case scenario 最坏的情况		中频词 Word List 3	190
oxide	ˈɒksaɪd	n.[C,U]氧化物	OX 含氧的	ox（含氧的）+ide→氧化物	an oxide of tin 氧化锡<br>produce an oxide 产生氧化物		中频词 Word List 3	190
abort	əˈbɔːt	vt.使流产；使中止；中途放弃	abort 流产	本身为词根，表示“流产”→使流产	abort a child 堕胎<br>abort a pregnancy 终止妊娠	[派] abortion n.人工流产<br>[近] miscarryv.流产	中频词 Word List 3	190
orthodox	ˈɔːθədɒks	a.正统的；传统的；[O-]东正教的	ortho 正的	ortho（正的）+dox（观点）→观点正确的一正统的	orthodox teaching 正统的说教<br>an orthodox faith 正统信仰	[派]orthodoxy n.正统观念<br>[近]conventional a.传统的	中频词 Word List 3	190
stance	stæns	n.[C]立场；态度	st,stat 站立	st（站立）+-ance（名词后缀）→看待问题时所站的角度一立场	an open-science stance 开放科学的立场<br>take a united stance 采取一致的立场	[近]position n.立场；态度<br>[近]standpoint n.立场	中频词 Word List 3	190
instant	ˈɪnstənt	a.立即的；速溶的 n.[常用 sing.]某一时刻	st,stat 站立	in-（不）+st（站立）+-ant（形容词后缀）一毫不犹豫站起来的一立即的	an instant cure 立即痊愈<br>instant messaging 即时消息	[派] instantly ad.立刻<br>[近]immediate a.立即的	中频词 Word List 3	191
stable	ˈsteɪbl	a.稳定的；稳重的	st,stat 站立	st（站立）+-able（形容词后缀）→稳稳地站在那儿的→稳定的	as table state 稳定的状态<br>stable employment 稳定的就业	[派]stably ad.平稳地<br>[近] steady a.稳定的	中频词 Word List 3	191
steady	ˈstedi	a.稳定的；持续的	st,stat 站立	st（站立）+ead+-y（形容词后缀）一能长时间站立不动的→稳定的	steady momentum 稳定的势头<br>a steady job 稳定的工作	[派]steadily ad.稳定地<br>[近]settled a.稳定的	中频词 Word List 3	191
constant	ˈkɒnstənt	a.不断的；经常发生的；不变的，恒定的	st,stat 站立	con-（加强意义）+st（站立）+-ant（形容词后缀）→一直站立不动的→不变的	a constant stream of…源源不断的……<br>a constant traveler 经常旅行的人	[派]constantly ad.始终<br>[近] fixed a.不变的	中频词 Word List 3	191
stalk	stɔːk	n.[C]茎；秆 vt.跟踪 vi.怒冲冲地走	st,stat 站立	st（站立）+alk 一>使植物站立的部分→茎	a flowers talk 花茎<br>a corn stalk 玉米秆	[近]stem n.茎<br>[近]trail vt.跟踪	中频词 Word List 3	191
stump	stʌmp	n.[C] 树墩 vt.把……难住 vi 脚步重重地走 v 作巡回演说	st,stat 站立	st（站立）+ump（隆起）→可供站立的隆起的树桩一树墩	s it on a stump 坐在树墩上<br>be stumped by s th.被某事难住	[派] stumpya.短而粗的<br>[近]stomp vi.迈着重重的脚步走	中频词 Word List 3	191
statue	ˈstætʃuː	n.[C] 雕像	st,stat 站立	stat（站立）+ue→站着的石像→雕像	make a statue 制作雕像<br>a bronze statue 铜像	[派]statuary n.雕塑	中频词 Word List 3	192
drama	ˈdrɑːmə	n.[U]戏剧；[C]戏剧性事件	drama 表演	本身为词根，表示“表演”→在舞台上表演出来的艺术一戏剧	a drama team 戏剧小组<br>social drama 社会戏剧	[派]dramatica.戏剧的<br>[派] dramatically ad.戏剧地	中频词 Word List 3	192
custom	ˈkʌstəm	n.[C,U] 习俗；风俗；传统；[sing.] 习惯	custom 习惯	本身为词根，表示“习惯”	an out-dated custom 过时的习俗<br>a local custom 当地的风俗	[派]customary a.风俗的<br>[近]habit n.习惯	中频词 Word List 3	192
evident	ˈevɪdənt	a.明显的；清楚的	vid,vis 看见	e-（出）+vid（看见）+-ent（形容词后缀）一>一眼就能看出来的→明显的	an evident effect 明显的效果<br>an evident example 明显的例子	[派]evidence n.证据<br>[近]obvious a.明显的	中频词 Word List 3	192
envisage	ɪnˈvɪzɪdʒ	vt.想象；设想；展望	vid,vis 看见	en-（加强意义）+vis（看见）+age→预先看见未发生的事→想象	envisage doings th.想象做某事<br>envisage lifestyle 设想生活方式	[近] imagine v.想象<br>[近]visualize vt.想象	中频词 Word List 3	192
revise	rɪˈvaɪz	v.复习 vt.改变	vid,vis 看见	re-（重复）+vis（看见）+e→重复看→反复学习→复习	revise all the notes 复习所有笔记<br>revise for an exam 复习备考	[派]revision n.复习<br>[近] change v.改变	中频词 Word List 3	192
submarine	ˈsʌbməriːn	a.海底的 n.[C] 潜艇	mar, mari 海	sub-（下）+mar（海）+-ine（形容词后缀）→海底的	a submarine plant 海底植物<br>a submarine tunnel 海底隧道	[派]submarine rn.潜水艇人员<br>[近] undersea a.海底的	中频词 Word List 3	193
maritime	ˈmærɪtaɪm	a.海的；海运的	mar, mari 海	mari（海）+time→跟海相关的一海的	maritime territory 海域<br>a great maritime power 海上强国	[近]marine a.海的	中频词 Word List 3	193
obscure	əbˈskjʊə(r)	a.无名的；晦涩的 vt.遮掩	ob-加强意义	ob-（加强意义）+s cur（盖上）+e→盖上盖子→遮掩	an obscure poet 不知名的诗人<br>obscure language 晦涩的语言	[派] obscurity n.晦涩<br>[派]obscurelyad.晦涩地	中频词 Word List 3	193
obsess	əbˈses	vt.使着迷；使迷恋；使痴迷 vi.叨	ob-加强意义	ob-（加强意义）+Sess（坐）→坐着不走，一直盯着看→使着迷	be obsessed with…着迷于……<br>be obsessed by s th.迷恋某物	[派] obsession n.痴迷<br>[派]obsessive a.着迷的	中频词 Word List 3	193
counter	ˈkaʊntə(r)	v.反驳，反对 n.[C]柜台；计数器	counter 相反；相对	本身为词根，表示“相反”一说相反的话→反驳	counter an allegation 反驳指控<br>counter with s th.用某物驳回	[近]contradict v.反驳	中频词 Word List 3	193
encounter	ɪnˈkaʊntə(r)	vt.遇到；遭遇；偶遇 n.[C]邂逅	counter 相反；相对	en-（入）+counter（相对）一进入面对面的状态一遇到	encounter a difficulty 遇到困难<br>encounter resistance 遭遇阻力	[近]meet v.遇到；偶遇	中频词 Word List 3	194
orient	ˈɔːrient	vt.确定方位；确定方向；适应	ori,orig 升起；开始	ori（升起）+ent 一确定太阳升起的方向一确定方向	orient oneself in the fog 在大雾中确定方位<br>orient oneself by…通过……确定方向	[派]orientation n.方向<br>[派] oriental a.东方的	中频词 Word List 3	194
origin	ˈɒrɪdʒɪn	n.[C,U]起源；出身	ori,orig 升起；开始	orig（开始）+in→生命的开始→起源	the origin o……的起源<br>in origin 起源于	[派] original a.起初的<br>[派] originality n.独创性	中频词 Word List 3	194
infer	ɪnˈfɜː(r)	vt.推断;暗示	fer,lat 取；拿；携带	in-（内）+fer（取）一从内部获取线索一推断	infer…ro…．……推断……<br>infer the meaning 推断含义	[派]inference n.推断<br>[近]deduce vt.推断	中频词 Word List 3	194
refer	rɪˈfɜː(r)	vi.提到;称；参考，查阅	fer,lat 取；拿；携带	re-（再）+fer（拿）→再次将问题拿出来说一提到	refer to the matter 提到这件事<br>refer to A as B 将 A 称为 B	[派]reference n.参考，查阅<br>[近]consult vt.查阅	中频词 Word List 3	194
indifferent	ɪnˈdɪfrənt	a.漠不关心；冷淡的；平庸的	fer,lat 取；拿；携带	in-（不）+dif-（否定）+fer（拿）+-ent（形容词后缀）→没有拿出真心→漠不关心	be in different to…对……漠不关心<br>an in different society 冷淡的社会	[派]indifferently ad.漠不关心地<br>[派]indifference n.冷淡	中频词 Word List 3	194
confer	kənˈfɜː(r)	vi.商议，协商；讨论 vt.授予（奖项、学位、荣誉或权利）	fer,lat 取；拿；携带	con-（一起）+fer（携带）→带着观点一起讨论→商议	confer with sb.与某人商议<br>confer together 一起协商	[派]conference n.会议<br>[近]consul tv.商议	中频词 Word List 3	195
correlate	ˈkɒrəleɪt	v（使）相互关联	fer,lat 取；拿；携带	cor-（加强意义）+re-（反复）+lat（携带）+e→反复携带与彼此有关的东西→（使）相互关联	correlate data 使信息相互关联<br>correlate with…与……相关	[派]correlation n.相互关系；相关<br>[派]correlativea.相互关联的	中频词 Word List 3	195
aristocrat	ˈærɪstəkræt	n.[C]贵族	crat,c racy 统治，管理	aris to（最好的）+crat（统治）→最好的统治人才大多来自贵族→贵族	the role of an aristocrat 贵族角色<br>a haughty aristocrat 高傲的贵族	[派]aristocratic a.贵族的<br>[派] aristocracy n.贵族	中频词 Word List 3	195
democracy	dɪˈmɒkrəsi	n.[U] 民主	crat,c racy 统治，管理	demo（人民）+c racy（管理）→人民行使权力管理国家→民主	the cradle of democracy 民主的摇篮<br>the political democracy 政治民主	[派]democratica.民主的	中频词 Word List 3	195
nurture	ˈnɜːtʃə(r)	n.[U]教育 vt.培养；扶持	-ure 名词后缀，表行为	nur t（营养）+-ure（名词后缀）→给……提供营养→引申为“教育”	receive different nurture 接受不同的教育<br>get nurture from…从…获得教育		中频词 Word List 3	195
procedure	prəˈsiːdʒə(r)	n.[C,U]程序，手续，步骤；[C]手术	-ure 名词后缀，表行为	pro-（前）+ced（行走）+-ure（名词后缀）→前进过程中要走的每一步→步骤	a data procedure 数据程序<br>a simple procedure 简单的手续	[派]procedural a.程序上的<br>[近] program n.程序	中频词 Word List 3	196
pasture	ˈpɑːstʃə(r)	n.[C,U]牧场；[pl.]生活状况	-ure 名词后缀，表行为	past（喂）+-ure（名词后缀）→喂牛羊吃草的地方→牧场	a high mountain pasture 高山牧场<br>check pasture quality 检查牧场质量	[派] pasturage n.牧场<br>[近]field n.牧场	中频词 Word List 3	196
submerge	səbˈmɜːdʒ	v.淹没；沉浸	sub-,SUs-下；后面；由下向上	sub-（下）+mer g（沉）+e→沉到下面去→淹没	be submerged by floodwater 被洪水淹没<br>submerge an entire village 淹没整个村庄		中频词 Word List 3	196
subordinate	səˈbɔːdɪnət	a.从属的 n.[C]下级[sabo:d inert]vt.使从属于	sub-,SUs-下；后面；由下向上	sub-（下）+or d in（顺序）+-ate（形容词后缀）→顺序在下的→从属的	be subordinate to…从属于…<br>a subordinate clause 从句	[近] secondary a.从属的<br>[近]inferior n.下级	中频词 Word List 3	196
substance	ˈsʌbstəns	n.[C] 物质；[U]要点；根据	sub-,SUs-下；后面；由下向上		release a substance 释放物质<br>a poisonous substance 有毒物质	[派]substantial a.大量的<br>[近]mattern.物质	中频词 Word List 3	196
submit	səbˈmɪt	vt.提交 v.顺从	sub-,SUs-下；后面；由下向上	sub-（由下向上）+mit（送）→由下向上递交文件→提交	submit a proof 提交证明<br>submit an application 提交申请		中频词 Word List 3	196
sustain	səˈsteɪn	vt.支撑；遭受；保持；维持	sub-,SUs-下；后面；由下向上	SUs-（下）+tain（持）→在下面起支持作用→支撑	sustain one's claim 支撑某人的观点<br>sustain damage 遭到破坏	[派]sustainable a.可持续的<br>[近]maintain vt.保持	中频词 Word List 3	197
susceptible	səˈseptəbl	a.易受影响的；敏感的；容许……的	sub-,SUs-下；后面；由下向上	sus-（下）+ce pt（拿）+-ible（形容词后缀）→容易被拿下的→容易被掌控的→易受影响的	be susceptible to…易受……影响的<br>a susceptible adult 易病的成年人	[派]susceptibility n.敏感性<br>[近]impressionable a.易受影响的	中频词 Word List 3	197
suspend	səˈspend	vt.悬挂；悬浮；暂停；推迟	sub-,SUs-下；后面；由下向上	sus-（下）+p end（悬挂）→悬挂	be suspended on…被悬挂在……上<br>be suspended in……悬浮在……中	[派]suspension n.暂停	中频词 Word List 3	197
suspicion	səˈspɪʃn	n.[C, U] 怀疑，猜疑； 嫌疑	sub-,SUs-下；后面；由下向上		a sneaking suspicion 暗自怀疑<br>arouse suspicion 引起怀疑	[派]suspicious a.可疑的<br>[近] doubt n.怀疑	中频词 Word List 3	197
awful	ˈɔːfl	a.糟糕的；可怕的；非常的	-ful 形容词后缀，充满……的		awful weather 糟糕的天气<br>an awful day 可怕的一天	[派] awfully ad.非常<br>[近]terrible a.糟糕的；可怕的	中频词 Word List 3	197
complement	ˈkɒmplɪment	vt.补充；使完美[kpmplimant]n.[C]补充物；衬托物	ple,pli,ply,plic 充满；重叠；折叠	com-（加强意义）+ple（充满）+-ment（名词后缀）→充满……所需要的物品→补充物	complement each other 相互取长补短<br>be complemented by……通过…加以完善	[派]complementary a.补充的<br>[近] supplement vt.补充	中频词 Word List 3	197
appliance	əˈplaɪəns	n.[C]电器，器具；装置	ple,pli,ply,plic 充满；重叠；折叠	ap-（加强意义）+pli（折叠）+-ance（名词后缀）→可折叠的仪器→引申为“装置”	a domestic appliance 家用电器<br>a kitchen appliance 厨房器具	[近]device n.器具；装置	中频词 Word List 3	198
comply	kəmˈplaɪ	vi.遵守；服从	ple,pli,ply,plic 充满；重叠；折叠	com-（加强意义）+ply（重叠）一观点重叠一同意一遵守	refuse to comply with…拒绝遵守…<br>comply wit……遵守…	[派]compliance n.遵从<br>[近]obey v.遵守；服从	中频词 Word List 3	198
complicate	ˈkɒmplɪkeɪt	vt.使复杂化	ple,pli,ply,plic 充满；重叠；折叠	com-（一起）+plic（重叠）+-ate（动词后缀）→使很多事情重叠在一起→使复杂化	complicate a task 使任务复杂化<br>complicate matters further 使事情更复杂		中频词 Word List 3	198
duplicate	ˈdjuːplɪkeɪt	vt.复制；复印[dju:plikat] a.复制的	ple,pli,ply,plic 充满；重叠；折叠	du（二）+plic（重叠）+-ate（动词后缀）→使二者的内容完全重叠→复制	be easily duplicated 被轻易复制<br>be duplicated illegally 被非法拷贝	[派]duplication n.重复<br>[近] copy vt.复印	中频词 Word List 3	198
homogeneous	ˌhɒməˈdʒiːniəs	a.同种类的；同性质的	-ous，-io us，-u o us 形容词后缀，有……性质的	homo（同）+gene（类别）+-ous（形容词后缀）→同种类的	a homogeneous group 同一类人<br>a homogeneous community 同类社区	[反]heterogeneous a.各种各样的	中频词 Word List 3	198
tremendous	trəˈmendəs	a.极大的；巨大的；精彩的	-ous，-io us，-u o us 形容词后缀，有……性质的	tre m（发抖）+end+-ous（形容词后缀）一爆炸声大到令人发抖的→极大的	a tremendous amount of…大量的……<br>a tremendous explosion 大爆炸	[派]tremendously ad.极大地<br>[近]enormous a.巨大的	中频词 Word List 3	198
conscious	ˈkɒnʃəs	a.意识到;有意识的	-ous，-io us，-u o us 形容词后缀，有……性质的	con-（加强意义）+sCi（知道）+-Ous（形容词后缀）→知道的→意识到	be conscious of…意识到……<br>environmentally conscious 有环保意识的	[派]consciousness n.意识<br>[近]aware a.意识到	中频词 Word List 3	199
curious	ˈkjʊəriəs	a.好奇的；奇特的；稀奇古怪的	-ous，-io us，-u o us 形容词后缀，有……性质的	cur（关心）+-io us（形容词后缀）一对某一事物关心的→好奇的	be curious about…对……充满好奇<br>a curious gaze 好奇的凝视	[派]curiously ad.好奇地<br>[派] curiosity n. 好奇心	中频词 Word List 3	199
vicious	ˈvɪʃəs	a.残的；恶劣的；严厉的	-ous，-io us，-u o us 形容词后缀，有……性质的	vic（罪行）+-io us（形容词后缀）一有很多罪行的一恶劣的	a vicious attack 凶残的攻击<br>vicious weather 恶劣的天气	[派]viciously ad.邪恶地<br>[派]viciousness n.邪恶	中频词 Word List 3	199
precious	ˈpreʃəs	a.珍贵的；宝贵的；珍稀的	-ous，-io us，-u o us 形容词后缀，有……性质的	pre c（价值）+-io us（形容词后缀）→有价值的→珍贵的	a precious image 珍贵的照片<br>be precious to sb.对某人来说很珍贵	[派] preciously ad.珍贵地<br>[派] preciousness n.珍贵	中频词 Word List 3	199
contagious	kənˈteɪdʒəs	a.接触传染的；有感染力的	-ous，-io us，-u o us 形容词后缀，有……性质的	con-（加强意义）+tag（接触）+-io us（形容词后缀）→接触就会被传染的→接触传染的	a contagious infection 接触性传染<br>a contagious disease 传染病	[派] contagious ly ad.传染性地	中频词 Word List 3	199
conscientious	ˌkɒnʃiˈenʃəs	a.认真的；一丝不苟的	-ous，-io us，-u o us 形容词后缀，有……性质的	con-（加强意义）+sci ent（知道）+-io us（形容词后缀）→非常想知道的→引申为“认真的”	be conscientious about… 对……i 认真<br>a conscientious attitude 认真的态度		中频词 Word List 3	199
notorious	nəʊˈtɔːriəs	a.臭名昭著的；声名狼藉的；众所周知的	-ous，-io us，-u o us 形容词后缀，有……性质的	not（知道）+or+-io us（形容词后缀）→恶名广为人知的→臭名昭著的	be notorious for…因…臭名昭著<br>a notorious thief 臭名昭著的小偷	[派]notoriously ad.声名狼藉地<br>[近]in famous a.声名狼藉的	中频词 Word List 3	200
ambiguous	æmˈbɪɡjuəs	a.含糊不清的，不明确的；模棱两可的	-ous，-io us，-u o us 形容词后缀，有……性质的	amb（两边）+ig（做）+-u o us（形容词后缀）→做事两边均可的→模棱两可的	an ambiguous instruction 含糊不清的说明<br>highly ambiguous 高度模糊的	[派]ambiguouslyad.含糊不清地<br>[近]blurred a.模棱两可的	中频词 Word List 3	200
illuminate	ɪˈluːmɪneɪt	vt.照亮；阐明	il-,im-,in-,ir-不；入，向内；使……;加强意义	il-（入）+lumin（光）+-ate（动词后缀）→阳光照射进来→照亮	illuminate a stadium 照亮体育场<br>illuminate darkness 照亮黑暗	[派]illuminated a.被照亮的<br>[近] clarify vt.阐明	中频词 Word List 3	200
impair	ɪmˈpeə(r)	vt.损害；削弱	il-,im-,in-,ir-不；入，向内；使……;加强意义	im-（不）+pair（相等）一使力量不相等→>一方变弱→削弱	impair other areas 损害其他领域團<br>impair eyesight 损害视力	[派] impairment n.损伤<br>[派] impaired a.受损的	中频词 Word List 3	200
impart	ɪmˈpɑːt	vt.传授；把（某性质）赋予；给予（特定品质）	il-,im-,in-,ir-不；入，向内；使……;加强意义	im-（入）+part（部分）→将知识传入部分人群→传授	impart knowledge 传授知识<br>imparts th.to sb.传授某物给某人	[近]initiate vt.传授	中频词 Word List 3	200
immerse	ɪˈmɜːs	vt.使专心于；使浸没于	il-,im-,in-,ir-不；入，向内；使……;加强意义	im-（入）+mers（沉，浸）+e→使浸没于	immerse oneself in s th.某人专心于某事<br>remain immersed in…沉浸于……园	[派]immersion n.沉浸	中频词 Word List 3	200
intuition	ˌɪntjuˈɪʃn	n.[C]直觉；[U] 直觉力	il-,im-,in-,ir-不；入，向内；使……;加强意义	in-（不）+tu it（看管）+-ion（名词后缀）一不用看就知道→直觉		[派] intuitive a.直觉的<br>[近] instinct n.直觉	中频词 Word List 3	201
intricate	ˈɪntrɪkət	a.错综复杂的；复杂精细的	il-,im-,in-,ir-不；入，向内；使……;加强意义	in-（入）+t ric（琐碎）+-ate（形容词后缀）→卷入琐碎的事情当中的一错综复杂的	an intricate plot 错综复杂的情节<br>an intricate system 复杂的体系	[派] intricately ad.杂乱地<br>[派] intricacy n. 错综复杂	中频词 Word List 3	201
intrude	ɪnˈtruːd	vi.闯入；侵入；干涉；侵扰	il-,im-,in-,ir-不；入，向内；使……;加强意义	in-（入）+trude（推）→强行推门而入→闯入	intrude on to sp. 闯入某地<br>intrude upon sp.侵入某地	[派] intruder n.侵入者<br>[派] intrusion n.闯入	中频词 Word List 3	201
invade	ɪnˈveɪd	v. 侵略；侵犯 vt.涌入	il-,im-,in-,ir-不；入，向内；使……;加强意义	in-（入）+vad（走）+e→强行进入某个国家→侵略	invade one's country 侵略某人的国家<br>invade one?s privacy 侵犯某人的隐私	[派] invasion n.侵犯<br>[派]invader n.侵略者	中频词 Word List 3	201
install	ɪnˈstɔːl	（亦作 instal） vt.安装；使就职	il-,im-,in-,ir-不；入，向内；使……;加强意义	in-（入）+stall（放）一按照方法把某物放入一定的地方一安装	install an app 安装应用程序<br>install a lift 安装电梯	[派] installation n.安装<br>[反] uninstall vt.卸载	中频词 Word List 3	201
incur	ɪnˈkɜː(r)	vt.遭受;引|起	il-,im-,in-,ir-不；入，向内；使……;加强意义	in-（入）+cur（跑）→使跑进来→使卷入→遭受	incur revenge 遭受报复<br>incur great loss 遭受巨大损失	[近]trigger vt.引起	中频词 Word List 3	201
initiate	ɪˈnɪʃieɪt	vt.发起；开始实施	il-,im-,in-,ir-不；入，向内；使……;加强意义	in-（向内）+it（走）+i+-ate（动词后缀）→开始向内走→开始实施	initiate a discussion 发起讨论<br>initiate an attack 发动袭击	[派]initiation n.开始<br>[派]initiator n.发起人	中频词 Word List 3	202
intimidate	ɪnˈtɪmɪdeɪt	vt.恐吓；威胁	il-,im-,in-,ir-不；入，向内；使……;加强意义	in-（使……）+timid（害怕）+-ate（形容词后缀）→使某人害怕→恐吓	intimidate sb……into doing…恐吓.人做……<br>intimidate a manager 恐吓经理	[派]intimidation n.恐吓<br>[近]threaten vt.恐吓；威胁	中频词 Word List 3	202
indebted	ɪnˈdetɪd	a.负债的；感激的；感恩的	il-,im-,in-,ir-不；入，向内；使……;加强意义	in-（加强意义）+deb（欠债）+t+-ed（形容词后缀）→负债的	an indebted country 负债国家<br>indebted operation 负债经营	[派] indebtedness n.负债<br>[近] appreciative a.感激的	中频词 Word List 3	202
instruct	ɪnˈstrʌkt	vt.指示；指导；告知	il-,im-,in-,ir-不；入，向内；使……;加强意义	in-（加强意义）+struct（安排）→安排工作→指示	instruct sb.to do sth.指示某人做某事<br>instruct a soldier 指导士兵	[派] instruction n.指示<br>[派]instructor n.导师	中频词 Word List 3	202
irrational	ɪˈræʃənl	a.荒谬的；非理性的；不合理的	il-,im-,in-,ir-不；入，向内；使……;加强意义	ir-（不）+rat（思考）+-ion（名词后缀）+-al（形容词后缀）→不仔细思考的→非理性的	an irrational belief 荒谬的信念<br>an irrational way 不理性的做法	[派]irrationality n.不合理<br>[反]rational a.合理的	中频词 Word List 3	202
irrigate	ˈɪrɪɡeɪt	vt.灌溉	il-,im-,in-,ir-不；入，向内；使……;加强意义	ir-（入）+rig（雨）+-ate（动词后缀）→使雨水进入田地→灌溉	irrigate desert 灌溉沙漠<br>irrigate afield 灌溉田地	[派] irrigation n.灌溉<br>[近]water vt.灌溉	中频词 Word List 3	202
apt	æpt	a.恰当的；有……倾向的；聪慧的	apt 适合	本身为词根，表示“适合”→恰当的	an apt comment 恰当的评论<br>an apt description 恰当的描述		中频词 Word List 4	203
magnitude	ˈmæɡnɪtjuːd	n.[U]巨大；重大；重要性；震级	magn 大	magn（大）+-it ude（名词后缀）→巨大	…of great magnitude 巨大的…<br>a problem of magnitude 重大问题	[近]immensityn.巨大<br>[近]importance n.重要性	中频词 Word List 4	203
magnify	ˈmæɡnɪfaɪ	vt.放大；夸大；使（问题）加重	magn 大	magn（大）+-ify（动词后缀）一使变大→放大	magnify an image 放大图像<br>magnify a tiny object 放大小物件	[派]magnification n.放大<br>[近] enlarge v.放大	中频词 Word List 4	204
vehicle	ˈviːəkl	n.[C]车辆；手段；工具	veh 运送	veh（运送）+icle→运送货物的工具→车辆	a private vehicle 私家车<br>an electric vehicle 电动汽车	[近]instrument n.手段<br>[近]tool n.工具	中频词 Word List 4	204
tact	tækt	n.[U]（处事、言谈等的）老练，得体	tact 接触	本身为词根，表示“接触”→善于和人接触→（处事、言谈等的）老练	be strong on tact 非常老练<br>require great tact 需要十分老练	[派]tactful a.得体的<br>[近] decency n.得体	中频词 Word List 4	204
hygiene	ˈhaɪdʒiːn	n.[U] 卫生	hy gi 健康	hy gi（健康）+ene→良好的卫生习惯是保持健康的前提→卫生	dental hygiene 口腔卫生<br>a hygiene practice 卫生习惯	[派] hygienic a.卫生的<br>[派] hygienist n.口腔保健员	中频词 Word List 4	204
chronicle	ˈkrɒnɪkl	n.[C]编年史；年代记 vt.按时间顺序记述	chron 时间	chron（时间）+icle 一按时间顺序记载的历史编年史	a fictional chronicle 虚构的编年史<br>a chronicle of life 生活记事		中频词 Word List 4	204
sacred	ˈseɪkrɪd	a.神圣的	sacr 神圣的	sacr（神圣的）+-ed（形容词后缀）→神圣的	a sacred place 神圣的地方<br>be sacred to sb.对某人来说是神圣的	[派]sacredness n.神圣<br>[近] holy a.神圣的	中频词 Word List 4	205
sacrifice	ˈsækrɪfaɪs	vt.牺牲，献出 n.[C,U] 牺牲	sacr 神圣的	sacr（神圣的）+i+fic（做）+e→为神圣的事业做出牺牲→牺牲	sacrifice one's vacation 牺牲某人的假期<br>sacrifice…or……为……献…	[派]sacrificial a.用于祭献的	中频词 Word List 4	205
temper	ˈtempə(r)	n.[常用 sing., U]脾气；[常用 sing.]怒气 vt.使缓和	temper 时间	本身为词根，表示“时间”→在不同的时间有不同的心情→脾气	a bad temper 坏脾气图<br>in a fit of temper 一气之下		中频词 Word List 4	205
minus	ˈmaɪnəs	prep.减；零下 a.负的；负面的	min, mini 小	min（小）+us→减去多的部分使变小→减	minus a service charge 减去服务费<br>minus…degree Celsius 零下……摄氏度	[近] negative a.负面的<br>[反] plus prep.加	中频词 Word List 4	205
minor	ˈmaɪnə(r)	a.较小的；次要的；轻微的	min, mini 小	min（小）+or→较小的	a minor improvement 一次小改进<br>in a minor degree 在较小程度范围内	[派]minority n.少数<br>[反]major a.主要的	中频词 Word List 4	205
miniature	ˈmɪnətʃə(r)	a.很小的；微型的 n.[C] 微小的模型	min, mini 小	mini（小）+-a ture（名词后缀）→微小的模型	a miniature rose 一朵很小的玫瑰花<br>a miniature painting 微型油画	[派]miniaturize vt.使微型化<br>[派]sub miniature a.超小型的	中频词 Word List 4	206
misfortune	ˌmɪsˈfɔːtʃuːn	n.[U]不幸；[C]不幸的事故	mis-坏；错误	mis-（坏）+fortun（运气）+e→坏运气→不幸	be full of misfortune 充满不幸<br>have the misfortune to…不幸遇…	[近]tragedy n.不幸<br>[近]disaster n.不幸	中频词 Word List 4	206
misunderstand	ˌmɪsʌndəˈstænd	v.误解，误会	mis-坏；错误	mis-（错误）+understand（理解）→错误地理解→误解	misunderstand an opinion 误解观点<br>misunderstand about…对…有误解	[派]misunderstanding n.误解<br>[近] misread vt.误解	中频词 Word List 4	206
theme	θiːm	n.[C] 主题	them,the s 放置	them（放置）+e→放在具体内容前讨论的主旨→主题	the theme of……的主题<br>are current theme 反复出现的主题	[派]thematic a.主题的<br>[近]topic n.主题	中频词 Word List 4	206
hypothesis	haɪˈpɒθəsɪs	n.[C] （pl. hypotheses）假说，假设；[U] （凭空的）猜测	them,the s 放置	hypo-（不足）+the s（放置）+is 一不足以放在正式场合谈论的理论→假说	different hypotheses 不同的假说<br>test a hypothesis 验证假设	[派]hypothetical a.假设的<br>[近]theory n.推测	中频词 Word List 4	206
thesis	ˈθiːsɪs	n.[C]（pl.theses）论文；论题	them,the s 放置	the s（放置）+is→能被放进参考文献的文章一论文	a graduation thesis 毕业论文<br>an academic thesis 学术论文	[近] paper n.论文	中频词 Word List 4	207
permanent	ˈpɜːmənənt	a.永久的；长久的；固定的	per-完全；贯穿	per-（完全）+man（留）+-ent（形容词后缀）→完全停留的→永久的	permanent residence 永久居住权<br>do permanent damage 造成永久性损伤	[派]permanently ad.永久地<br>[反] temporary a.短暂的	中频词 Word List 4	207
persist	pəˈsɪst	v.顽强坚持 vi.维持；持续存在	per-完全；贯穿	per-（贯穿）+s is t（站立）→贯穿始终地站立着→顽强坚持	persist with s th.坚持某事<br>persist in doings th.坚持做某事	[派]persistent a.坚持不懈的<br>[近]insist v.坚持	中频词 Word List 4	207
perish	ˈperɪʃ	vi.死亡；毁灭；老化	per-完全；贯穿	per-（贯穿）+-ish（动词后缀）→使贯穿一生→从生到死→死亡	perish in the fire 死于火灾<br>perish with hunger 饿死	[派]perishable a.易腐烂的<br>[近]die v.死亡	中频词 Word List 4	207
cape	keɪp	n.[C] 披肩；斗篷；（abbr. C.）海角	cap,capt 拿；抓	cap（拿）+e→拿起来可以直接披在身上的布料→披肩	a woollen cape 羊毛披肩<br>wear a cape 披上披肩	[近]cloak n.斗篷<br>[近] mantle n.斗篷	中频词 Word List 4	207
caption	ˈkæpʃn	n.[C]说明文字；字幕 vt.为（照片或漫画）添加说明文字	cap,capt 拿；抓	capt（抓）+-ion（名词后缀）→抓住重点并对其进行说明的文字→说明文字	a caption of s th.某物的说明<br>read a caption 看说明	[派]explanation n.说明性文字	中频词 Word List 4	207
tempt	tempt	vt.引丨诱，诱惑，利诱；鼓动	tempt 尝试；藐视	本身为词根，表示“尝试”→忍不住想尝试→抵挡不住诱惑→诱惑	tempt a thief 引诱小偷<br>be tempted by s th.被某物所诱惑	[派]temptation n.引诱<br>[近]lure vt.引诱，诱惑	中频词 Word List 4	208
contempt	kənˈtempt	n.[U]蔑视，视，轻蔑，轻视	tempt 尝试；藐视	con-（加强意义）+tempt（藐视）→藐视	show contempt for…对…表示视<br>contempt of court 蔬视法庭	[派]contemptuous a.蔑视的<br>[近]scorn n.轻蔑	中频词 Word List 4	208
trumpet	ˈtrʌmpɪt	n.[C]小号；喇叭 vt.宣扬；吹嘘	-et,-let 名词后缀，表小	trump（喇叭）+-et（名词后缀）→喇叭	play the trumpet 吹小号<br>a big trumpet 大喇叭	[派]trumpeter n.小号吹奏者	中频词 Word List 4	208
closet	ˈklɒzɪt	n.[C]壁橱	-et,-let 名词后缀，表小	clos（闭）+-et（名词后缀）→封闭的嵌入在墙体里的橱柜→壁橱	a storage closet 储物壁橱<br>locks b.in a closet 把某人锁在壁橱里	[近]cupboard n.壁橱	中频词 Word List 4	208
leaflet	ˈliːflət	n.[C]传单；小册子	-et,-let 名词后缀，表小		an advertising leaflet 广告传单<br>handout leaflets 分发传单	[近]booklet n.小册子	中频词 Word List 4	208
query	ˈkwɪəri	n.[C] 问题，疑问 vt.询问	quer 询问；抱怨 quarr 抱怨	quer（询问）+y→询问	answer a query 回答问题<br>raise a query 提出问题		中频词 Word List 4	209
quarrel	ˈkwɒrəl	n.[C]争吵，吵架 vi.吵架	quer 询问；抱怨 quarr 抱怨	quarr（抱怨）+el→抱怨引发争吵→争吵	a handful of quarrels 少数争吵<br>have a quarrel with sb.和某人争吵	[派]quarrelsome a.爱争吵的<br>[近]brawl n./vi.争吵	中频词 Word List 4	209
entertain	ˌentəˈteɪn	v.招待；使快乐	inter-相互；之间 in te gr 整	enter（同 inter-,相互）+tain（拿住）→各自拿最好的东西相互招待→招待	entertain guests 招待客人園<br>entertain with wine 以酒招待	[派]entertainment n.娱乐<br>[近] delight vt.使快乐	中频词 Word List 4	209
interpret	ɪnˈtɜːprɪt	vt.诠释；把…理解为；演绎 vi.口译	inter-相互；之间 in te gr 整	inter-（之间）+pret（价值）一解说内在的价值一诠释	interpret a poem 诠释诗的意义<br>be interpreted as…被理解为……<br>真		中频词 Word List 4	209
integrate	ˈɪntɪɡreɪt	v.（使）成为一体；融入群体	inter-相互；之间 in te gr 整	in te gr（整）+-ate（动词后缀）→（使）成为一体	integrate A with B 使 A 与 B 连成一体<br>integrate with sth.与某物成为一体		中频词 Word List 4	209
accordance	əˈkɔːdns	n.[U] 依据；一致	inter-相互；之间 in te gr 整	ac-（加强意义）+cord（心）+-ance（名词后缀）→心在一起→团结一致→一致	…but rooms and entire buildings have been designed in accordance with how		中频词 Word List 4	210
glance	ɡlɑːns	n.[C]一警 vi.警，看一眼	inter-相互；之间 in te gr 整	gl（同 glaci，冰）+-ance（名词后缀）→目光斜视冰面→	sneak a quick glance 偷偷一警<br>castasidelongglance 侧眼一		中频词 Word List 4	210
romance	rəʊˈmæns	n.[U]浪漫；[C]爱情小说；恋爱	inter-相互；之间 in te gr 整	rom（同 roma，罗马）+-ance（名词后缀）→《罗马假日》很浪漫→浪漫	an air of romance 浪漫的气氛<br>recreate the romance 重新营造浪漫氛围	[派]roman cern.传奇小说作家<br>[近] love n.恋爱	中频词 Word List 4	210
renaissance	rɪˈneɪsns	n.[sing.]复兴；[the R-]文艺复兴	inter-相互；之间 in te gr 整	re-（重新）+nai（出生的）+ss+-ance（名词后缀）→衰落后重新出生→复兴	experience a renaissance 经历复兴<br>a renaissance of……的复兴	[近]revival n.复兴	中频词 Word List 4	210
recreation	ˌrekriˈeɪʃn	n.[U] 娱乐	-ation 名词后缀，表行为、情况或状态		access to recreation 获得娱乐<br>eight hours recreation 八小时娱乐	[派]recreational a.娱乐的<br>[近]entertainment n.娱乐	中频词 Word List 4	210
sanitation	ˌsænɪˈteɪʃn	n.[U]公共卫生；环境卫生；卫生设施体系	-ation 名词后缀，表行为、情况或状态	san it（健康）+-ation（名词后缀）→与人民大众健康相关的公共事业→公共卫生	sanitation standards 卫生标准<br>food sanitation 食品卫生	[近]health n.卫生<br>[近] hygiene n. 卫生	中频词 Word List 4	211
aviation	ˌeɪviˈeɪʃn	n.[U]航空	-ation 名词后缀，表行为、情况或状态	avi（鸟）+-ation（名词后缀）→像鸟一样飞行一引申为“航空”	the field of aviation 航空领域<br>the civil aviation 民用航空	[近] voyage n.航天	中频词 Word List 4	211
corporation	ˌkɔːpəˈreɪʃn	（abbr. Corp.）) n.[C] 大公司	-ation 名词后缀，表行为、情况或状态	corp or（体）+-ation（名词后缀）→由一个团体构成的组织→引申为“大公司”	a big food corporation 大型食品公司<br>a global corporation 全球性公司	[近]firm n.公司	中频词 Word List 4	211
connotation	ˌkɒnəˈteɪʃn	n.[C]含义；内涵意义	-ation 名词后缀，表行为、情况或状态	con-（加强意义）+not（知道）+-ation（名词后缀）一知道句子所包含的意义→含义	a negative connotation 负面含义<br>a connotation of s th.某物的含义		中频词 Word List 4	211
configuration	kənˌfɪɡəˈreɪʃn	n.[C] 布局，格局；结构；[U] 配置	-ation 名词后缀，表行为、情况或状态		a configuration for s th.某物的布局<br>a basic configuration 基本格局	[近]layout n.布局<br>[近]structure n.结构	中频词 Word List 4	211
dioxide	daɪˈɒksaɪd	n.[C,U]二氧化物	di-,dia-二，双 di-通过；分开 dia-整个	di-（二）+oxide（氧化物）→二氧化物	carbon dioxide 二氧化碳国<br>carbon dioxide gas 二氧化碳气体		中频词 Word List 4	211
dilemma	dɪˈlemə	n.[C]困境	di-,dia-二，双 di-通过；分开 dia-整个	di-（二）+lemma（争论）→存在两种争论，难以达成共识→困境	a moral dilemma 道德困境<br>in a dilemma 进退两难	[近]corner n.困境<br>[近] difficulty n.困境	中频词 Word List 4	212
diploma	dɪˈpləʊmə	n.[C]毕业文凭（或证书）；学位证书	di-,dia-二，双 di-通过；分开 dia-整个	di-（双）+pl（折叠）+oma→学校给毕业生颁发的对折官方文件→毕业文凭（或证书）	a high school diploma 高中文凭<br>a diploma in journalism 新闻专业文凭		中频词 Word List 4	212
dialogue	ˈdaɪəlɒɡ	（亦作 dialog）n.[C, U]对话，对白	di-,dia-二，双 di-通过；分开 dia-整个	dia-（二）+log u（说话）+e→两个人说话→对话	carry on a dialogue 进行对话<br>begin a dialogue 开始对话		中频词 Word List 4	212
dimension	daɪˈmenʃn	n.[C]方面；[常用 pl.]范围	di-,dia-二，双 di-通过；分开 dia-整个	di-（通过）+mens（测量）+-ion（名词后缀）→可以通过测量得出范围大小→范围	have many dimensions 涵盖很多方面<br>a spiritual dimension 精神层面	[派]dimensional a.尺寸的<br>[近] range n.范围	中频词 Word List 4	212
dilute	daɪˈluːt	vt.冲淡；稀释；降低	di-,dia-二，双 di-通过；分开 dia-整个	di-（分开）+lut（冲洗）+e→加水使冲开→冲淡	dilute memories 冲淡记忆<br>dilute the impact of…冲……的影响	[派]dilution n.稀释<br>[反]thicken v.（使）变浓	中频词 Word List 4	212
divert	daɪˈvɜːt	vt.转移；改变……的用途；转移（某人）的注意力	di-,dia-二，双 di-通过；分开 dia-整个	di-（分开）+vert（转）→分开转移→转移	divert resources 转移资源<br>divert interest 转移兴趣	[派]diversion n.转向<br>[近] shift v.转移	中频词 Word List 4	212
digest	daɪˈdʒest	v.消化 vt.领会；承受（坏消息）	di-,dia-二，双 di-通过；分开 dia-整个		digest food 消化食物<br>digest easily 易于消化	[派] digestion n.消化<br>[派] digestive a.消化的	中频词 Word List 4	213
divorce	dɪˈvɔːs	n.[C,U] 离婚 vt.使分离	di-,dia-二，双 di-通过；分开 dia-整个	di-（分开）+vorc（同 vert，转）+e→夫妻分离转为陌生人→离婚	get a divorce 离婚<br>the divorce rate 离婚率		中频词 Word List 4	213
diagnose	ˈdaɪəɡnəʊz	vt.诊断（疾病）；判断（问题的原因）	di-,dia-二，双 di-通过；分开 dia-整个	dia-（整个）+gnos（知道）+e→知道病人患病的整个过程再诊断疾病→诊断（疾病）	be diagnosed with…被诊断出…<br>be diagnosed as…被诊断为……	[派] diagnosis n.诊断<br>[近] judge v. 判断	中频词 Word List 4	213
fragile	ˈfrædʒaɪl	a.脆弱的；虚弱的；易碎的	-ile 形容词后缀，易于…的；属于……的		a fragile recovery 脆弱的经济复苏<br>in fragile health 身体虚弱		中频词 Word List 4	213
hostile	ˈhɒstaɪl	a.敌对的；敌意的；敌军的	-ile 形容词后缀，易于…的；属于……的	host（敌人）+-ile（形容词后缀）→属于敌军阵营的→敌对的	a hostile actor 敌对方<br>a hostile attitude 敌对态度		中频词 Word List 4	213
juvenile	ˈdʒuːvənaɪl	a.青少年的，少年的	-ile 形容词后缀，易于…的；属于……的	juven（年轻）+-ile（形容词后缀）→年轻的→青少年的	juvenile delinquency 青少年犯罪<br>a juvenile reader 青少年读者	[近] teenage a.青少年的	中频词 Word List 4	213
remnant	ˈremnənt	n.[常用 pl.]残余部分；剩余部分	-ant 名词后缀，表物形容词后缀，具有……性质的	re-（再）+mn（同 main，留）+-ant（名词后缀）→再次被留下的东西→残余部分	the remnants of enemy forces 残余敌军<br>enemy remnants 残余敌军	[近]remains n.剩余物	中频词 Word List 4	214
warrant	ˈwɒrənt	n.[C]执行令；[U]正当理由 vt.使有必要	-ant 名词后缀，表物形容词后缀，具有……性质的	war（保护）+r+-ant（名词后缀）一执行保护某人的命令执行令	issue a warrant 发出执行令<br>a warrant todos th.做某事的执行令	[派]warranteen.被保证人	中频词 Word List 4	214
vacant	ˈveɪkənt	a.空的；空缺的； （神情）茫然的	-ant 名词后缀，表物形容词后缀，具有……性质的	vac（空）+-ant（形容词后缀）→空的	in a vacant building 在空建筑中国<br>a vacant seat 空座	[派]vacancy n.空缺<br>[近]empty a.空的	中频词 Word List 4	214
redundant	rɪˈdʌndənt	a.多余的；被裁减的	-ant 名词后缀，表物形容词后缀，具有……性质的	red-（反复）+und（溢出）+-ant（形容词后缀）→反复溢出的→多余的	a redundant test 一项多余的检查<br>makes b.redundant 使某人变得多余	[派]redundantlyad.多余地<br>[近] spare a.多余的	中频词 Word List 4	214
brilliant	ˈbrɪliənt	a 明亮的；聪颖的；巧妙的；很成功的	-ant 名词后缀，表物形容词后缀，具有……性质的	brill i（绿宝石）+-ant（形容词后缀）一像宝石一样亮晶晶的→明亮的	in brilliant sunshine 在明媚的阳光下<br>have a brilliant mind 头脑聪明	[派]brilliantly ad.灿烂地<br>[近] bright a.明亮的	中频词 Word List 4	214
terminal	ˈtɜːmɪnl	a.末端的；晚期的 n.[C]终点站；航空站	-ant 名词后缀，表物形容词后缀，具有……性质的	term in（界线）+-al（形容词后缀）→到最后界线的→末端的	a terminal examination 期终考试<br>a terminal stage 晚期	[派]terminally ad.末期	中频词 Word List 4	215
temporal	ˈtempərəl	a.时间的；世俗的	-ant 名词后缀，表物形容词后缀，具有……性质的	tempor（时间）+-al（形容词后缀）→时间的	the temporal variation 时间上的变化<br>temporal transference 时间转移	[派] temporary a.暂时的<br>[近] worldly a.世俗的	中频词 Word List 4	215
integral	ˈɪntɪɡrəl	a.完整的；不可或缺的；作为组成部分的	-ant 名词后缀，表物形容词后缀，具有……性质的	in te gr（完整）+-al（形容词后缀）→完整的	an integral whole 整体<br>an integral system 完整的系统	[派] integral ly ad.完整地<br>[近]complete a.完整的	中频词 Word List 4	215
medieval	ˌmediˈiːvl	a.中世纪的	-ant 名词后缀，表物形容词后缀，具有……性质的	medi（中间）+ev（时期）+-al（形容词后缀）→中世纪的	a medieval castle 中世纪城堡<br>the medieval architecture 中世纪建筑风格		中频词 Word List 4	215
physiological	ˌfɪziəˈlɒdʒɪkl	a.生理（学）的	-ant 名词后缀，表物形容词后缀，具有……性质的	physio（自然生长）+logic（学科）+-al（形容词后缀）→自然生长现象→生理（学）的	a physiological function 生理机能<br>a physiological effect 生理影响	[派] physiologically ad.生理（学）上	中频词 Word List 4	215
vocal	ˈvəʊkl	a.声音的；发声的；直言不讳的	-ant 名词后缀，表物形容词后缀，具有……性质的	voc（声音）+-al（形容词后缀）→声音的	vocal music 声乐<br>a vocal supporter 发声支持者	[派]vocally ad.大声地<br>[近] sonic a.声音的	中频词 Word List 4	215
neutral	ˈnjuːtrəl	a.中性的；中立的	-ant 名词后缀，表物形容词后缀，具有……性质的	neu tr（中）+-al（形容词后缀）→站在中间的→中立的	neutral information 中性信息<br>a neutral alternative 中性的选择	[派] neutrality n.中立<br>[近] impartial a.中立的	中频词 Word List 4	216
radical	ˈrædɪkl	a.激进的；全新的；根本的	-ant 名词后缀，表物形容词后缀，具有……性质的	radi c（根）+-al（形容词后缀）→根本的	a radical idea 激进的思想<br>a radical new way 全新的方式	[派] radically ad.根本上<br>[近] fundamental a.根本的	中频词 Word List 4	216
cardinal	ˈkɑːdɪnl	a.最重要的；基本的；主要的	-ant 名词后缀，表物形容词后缀，具有……性质的	cardin（最重要的）+-al（形容词后缀）→最重要的	a cardinal principle 最重要的原则<br>a cardinal direction 基本方向	[近] primary a. 基本的<br>[近]elementary a.基本的	中频词 Word List 4	216
thermal	ˈθɜːml	a.热的，温暖的；保暖的	-ant 名词后缀，表物形容词后缀，具有……性质的	therm（热的）+-al（形容词后缀）→热的	a thermal sensor 热感器<br>the thermal energy 热能	[派] thermally ad.热地<br>[近]hot a.热的	中频词 Word List 4	216
nominal	ˈnɒmɪnl	a.名义上的； （价格或款项）象征性的，微不足道的	-ant 名词后缀，表物形容词后缀，具有……性质的	nom in（名字）+-al（形容词后缀）→只是名字表面上的意思→名义上的	in nominal control of s th.名义上掌管某物<br>a nominal leader 名义上的领袖	[派] nominally ad. 名义上<br>[近] token a.象征性的	中频词 Word List 4	216
dual	ˈdjuːəl	a.双的；双重的	-ant 名词后缀，表物形容词后缀，具有……性质的	du（双）+-al（形容词后缀）→双的	a dual system 双重体系<br>a dual purpose 两个用途	[派]duality n.双重性<br>[近]double a.双的；双重的	中频词 Word List 4	216
fatal	ˈfeɪtl	a 致命的；灾难性的	-ant 名词后缀，表物形容词后缀，具有……性质的	fat（命运）+-al（形容词后缀）→关乎命运的→致命的	a fatal crash 致命的车祸<br>a fatal injury 致命伤害	[派] fatally ad.致命地<br>[近] deadly a.致命的	中频词 Word List 4	217
municipal	mjuːˈnɪsɪpl	a.地方政府的，市政的	-ant 名词后缀，表物形容词后缀，具有……性质的	mun（防御）+i+cip（拿）+-al（形容词后缀）→保护公众利益不被拿走的→地方政府的	the municipal government 市政府<br>municipal upkeep 市政维修	[派] municipality n. 自治市<br>[近]civic a.市政的	中频词 Word List 4	217
principal	ˈprɪnsəpl	a.主要的 n.[C]大学校长	-ant 名词后缀，表物形容词后缀，具有……性质的	pr in（主要的）+cip（抓）+-al（形容词后缀）→抓住主要的→主要的	a principal leader 主要领导人<br>a principal architect 主要建筑师	[派] principally ad. 主要地<br>[近]chief a.主要的	中频词 Word List 4	217
rational	ˈræʃnəl	a.合理的；理性的	-ant 名词后缀，表物形容词后缀，具有……性质的	rat（思考）+-ion（名词后缀）+-al（形容词后缀）→经过仔细思考的→理性的	a rational explanation 合理的解释<br>a rational decision 合理的决定	[派]rationality n.合理性<br>[反] irrational a.不合理的	中频词 Word List 4	217
literal	ˈlɪtərəl	a.字面意义的；逐字的；直（译）的；确确实实的	-ant 名词后缀，表物形容词后缀，具有……性质的	liter（文字）+-al（形容词后缀）→文字表面意思的→字面意义的	a literal meaning 字面意思<br>a literal interpretation 逐字解释	[派] literally ad.字面上地<br>[派] literal ness n. 文字	中频词 Word List 4	217
casual	ˈkæʒuəl	a.随意的; （服装）休闲的；漫不经心的；偶然的	-ant 名词后缀，表物形容词后缀，具有……性质的	cas（发生）+-ual（形容词后缀）→某事不是必然发生的一偶然的	a casual remark 随意评论<br>casual clothing 休闲服饰	[派]casually ad.偶然地<br>[派]casualness n.漫不经心	中频词 Word List 4	218
gradual	ˈɡrædʒuəl	a.逐步的；逐渐的；渐进的	-ant 名词后缀，表物形容词后缀，具有……性质的	grad（步）+-ual（形容词后缀）→一步一步的→逐步的	the gradual retreat 逐步撤退<br>gradual reform 逐步改革	[派]gradually ad.逐步地<br>[近] progressive a.逐步的	中频词 Word List 4	218
mammal	ˈmæml	n.[C]哺乳动物	-ant 名词后缀，表物形容词后缀，具有……性质的	ma mm（乳房）+-al（名词后缀）一哺乳动物	a mammal's fur 哺乳动物的皮毛<br>native mammal species 本地哺乳动物		中频词 Word List 4	218
genuine	ˈdʒenjuɪn	a.真正的；真诚的	名词后缀，表人（多指女性）、抽象概念或药物名称	gen（出生）+u+-ine（形容词后缀）→出生以来就有的→没有伪造的→真正的	genuine competence 真正的才能<br>a genuine design art 真正的设计艺术	[派]genuinely ad.真诚地<br>[近]sincere a.真诚的	中频词 Word List 4	218
heroine	ˈherəʊɪn	n.[C]女英雄；女主角，女主人公	名词后缀，表人（多指女性）、抽象概念或药物名称	hero（英雄）+-ine（名词后缀）一女英雄	the national heroine 民族女英雄<br>a plucky heroine 勇敢的女英雄		中频词 Word List 4	218
discipline	ˈdɪsəplɪn	n.[U] 纪律；自制力；学科 vt.惩罚	名词后缀，表人（多指女性）、抽象概念或药物名称	dis-（分开）+cip（抓）+|+-ine（名词后缀）→拥有自己抓住分散思绪的能力→自制力	rigorous discipline 严格的纪律<br>have no discipline 毫无自制力		中频词 Word List 4	218
vaccine	ˈvæksiːn	n.[C,U] 疫苗	名词后缀，表人（多指女性）、抽象概念或药物名称	vacc（牛）+-ine（名词后缀）→用来抵抗牛痘的活体病毒→疫苗	search for a new vaccine 寻找新疫苗<br>a reliable vaccine 可靠的疫苗		中频词 Word List 4	219
outer	ˈaʊtə(r)	a.外面的；外围的	out-外	out-（外）+-er（形容词后缀）→外面的	an outer layer 外层<br>along the outer curve 沿外曲线	[近]outside a.外面的<br>[反]inner a.里面的	中频词 Word List 5	220
outgoing	ˈaʊtɡəʊɪŋ	a.外向的；友好的；向外的；即将离职的	out-外	out-（外）+go（走）+-ing（形容词后缀）→向外走的→向外的	an outgoing person 性格外向的人<br>one's outgoing behaviour 某人友好的行为	[近]sociable a.友好的<br>[近]outward a.向外的	中频词 Word List 5	220
outline	ˈaʊtlaɪn	vt.概述；映衬……的轮廓 n.[C] 概要；轮廓	out-外	out-（外）+line（线）→外部的线条→轮廓	outline a plan 概述计划<br>be outlined against…在……的映衬下		中频词 Word List 5	221
outlook	ˈaʊtlʊk	n.[常用 sing.]人生观；前景；展望；[C]景色	out-外	out-（外）+look（看）→向外看到的景致→景色	a positive outlook 积极的人生观<br>the outlook for jobs 工作前景	[近] prospect n.前景<br>[近]scenery n.景色	中频词 Word List 5	221
outstanding	aʊtˈstændɪŋ	a.突出的；杰出的；未解决的	out-外	out-（外）+stand（站）+-ing（形容词后缀）→站在人群外面的→突出的	an outstanding influence 突出的影响力<br>an outstanding characteristic 突出的特点	[派] outstandingly ad.极其<br>[近] prominent a.杰出的	中频词 Word List 5	221
benign	bɪˈnaɪn	a.良性的；良好的；温和的	beni-好	beni-（好）+gn（出生）→出生背景好的→有良好生活环境的→良好的	a benign tumour 良性肿瘤<br>a benign circulation 良性循环	[派] benign ant a.仁慈的<br>[反]malignant a.恶性的	中频词 Word List 5	221
inspect	ɪnˈspekt	vt.检查；视察	spec t 看	in-（进入）+spec t（看）→进去查看→检查	inspect crops 检查庄稼<br>inspects th.for safety 检查某物的安全性		中频词 Word List 5	221
spectator	spekˈteɪtə(r)	n.[C]观众	spec t 看	spec t（看）+-ator（名词后缀）→看比赛的人→观众	a local spectator 当地的观众<br>a spectators port 吸引观众的体育比赛	[近] audience n.观众	中频词 Word List 5	221
maximum	ˈmæksɪməm	（abbr.max）n.[常用 sing.]最大量 a.最大的，最高的	maxi 大	maxi（大）+m+-um（名词后缀）→最大量	to the maximum 达到最大量<br>a maximum of……的最大量	[近]maximal a.最大的<br>[反]minimum n.最小量	中频词 Word List 5	222
rigor	ˈrɪɡə(r)	（亦作 rig our）n.[U]严厉，严格；严谨；[pl]严苛	rig 刚硬	rig（刚硬）+or→对人说话刚硬→严厉	a reputation for rigor 以严厉著称<br>lack rigor 不严格		中频词 Word List 5	222
rigid	ˈrɪdʒɪd	a.刻板的，严格的；顽固的；坚硬的	rig 刚硬	rig（刚硬）+-id（形容词后缀）→>刚硬的→一成不变的→刻板的	rigid adherence to…对…的刻板坚持<br>a rigid safety standards 严格的安全标准	[派] rigidly ad.严格地<br>[近]inflexible a.僵化的	中频词 Word List 5	222
expire	ɪkˈspaɪə(r)	vi.到期；期满	spir 呼吸	ex-（出）+pir（同 spir，呼吸）+e→呼出最后一口气→生命到期→到期	be about to expire 即将到期<br>expire this week 这周到期	[派] expired a.过期的<br>[派]expiration n.期满	中频词 Word List 5	222
aspire	əˈspaɪə(r)	vi.渴望，追求，有志于	spir 呼吸	a-（加强意义）+spir（呼吸）+e→跑得太快导致呼吸急促→追赶→追求	aspire to……<br>aspire to do sth.渴望做某事	[派]aspiration n.渴望<br>[近] long vi 渴望	中频词 Word List 5	222
conspire	kənˈspaɪə(r)	]vi 密谋；搞阴谋；共同导致	spir 呼吸		conspire with sb.和某人密谋<br>conspire against sb.搞阴谋反对某人	[派] conspiracy n.阴谋<br>[近] plot v.密谋	中频词 Word List 5	223
spirit	ˈspɪrɪt	n.[C,U]精神；[pl.] 情绪	spir 呼吸	spir（呼吸）+-it（名词后缀）→有呼吸→生命的气息→精神	a spirit of openness 开放的精神<br>a spirit of harmony 和谐精神	[派] spiritual a.精神的<br>[近]mood n.情绪	中频词 Word List 5	223
dental	ˈdentl	a.牙齿的；牙科的	dent 牙齿	dent（牙齿）+-al（形容词后缀）→牙齿的	dental care 牙齿护理<br>dental treatment 牙齿治疗		中频词 Word List 5	223
dentist	ˈdentɪst	n.[C]牙科医生	dent 牙齿	dent（牙齿）+-ist（名词后缀）→治疗牙齿疾病的人→牙科医生	a number of dentists 许多牙医<br>go to the dentist 看牙医	[派]dentistry n.牙科学	中频词 Word List 5	223
curve	kɜːv	n.[C]曲线 v.呈曲线形	cur v 弯曲	cur v（弯曲）+e→弯曲的线一曲线	an oil supply curve 石油供应曲线<br>a growth curve 增长曲线		中频词 Word List 5	223
crude	kruːd	a.天然的；简略的；粗糙的 n.[U] 石油	crud 生的	crud（生的）+e→生的→未加工的→天然的	crude oil 原油<br>in crude terms 简略地说	[派]crudely ad.粗糙地<br>[近]raW a.未加工的	中频词 Word List 5	223
sphere	sfɪə(r)	n.[C]球;范围;界	sphere 球	本身为词根，表示“球”	the volume of a sphere 球的体积<br>ina larger sphere 在更大范围内	[派]spherical a.球形的<br>[近]domain n.范围	中频词 Word List 5	224
grain	greɪn	n.[U]谷物，粮食；[C]谷粒；颗粒	grain 谷物	本身为词根，表示“谷物”	grain exports 谷物出口<br>grain crops 粮食作物	[派]grainy a.有颗粒的<br>[近] particle n.颗粒	中频词 Word List 5	224
certificate	səˈtɪfɪkət	n.[C]证明；证书	fic,feat 做	cert（确信）+i+fic（做）+-ate（名词后缀）一让别人确信做了某事的材料一证明	a health certificate 健康证明<br>a birth certificate 出生证明	[派]certification n.证明	中频词 Word List 5	224
deficit	ˈdefɪsɪt	n.[C]赤字，逆差，亏损	fic,feat 做	de-（否定）+fic（做）+-it（名词后缀）→没有做好计划导致国库亏空→赤字	balance of payment deficit 国际收支赤字<br>deal with a deficit 解决赤字问题	[派]deficient a.不足的	中频词 Word List 5	224
suffice	səˈfaɪs	vi.足够，足以	fic,feat 做	suf-（下）+fic（做）+e→在下面做好自己的事→做得足够好→足够	suffice to illustrates th.足够说明某事<br>suffice or……足够……之用	[派]sufficient a.足够的	中频词 Word List 5	224
feat	fiːt	n.[C]功绩，业绩，壮举	fic,feat 做	本身为词根，表示“做”一做出成绩→功绩	a construction feat 建筑功绩<br>achieve a feat 取得业绩	[派] feature n.特色<br>[近] merit n.功绩	中频词 Word List 5	225
defeat	dɪˈfiːt	vt.击败；否决 n.[C,U]失败	fic,feat 做	de-（否定）+feat（做）→否定某人做的决定→否决	defeat a champion 击败冠军<br>be defeated.by…被……否决	[派]defeatist a.失败主义（者）的<br>[近]failure n.失败	中频词 Word List 5	225
margin	ˈmɑːdʒɪn	n.[C]页边空白；边缘；[常用 sing.]余地，差额	mar g 边界	mar g（边界）+in→页边界到页面内容的空白处→页边空白	leave a margin 留空白边<br>the western margin of……的西部边缘	[派] marginal a.边缘的<br>[近]brink n.边缘	中频词 Word List 5	225
metaphor	ˈmetəfə(r)	n.[C,U] 暗喻，隐喻；象征	meta-改变		a good metaphor 很好的暗喻<br>the use of metaphor 对隐喻的运用	[派] metaphorical a.比喻性的<br>[反] simile n.明喻	中频词 Word List 5	225
phrase	freɪz	n.[C]短语，词组；警句	phras 说话	phras（说话）+e→说话时使用的简短词组→短语	an informal phrase 非正式短语<br>aprepositionalphrase 介词短语	[派] phraseology n.用语	中频词 Word List 5	225
regime	reɪˈʒiːm	n.[C]政权，政体；管理制度	reg,reg n 统治	reg（统治）+ime 一政治上的统治权力→政权	regime change 政权更替<br>the fascist regime 法西斯政权	[派]regimen n.养生法<br>[近]power n.政权	中频词 Word List 5	226
sovereign	ˈsɒvrɪn	n.[C]君主 a.有主权的；掌握全部权力的	reg,reg n 统治	so ve（同 super-，上）+reign（同 reg n，统治）→上层统治者→君主	become a sovereign 成为君主<br>obey a sovereign 服从君主	[派]sovereignty n.最高统治权<br>[近]emperor n.君主	中频词 Word List 5	226
formal	ˈfɔːml	a.正式的；正规的；形式上的	form 形，形状	form（形）+-al（形容词后缀）→形式上的	a formal distinction 正式的区别<br>a formal agreement 正式协议	[派]formally ad.正式地<br>[近]official a.正式的	中频词 Word List 5	226
format	ˈfɔːmæt	n.[C]格式；版式 vt.格式化	form 形，形状	form（形）+at→形成固定的模式一格式	a right format 正确格式<br>a thesis format 毕业论文格式		中频词 Word List 5	226
formulate	ˈfɔːmjuleɪt	v.构想；制定，规划；确切表达	form 形，形状	form（形状）+ul+-ate（动词后缀）→将事物的形状在心里描绘出来一构想	formulate a plan 构想计划<br>formulate a policy 制定政策图	[派]formulation n.构想<br>[近] programme vt.规划	中频词 Word List 5	226
conform	kənˈfɔːm	vi.相符合，相一致；遵从	form 形，形状	con-（共同）+form（形状）一与……有着共同的形状一相一致	conform to regulations 符合规范<br>conform to standards 符合标准	[派]conformity n.遵守<br>[近] comply vi 遵从	中频词 Word List 5	227
paradise	ˈpærədaɪs	n.[C]天堂；[sing.]乐园；[U]至福	para-在旁；辅助	para-（在旁）+dise→在旁边修整的像天堂一样美丽的地方→天堂	a feminist paradise 女权主义者的天堂<br>a fool's paradise 愚者的天堂	[近]heaven n.天堂	中频词 Word List 5	227
parameter	pəˈræmɪtə(r)	n.[常用 pl]参数；范围；决定因素	para-在旁；辅助	para-（辅助）+meter（测量）一辅助参考的测量数值一参数	the parameters of……的参数<br>technical parameters 技术参数	[近] scope n.范围	中频词 Word List 5	227
mentor	ˈmentɔː(r)	n.[C]导师；顾问 vt.指导	-or 名词后缀，表人	ment（思考）+-or（名词后缀）→引导某人对论文进行思考的人→导师	serve as a mentor 担任导师<br>a beloved mentor 敬爱的导师	[派]mentoring n.指导<br>[近]tutor n.导师	中频词 Word List 5	227
tutor	ˈtjuːtə(r)	n.[C]导师；家庭教师 vt.教授	-or 名词后缀，表人	tut（教育）+-or（名词后缀）→高校里指导和教育学生的人→导师	a personal tutor 个人导师<br>employ a tutor 雇家庭教师	[派]tutorial n.辅导课	中频词 Word List 5	227
ancestor	ˈænsestə(r)	n.[C]祖先；原型	-or 名词后缀，表人	an（同 ance-，在前）+cest（同 cess，走）+-or（名词后缀）→走在前面的人→祖先	a direct ancestor 直系祖先<br>a venerable ancestor 值得敬仰的祖先	[派]ancestral a.祖先的	中频词 Word List 5	227
calendar	ˈkælɪndə(r)	n.[C]日历；历法	-or 名词后缀，表人	cal end（每月第一天）+-ar（名词后缀）→从每月第一天开始记录的册子→日历	calendar software 日历软件国<br>a perpetual calendar 万年历		中频词 Word List 5	228
collar	ˈkɒlə(r)	n.[C]衣领；项圈	-or 名词后缀，表人	coll（脖子）+-ar（名词后缀）→衣服上包住脖子的部分→衣领	a stiff collar 硬领<br>a coat with a fur collar 毛皮领大衣	[派]collar less a.无领的<br>[近]neck n.衣领	中频词 Word List 5	228
besides	bɪˈsaɪdz	ad.况目 prep.除……之外	be-在；加强意义；使……成为	be-（在）+side（旁边）+-s（副词后缀）→在旁边补充说明→况且	I don't really want to go. Besides, it's too late now.我并不真的想去。况且现在太晚了。	[近]moreover ad.而且	中频词 Word List 5	228
beneath	bɪˈniːθ	prep.在……之下；配不上	be-在；加强意义；使……成为	be-（在）+neath（同 neth，下面）→在……之下	beneath the threshold 在起征点以下<br>s it beneath a tree 坐在树下		中频词 Word List 5	228
beloved	bɪˈlʌvd	a.深爱的；亲爱的 n.[sing.]心爱的人	be-在；加强意义；使……成为	be-（加强意义）+lov（看作 love，爱）+-ed（形容词后缀）→深爱的	one's beloved wife 某人的爱妻<br>my beloved motherland 我亲爱的祖国		中频词 Word List 5	228
behalf	bɪˈhɑːf	n.[U] 代表；利益	be-在；加强意义；使……成为	be-（使……成为）+half（边）→使其成为这边的代表一代表	on behalf of…代……<br>on behalf of someone else 代替他人图		中频词 Word List 5	229
disclose	dɪsˈkləʊz	vt.揭露；透露，泄露；使显露	dis-不；取消；分开，分离；加强意义	dis-（不）+clos（关）+e→不要关上→打开→揭露	disclose the truth 揭露真相<br>disclose information 透露信息		中频词 Word List 5	229
disagree	ˌdɪsəˈɡriː	vi 不同意，持不同意见，有分歧；不符	dis-不；取消；分开，分离；加强意义	dis-（不）+agree（同意）→不同意	venture to disagree 怒不苟同<br>disagree on sth.对某事持不同意见	[派]disagreement n.意见不一	中频词 Word List 5	229
discount	ˈdɪskaʊnt	n.[C,U] 折扣[disk a on t] vt. 给……打折	dis-不；取消；分开，分离；加强意义	dis-（不）+count（计算）一没有计算在内的价钱一折扣	sells th.ata discount 打折出售某物<br>get sb.a discount 为某人弄到折扣	[派]discountern.折扣商店	中频词 Word List 5	229
displace	dɪsˈpleɪs	vt.取代；移动；迫使……背井离乡	dis-不；取消；分开，分离；加强意义	dis-（不）+place（地方）→不在原来的地方→移动	displace the wildlife 取代野生物种<br>displaces th.as…取代某物成为……	[派]displacement n.取代<br>[近]shift v.移动	中频词 Word List 5	229
disappoint	ˌdɪsəˈpɔɪnt	v.（使）失望	dis-不；取消；分开，分离；加强意义	dis-（取消）+appoint（任命）→取消对某人的任命→对某人失望→（使）失望	disappoint one's fans 让某人的粉丝失望<br>hate to disappoints b.不想使某人失望		中频词 Word List 5	229
dispense	dɪˈspens	vt.分发，配发；提供；配（药）	dis-不；取消；分开，分离；加强意义	dis-（分开）+pens（称量）+e→按称的量分开发给大家→分发	dispense the food 分发食物<br>dispense the merchandise 配发商品	[派]dispensation n.分配<br>[近]distribute vt.分发	中频词 Word List 5	230
distil	dɪˈstɪl	（亦作 distill）vit 蒸馏；提炼；萃取……的精华	dis-不；取消；分开，分离；加强意义	dis-（分开）+til（同 still，小水滴）→把蒸汽分解成小水滴→蒸馏	distil the saltwater 蒸馏海水<br>disti…int……提炼.为……	[派]distillation n.蒸馏	中频词 Word List 5	230
discriminate	dɪˈskrɪmɪneɪt	vi.歧视 v.区分	dis-不；取消；分开，分离；加强意义	dis-（分开）+c rim in（区分）+-ate（动词后缀）→区分	discriminate against women 歧视妇女<br>discriminate on grounds of…… ……歧视	[派]discrimination n.歧视<br>[派]discriminatory a.歧视的	中频词 Word List 5	230
dismiss	dɪsˈmɪs	vt.消除；解雇；不予理会，不予考虑	dis-不；取消；分开，分离；加强意义	dis-（分离）+miss（送）→把……送离→让……离开解雇	dismiss the popular belief 消除普遍看法图<br>dismiss a worker 解雇工人	[派]dismissive a.轻蔑的<br>[近]fire vt.解雇	中频词 Word List 5	230
distort	dɪˈstɔːt	vt.歪曲，曲解，扭曲；使失真	dis-不；取消；分开，分离；加强意义	dis-（加强意义）+tort（扭）→扭曲事实一歪曲	distort the truth 歪曲事实<br>distort a legal clause 曲解法律条文	[派]distortion n.歪曲<br>[近]misinterpret vt.曲解	中频词 Word List 5	230
disrupt	dɪsˈrʌpt	vt.使中断；扰乱；妨碍	dis-不；取消；分开，分离；加强意义	dis-（加强意义）+rupt（打断）→使中断	disrupt a game 中断比赛<br>disrupt a meeting 扰乱会议	[派] disruptive a. 扰乱性的<br>[派]disruption n.中断；扰乱	中频词 Word List 5	230
discourse	ˈdɪskɔːs	n.[C,U]演讲；论述；[U] 语篇	dis-不；取消；分开，分离；加强意义	dis-（加强意义）+cours（跑）+e→跑到各地进行演说一演讲	a discourse on…有关……的演讲<br>scientific discourse 科学讨论	[近] speech n.演讲	中频词 Word List 5	231
disturb	dɪˈstɜːb	vt.打扰，干扰；弄乱；破坏	dis-不；取消；分开，分离；加强意义	dis-（加强意义）+turb（骚扰）→打扰	disturb everyone else 打扰别人<br>disturb one’s sleep 干扰某人的睡眠	[派] disturbing a.令人不安的	中频词 Word List 5	231
amass	əˈmæs	vt.积累，积聚	一再；临近；加强意义	a-（否定）+mass（块）→不让各个版块成为独立的个体一汇集成集体→积累	a massa fortune 积累一笔财富<br>a mass evidence todos th.积累证据做某事	[近]collect v.积累<br>[近]accumulate vt.积聚	中频词 Word List 5	231
amend	əˈmend	vt.修改，修订，修正	一再；临近；加强意义	a-（否定）+mend（错误）→否定错误的部分并予以改正→修改	amend sth.accordingly 相应地修改某物<br>amend the constitution 修订宪法	[派]amendment n.修订<br>[近] correct vt.修正	中频词 Word List 5	231
arouse	əˈraʊz	vt.引起；激发；使行动起来；唤醒	一再；临近；加强意义	a-（加强意义）+rouse（唤醒）→唤醒	arouse ones suspicion 引起某人的怀疑<br>arouse ones interest 激发某人的兴趣	[近]cause vt.引起<br>[近]rouse vt.唤醒	中频词 Word List 5	231
aboard	əˈbɔːd	ad./prep.上船（飞机、火车）	一再；临近；加强意义	a-（加强意义）+board（甲板）→登上甲板一上船	step aboard 上船<br>wait to takes b.aboard 等待某人上船		中频词 Word List 5	231
acclaim	əˈkleɪm	vt.赞扬，赞誉 n.[U]赞誉，赞扬	一再；临近；加强意义	aC-（朝）+claim（呼喊）→朝某人呼喊→喝彩→赞扬	acclaim a film 赞扬一部电影<br>be acclaimed as…被誉为……	[近]praise vt.赞扬	中频词 Word List 5	232
accommodate	əˈkɒmədeɪt	vt.容纳；为……提供住宿 v 适应	一再；临近；加强意义	ac-（加强意义）+com-（一起）+mod（适中）+-ate（动词后缀）→用合适的方法使聚集一容纳	accommodate all people 容纳所有人<br>be accommodated in sp.被安置在某地	[派]accommodation n.住处<br>[近]contain vt.容纳	中频词 Word List 5	232
accompany	əˈkʌmpəni	vit.陪同，陪伴；附有；为……伴奏	一再；临近；加强意义	ac-（加强意义）+com-（加强意义）+pan（面包）+y→陪某人买面包一陪同	be accompanied by sb.在某人陪同下<br>remain to accompany sb.留下来陪某人	[派]accompaniment n.伴奏	中频词 Word List 5	232
accumulate	əˈkjuːmjəleɪt	vt.积累，积聚 vi.（数量）逐渐增加	一再；临近；加强意义	ac-（加强意义）+cum ul（堆积）+-ate（动词后缀）→使堆积起来→积累	accumulate wealth 积累财富<br>accumulate enough cash 攒足钱		中频词 Word List 5	232
adhere	ədˈhɪə(r)	vi.附着；遵守，遵循	一再；临近；加强意义	ad-（加强意义）+her（粘着）+e→附着	adhere to the surface 附着在表面<br>adhere to the root 附着在根部	[派]adherence n.遵守	中频词 Word List 5	232
affix	əˈfɪks	vt.粘上，贴上；附上	一再；临近；加强意义	af-（朝）+fix（固定）→朝一处固定→粘上	affix a stamp 粘邮票<br>be affixed to……被贴在……上.	[派] af fixation n.附加	中频词 Word List 5	232
affection	əˈfekʃn	n.[sing.,U]喜爱，钟爱；[pl.]感情；爱情	一再；临近；加强意义	af-（加强意义）+fect（做）+-ion（名词后缀）→喜欢做的事→喜爱	have an affection for s th.喜欢某物<br>think of sb.with affection 对某人心怀爱戴	[派]affection a la.情感的<br>[近]emotion n.感情	中频词 Word List 5	233
aggravate	ˈæɡrəveɪt	vt.使恶化，加剧，加重；使恼火	一再；临近；加强意义	ag-（加强意义）+grav（重）+-ate（动词后缀）一加重	aggravate a problem 使问题恶化<br>aggravate a conflict 加剧冲突	[派] aggravation n.恶化<br>[派] aggravating a.令人恼怒的	中频词 Word List 5	233
aggressive	əˈɡresɪv	a.侵略的；富于攻击性的；有进取心的	一再；临近；加强意义	ag-（加强意义）+gress（走）+-ive（形容词后缀）→武装起来，走向他国的→侵略的	an aggressive stance 侵略性的姿态<br>an aggressive dog 恶犬	[派] aggressively ad.侵略地	中频词 Word List 5	233
allocate	ˈæləkeɪt	vt.分配	一再；临近；加强意义	al-（一再）+loc（地方）+-ate（动词后缀）→中央再次把物资分给地方人民→分配	allocates b.sth.给某人分配某物<br>allocate the resources 分配资源	[近]allocation n.分配的东西<br>[近]distribute vt.分配	中频词 Word List 5	233
allure	əˈlʊə(r)	n.[U] 吸引|力，魅力，诱惑	一再；临近；加强意义	al-（加强意义）+lure（诱饵）→诱饵具有吸引力一吸引力	maintain ones allure 保持某人的吸引力<br>have big allure 有巨大的吸引力	[派] alluring a.诱人的<br>[近]attraction n.吸引力	中频词 Word List 5	233
arrange	əˈreɪndʒ	v.安排，筹备 vt.整理，排列	一再；临近；加强意义	ar-（加强意义）+rang（行）+e→把每一行都安排好→>安排	arrange todos th.安排/筹备做某事<br>arrange or……安…	[派] arrangement n.安排<br>[近]schedule vt.安排	中频词 Word List 5	233
assist	əˈsɪst	v.帮助，协助	一再；临近；加强意义		be able to assists b.能够帮助某人<br>assists b.with s th.帮助某人做某事		中频词 Word List 5	234
associate	əˈsəʊʃieɪt	vt.联系 vi.交往[osaufiot]a.副的 n.[C] 伙伴	一再；临近；加强意义	as-（加强意义）+soci（结交）+-ate（动词后缀）→与某人结交→交往	associate A with B 把 A 和 B 联系起来<br>associate with sb.与某人交往	[派]association n.社<br>[近]connect vt.联系	中频词 Word List 5	234
assert	əˈsɜːt	vt.坚称；维护；坚持（主张）	一再；临近；加强意义	as-（加强意义）+sert（加入）→坚持加入统一阵营→坚持（主张）	assert one's innocence 坚称某人无辜<br>assert one's rights 维护某人的权利	[派] assertion n.主张<br>[近]maintain vt.坚持说	中频词 Word List 5	234
attorney	əˈtɜːni	n.[C] 律师；代理人	一再；临近；加强意义	at-（加强意义）+torn（转）+ey→法庭上脑子转得快的人→律师	a practicing attorney 执业律师<br>a defense attorney 辩护律师	[近]counsel n.律师<br>[近]lawyer n.律师	中频词 Word List 5	234
consecutive	kənˈsekjətɪv	a.连续不断的	有……性质的有……作用的	词 con-（加强意义）+se cut（跟随）+-ive（形容词后缀）→一个跟着一个的→连续不断的	two consecutive days 连续两天<br>the third consecutive month 连续第三月	[派]consecutively ad.连续不断地<br>[近]continuous a.连续的	中频词 Word List 5	234
naive	naɪˈiːv	a.天真的，幼稚的，无知的	有……性质的有……作用的	na（同 nat，出生）+-ive（形容词后缀）一刚出生的一天真的	a naive idea 天真的想法<br>a naive child 幼稚的孩子	[派]naively ad.天真地<br>[近]innocent a.天真的	中频词 Word List 5	235
conducive	kənˈdjuːsɪv	a 有助于…）的，有益（于……）的	有……性质的有……作用的	con-（加强意义）+duc（带来）+-ive（形容词后缀）→带来好处的→有助（于……）的	be conducive to innovation 有助于创新国<br>be conducive to doings th.有助于做某事	[近]beneficial a.有益的	中频词 Word List 5	235
imperative	ɪmˈperətɪv	a.必要的；命令的；祈使的 n.[C]必要的事	有……性质的有……作用的	im per（命令）+-at ive（形容词后缀）→命令的	be imperative todos th.做某事很必要<br>an imperative gesture 命令的手势		中频词 Word List 5	235
operative	ˈɒpərətɪv	a.起作用的 n.[C]工人；特工	有……性质的有……作用的	Oper（工作）+-at ive（形容词后缀）→使机器工作起来的→起作用的	become operative immediately 即时生效<br>the operative word 关键词		中频词 Word List 5	235
primitive	ˈprɪmətɪv	a.原始的；低等的；简陋的	有……性质的有……作用的	prim（最初的）+-it ive（形容词后缀）→最初的→原始的	a primitive society 原始社会<br>a primitive tribe 原始部落	[派]primitivelyad.原始地<br>[近] original a.原始的	中频词 Word List 5	235
axis	ˈæksɪs	n.[C]（pl.axes）轴，轴线；坐标轴	ax 轴	ax（轴）+is→轴	revolve on an axis 绕轴旋转<br>the north-south axis 南北轴线		中频词 Word List 6	236
prolong	prəˈlɒŋ	vt.延长;拉长	long 长	pro-（前）+long（长）→向前延长→延长	prolong one'slife 延长某人的寿命<br>prolong warranty 延长保修期		中频词 Word List 6	236
longevity	lɒnˈdʒevəti	n.[U] 长寿；寿命	long 长	long（长）+ev（寿命）+-ity（名词后缀）→延长寿命→长寿	symbolize longevity 象征长寿<br>decrease longevity 缩短寿命		中频词 Word List 6	237
augment	ɔːɡˈment	vt.增加；扩大	aug 增加	aug（增加）+-ment（名词后缀）一增加	augment one's income 增加某人的收入<br>augment thinking 增强思维	[派] augmentation n.扩大<br>[近] amplify vt.扩大	中频词 Word List 6	237
livelihood	ˈlaɪvlihʊd	n.[常用 sing., U]营生，生计	live 生存	live（生存）+li（同-ly，形容词后缀）+-hood（名词后缀）→生存的手段→营生	earn a livelihood as……营生<br>lose one's livelihood 失去营生手段	[近] living n.生计	中频词 Word List 6	237
tragedy	ˈtrædʒədi	n.[C, U] 悲剧	trag 山羊	trag（山羊）+edy（同 ody，歌）→为用作献祭的山羊所作的悲歌→悲剧	a global tragedy 全球性悲剧<br>the Greek tragedy 希腊悲剧	[派] tragediann.悲剧作家<br>[反]comedy n.喜剧	中频词 Word List 6	237
surgery	ˈsɜːdʒəri	n.[U]外科手术；[C]诊室	sur g 外科	sur g（外科）+-ery（名词后缀）→外科手术	undergo surgery 接受手术<br>a bypass surgery 搭桥手术		中频词 Word List 6	237
virtue	ˈvɜːtʃuː	n.[C]美德；[U]高尚的道德；[C,U] 优点；用处	virtu 男人	virtu（男人）+e→绅士风度是男士应具有的美德一美德	the virtue of……的美德<br>a paragon of virtue 道德高尚的典范	[派]virtuous a.有道德的<br>[近] goodness n.美德	中频词 Word List 6	238
virtual	ˈvɜːtʃuəl	a.几乎的；实际上的；虚拟的	virtu 男人	virtu（男人）+-al（形容词后缀）→男子气概→看不见却实际存在的→实际上的	a virtual standstill 几乎停顿的状态<br>a virtual monopoly 实质性垄断地位	[派]virtually ad.几乎<br>[近]effective a.实际的	中频词 Word List 6	238
automate	ˈɔːtəmeɪt	vt.使自动化	auto-自己	auto-（自己）+mate（同 mind，思考）→自己思考→使自动化	be fully automated 全自动化<br>automate a process 使流程自动化		中频词 Word List 6	238
pending	ˈpendɪŋ	a.待定的；即将发生的 prep.在等待……时期	p end 悬挂	p end（悬挂）+-ing（形容词后缀）→悬而未决的→待定的	a pending bill 悬而未决的法案<br>a pending case 待办案件	[近]undecided a.未作出决定的	中频词 Word List 6	238
pendulum	ˈpendjələm	n.[C]钟摆；[sing.]（局势意见等的）摇摆不定	p end 悬挂	p end（悬挂）+-ul um（名词后缀）→时钟内悬挂的东西→钟摆	pendulum effect 钟摆效应<br>the pendulum movement 钟摆式运动		中频词 Word List 6	238
echo	ˈekəʊ	n.[C]回声 vi.回响 vt.附和	echo 声音	本身为词根，表示“声音”→回返的声音一回声	a faint echo 微弱的回声<br>the echo of……的回声		中频词 Word List 6	239
fabric	ˈfæbrɪk	n.[C,U]织物；布料；[sing.]（社会、机构等的）结构	fabric 制造	本身为词根，表示“制造”→用布制造→布料制成品→织物	the texture of a fabric 织物的质地<br>fabric quality 布料质量	[派]fabrication n.制造<br>[近] cloth n.布料	中频词 Word List 6	239
transcend	trænˈsend	vt.超越，超出	sc end 攀爬	tran-（越过）+sc end（攀爬）→攀爬越过→超越	transcend history 超越历史<br>transcend national borders 超越国界	[派]transcendental a.超验的<br>[近]exceed vt.超出	中频词 Word List 6	239
ascend	əˈsend	v.攀登；上升	sc end 攀爬	a-（加强意义）+sc end（攀爬）→攀登	ascend the stairs 爬楼梯<br>ascend through…顺着……往上攀登	[派]ascension n.上升<br>[近]climb v.攀登	中频词 Word List 6	239
breathe	briːð	v.呼吸 vt.说出	breath 呼吸	breath（呼吸）+e→呼吸	breathe air 呼吸空气<br>breathe deeply 深呼吸	[派]breathless a.气喘吁吁的<br>[近]respire vi 呼吸	中频词 Word List 6	239
premise	ˈpremɪs	n.[C]前提	pre-先，前	pre-（先）+mis（送）+e→收到礼物的前提是先送出礼物一前提	an important premise 重要前提<br>a basic premise 基本前提	[近]precondition n.前提	中频词 Word List 6	240
premature	ˌpreməˈtʃʊə(r)	a.早产的；未成熟的；过早的	pre-先，前	pre-（先）+matur（成熟的）+e 一预先成熟的→早产的	a premature baby 早产婴儿<br>a premature opinion 不成熟的意见	[派]prematurely ad.过早地	中频词 Word List 6	240
prejudice	ˈpredʒudɪs	n.[C, U] 偏见;歧视	pre-先，前	pre-（先）+judi c（判断）+e→预先对某人做出不好的判断→偏见	a racial prejudice 种族偏见<br>prejudice against…对……抱有偏见	[派] prejudicial a.有害的<br>[近] bias n.偏见	中频词 Word List 6	240
presume	prɪˈzjuːm	vt.假设，假定 vi.冒味；妄行	pre-先，前	pre-（前）+sum（拿）+e→拿定主意前先假设后果→假设	presumes b.tobe…假设某人是…<br>presumes b.dead 假定某人已死亡	[派]presumablea.可推测的<br>[派] presumption n.假定	中频词 Word List 6	240
architect	ˈɑːkɪtekt	n.[C]建筑师；设计师； （想法、事件或组织的）发起者	arch i 首要的	arch i（首要的）+tec t（建造）→建造行业中占首要地位的人→建筑师	submit to the architect 呈交给建筑师<br>call in an architect 找一位建筑师	[派]architecture n.建筑学	中频词 Word List 6	240
merge	mɜːdʒ	v.（使）合并 vi.相融	mer g 浸，沉	mer g（浸）+e→使浸泡在一起→相融	merge multiple lists 合并多个列表<br>merge firms 合并公司	[派]merger n.合并<br>[近]combine v.合并	中频词 Word List 6	241
emergency	ɪˈmɜːdʒənsi	n.[C,U] 紧急情况；突发事件	mer g 浸，沉	e-（出）+mer g（沉）+-en cy（名词后缀）→类似沉船事件的出现→紧急情况	in an emergency 在紧急情况下<br>a state of emergency 紧急状态		中频词 Word List 6	241
legend	ˈledʒənd	n.[C,U]传说；传奇故事；[C]传奇人物	leg 读；遗赠	leg（读）+-end（名词后缀）→读传奇故事→传奇故事	an Indian legend 印度传说<br>according to legend 据传	[派] legendary a.传奇的	中频词 Word List 6	241
legacy	ˈleɡəsi	n.[C]遗产；遗留问题	leg 读；遗赠	leg（遗赠）+-acy（名词后缀）→通过遗赠继承的财产→遗产	receive a legacy 得到遗产<br>a precious legacy 宝贵遗产		中频词 Word List 6	241
segregate	ˈseɡrɪɡeɪt	vt.使隔离，使分开	greg 群；聚集	se-（分离）+greg（群）+-ate（动词后缀）→从群体中分离出来→使隔离	se greg at…fro……分隔开<br>segregate A and B 将 A 和 B 隔离	[派]segregation n.隔离（或分离）措施<br>[反]integrate v.（使）合并	中频词 Word List 6	241
aggregate	ˈæɡrɪɡət	n.[C]总数 a.总计的[aegrigeit]vt.合计；汇集	greg 群；聚集	ag-（加强意义）+greg（聚集）+-ate（名词后缀）→使聚集→汇集	in aggregate 总共<br>the aggregate demand 总需求	[派] aggregation n.聚集	中频词 Word List 6	242
suicide	ˈsuːɪsaɪd	n.[C,U] 自杀；[U]自杀性行为	cid,cis 切 cid 发生	sui（自己）+cid（切）+e→自杀	an attempted suicide 自杀未遂<br>at risk of suicide 处于自杀危险中	[派]suicidal a.想自杀的	中频词 Word List 6	242
precise	prɪˈsaɪs	a.精确的；明确的；确切的	cid,cis 切 cid 发生	pre-（前）+cis（切）+e 一切块大小与提前计算的相等一精确的	the precise point 精确的点<br>a precise science 精准的科学	[派]precision n.精确<br>[近]accurate a.精确的	中频词 Word List 6	242
concise	kənˈsaɪs	a.简洁的，简明的	cid,cis 切 cid 发生	con-（加强意义）+cis（切）+e→切掉多余的一简洁的	concise presentation 简洁的陈述<br>in concise words 言辞简洁	[派]concisely ad.简洁地<br>[近]brief a.简洁的	中频词 Word List 6	242
coincide	ˌkəʊɪnˈsaɪd	vi.同时发生；相同；位置重合	cid,cis 切 cid 发生	cO-（共同）+in-（使……）+cid（发生）+e→使共同发生一同时发生	coincide with……与……同时发生国<br>happen to coincide 不约而同	[派]coincident a.一致的<br>[派]coincidence n.同时发生	中频词 Word List 6	242
incident	ˈɪnsɪdənt	n.[C]事件	cid,cis 切 cid 发生	in-（加强意义）+cid（发生）+-ent（名词后缀）→发生不好的事情→事件	a shocking incident 令人震惊的事件<br>incidents of quarrels 争吵事件	[派]incidental a.附带发生的<br>[近]event n.事件	中频词 Word List 6	242
incidence	ˈɪnsɪdəns	n.[常用 sing.]发生率	cid,cis 切 cid 发生	in-（加强意义）+cid（发生）+-ence（名词后缀）→发生的概率一发生率	reduce the incidence 降低发生率<br>the incidence of crime 犯罪率		中频词 Word List 6	243
genius	ˈdʒiːniəs	n.[U]天才；天赋；[C]天才人物	gen,gene r 出生；产生	gen（出生）+i+us（使用）→刚出生就会使用东西→天才	a work of genius 天才之作<br>an architect of genius 天才建筑师	[近] gift n.天赋	中频词 Word List 6	243
engine	ˈendʒɪn	n.[C]引|擎，发动机	gen,gene r 出生；产生	en-（内部）+g in e（同 gen，产生）→从内部产生动力→引擎	a search engine 搜索引擎<br>a petrol engine 汽油发动机	[派]engineer n.工程师	中频词 Word List 6	243
generous	ˈdʒenərəs	a.慷慨的，大方的；大量的，充足的	gen,gene r 出生；产生	gene r（产生）+-ous（形容词后缀）→不断产生的一大量的	a generous policy 慷慨的政策<br>be generous to sb.对某人大方	[派]generously ad.慷慨地<br>[反]mean a.吝音的	中频词 Word List 6	243
segment	ˈseɡmənt	n.[C]部分；（水果的） 瓣[segment]vt.划分	gen,gene r 出生；产生	Seg（切割）+-ment（名词后缀）→把某物切成小块→部分	a segment of s th.某物的一部分<br>a dish of orange segments 一盘橘子瓣	[派]segmentation n.划分<br>[近]portion n.部分	中频词 Word List 6	243
apartment	əˈpɑːtmənt	n.[C]公寓	gen,gene r 出生；产生	a-（加强意义）+part（分）+-ment（名词后缀）→同一楼层分开住的房子→公寓	an apartment building 公寓大楼<br>a preferable apartment 更好的公寓		中频词 Word List 6	244
basement	ˈbeɪsmənt	n.[C]地下室	gen,gene r 出生；产生	base（低下）+-ment（名词后缀）→低于地平面的房间→地下室	a large basement 大型地下室園<br>abasementflat 地下公寓		中频词 Word List 6	244
garment	ˈɡɑːmənt	n.[C] 衣服	gen,gene r 出生；产生	gar（装饰）+-ment（名词后缀）→装饰的东西→衣服	a garment worker 制衣工人<br>fold a garment 叠衣服	[近]clothes n.衣服	中频词 Word List 6	244
mortal	ˈmɔːtl	a.致命的；极度的 n.[C]普通人	mor,mort 死 mor 行为	mort（死）+-al（形容词后缀）一会导致死亡的一致命的	a mortal blow 致命一击<br>mortal danger 致命的危险	[派]mortality n.死亡率<br>[近]fatal a.致命的	中频词 Word List 6	244
morale	məˈrɑːl	n.[U] 士气	mor,mort 死 mor 行为	mor（行为）+ale→维持军人行为的精神一士气	boost one's morale 鼓舞某人的士气<br>low morale 士气低落		中频词 Word List 6	244
reconcile	ˈrekənsaɪl	vt.使和谐一致，调和；使和解，使和好	re-再；回；重复；重新；相反；反对；向后	re-（再）+con c il（集合）+e→把人们集合在一起再次协商→使和谐一致	reconcile A with B 使 A 和 B 一致<br>reconcile perspectives 调和观点	[派]reconcilablea.可和解的	中频词 Word List 6	244
renown	rɪˈnaʊn	n.[U] 名誉，声誉；名望，声望	re-再；回；重复；重新；相反；反对；向后	re-（再）+now n（同 nom，名字）→一再被提到的名字→有名气→名望	win renown 赢得名誉<br>achieve renown 获得声誉	[派]renowned a.有名的<br>[近] fame n.名誉	中频词 Word List 6	245
revive	rɪˈvaɪv	v.（使）苏醒；（使）复苏	re-再；回；重复；重新；相反；反对；向后	re-（再）+viv（活）+e→再活过来→使苏醒	revives b.with s th.用某物使某人苏醒<br>revive in……在……苏醒	[派]revival n.复苏	中频词 Word List 6	245
regret	rɪˈɡret	vt.后悔 n.[C,U] 后悔；遗憾	re-再；回；重复；重新；相反；反对；向后		regret todos th.后悔做某事<br>regret doings th.后悔做过某事	[派]regrettable a.令人遗憾的<br>[近] pity n.遗憾	中频词 Word List 6	245
request	rɪˈkwest	n.[C]请求 vt.要求；请求	re-再；回；重复；重新；相反；反对；向后	re-（再）+quest（寻求）→再次寻求某人的帮助→请求	make a request for…提出……的请求<br>shutout ones request 拒绝某人的请求	[近]demand vt.要求<br>[近]require vt.要求	中频词 Word List 6	245
resemble	rɪˈzembl	vt.像，类似	re-再；回；重复；重新；相反；反对；向后	re-（再）+sembl（相似）+e→类似	resemble a narrow 像箭一样<br>resembles th.in appearance 外形像某物	[派]resemblance n.相似	中频词 Word List 6	245
resolve	rɪˈzɒlv	vt.解决 v.决定 n.[U]决心	re-再；回；重复；重新；相反；反对；向后	re-（再）+so lv（解开）+e→再次解开难题一解决	resolve one's argument 解决某人的争论<br>resolve todos th.决定做某事	[派]resolved a.坚决的<br>[近]solve vt.解决	中频词 Word List 6	245
resort	rɪˈzɔːt	n.[C]旅游胜地；[U]诉诸；采取 vi.依靠	re-再；回；重复；重新；相反；反对；向后	re-（再）+sort（命运）→为了改变命运一再求助→诉诸	a seaside resort 海滨胜地<br>without resort to s th.不诉诸某物		中频词 Word List 6	246
resume	rɪˈzjuːm	v.重新开始[rezjumei]n.[C]简历	re-再；回；重复；重新；相反；反对；向后	re-（再）+sum（拿）+e→>再次拿起→重新开始	resume a career 重新上岗<br>resume a negotiation 重新会谈	[派]resumption n.重新开始	中频词 Word List 6	246
remark	rɪˈmɑːk	n.[C]言论；评论 v.说起	re-再；回；重复；重新；相反；反对；向后	re-（再）+mark（记号）→再次做记号来说明→评论	an offensive remark 冒犯的言论<br>cite ones remark 引用某人的言论	[派]remarkable a.非凡的	中频词 Word List 6	246
restore	rɪˈstɔː(r)	vt.恢复；修复	re-再；回；重复；重新；相反；反对；向后	re-（回）+stor（存放）+e→放回去→还原→恢复	restore habitats 恢复栖息地<br>restore ones confidence 恢复某人的信心	[派]restoration n.修复<br>[派]restorer n.修复者	中频词 Word List 6	246
retort	rɪˈtɔːt	vt.反驳 n.[C] 反驳	re-再；回；重复；重新；相反；反对；向后	re-（回）+tort（扭）→转回来反驳→反驳	retort a request 反驳请求<br>a sharp retort 尖刻的反驳		中频词 Word List 6	246
retire	rɪˈtaɪə(r)	v.（使）退休 vi.睡觉	re-再；回；重复；重新；相反；反对；向后	re-（回）+tir（拉）+e→被拉回家退离岗位→退休	be retired on…由于……而被安排退休<br>retire at the end of January 一月底退休	[派]retirement n.退休	中频词 Word List 6	246
refute	rɪˈfjuːt	vt.驳斥；反驳；否认	re-再；回；重复；重新；相反；反对；向后	re-（回）+fu te（打）→打回去→反击→反驳	refute sb.publicly 公开驳斥某人<br>refute an old theory 驳斥旧理论	[派]refutation n.反驳<br>[近] deny vt.否认	中频词 Word List 6	247
refund	ˈriːfʌnd	n.[C] 退款[rf And]vt.退还	re-再；回；重复；重新；相反；反对；向后	re-（回）+fund（流）→钱往回流→退还	receive a full refund 得到全额退款<br>are fund on……的退款	[派]refundable a.可退还的<br>[近]return v.退还	中频词 Word List 6	247
restrain	rɪˈstreɪn	vt.抑制;控制;阻止	re-再；回；重复；重新；相反；反对；向后	re-（回）+strain（拉紧）→往回拉一抑制	restrain ones desire 抑制某人的欲望<br>restrain costs 控制成本		中频词 Word List 6	247
repay	rɪˈpeɪ	vt.偿还；回报，报答	re-再；回；重复；重新；相反；反对；向后	re-（回）+pay（支付）→把欠的钱支付回去→偿还	repay a debt 偿还债务<br>repay one'sloan 偿还某人的贷款	[派]repayable a.可偿还的<br>[近]return vt.回报	中频词 Word List 6	247
refuge	ˈrefjuːdʒ	n.[U] 庇护；避难；[C] 避难处；收容所	re-再；回；重复；重新；相反；反对；向后	re-（回）+fuge（逃离）→逃回去寻求庇护→庇护	seek refuge 寻求庇护<br>take refuge in…在…避难	[近] shelter n.庇护	中频词 Word List 6	247
reject	rɪˈdʒekt	vt.拒绝；拒收	re-再；回；重复；重新；相反；反对；向后	re-（回）+ject（扔）→把某人的礼物扔回去→拒绝	reject a proposal 拒绝提案<br>reject one'shelp 拒绝某人的帮助	[派]rejection n.拒绝<br>[近]refuse v.拒绝	中频词 Word List 6	247
refuse	rɪˈfjuːz	v.拒绝 vt.回绝[ref ju:s]n.[U]垃圾	re-再；回；重复；重新；相反；反对；向后	re-（回）+fus（熔化）+e 一把礼物熔化掉→表示不接受→拒绝	refuse todos th.拒绝做某事<br>hardly refuse 很难拒绝	[派]refusal n.拒绝<br>[近] reject vt.拒绝	中频词 Word List 6	248
restrict	rɪˈstrɪkt	vt.限制;妨碍	re-再；回；重复；重新；相反；反对；向后	re-（重复）+strict（束缚）一反复束缚某人一限制某人自由→限制	restrict the amount of…限制……的数量<br>restrict freedom 限制自由	[派]restriction n.限制<br>[近]confine vt.限制	中频词 Word List 6	248
refine	rɪˈfaɪn	vt.精炼，提炼；改进，完善	re-再；回；重复；重新；相反；反对；向后	re-（重复）+fin（界限）+e→反复提取使其纯度达到界限→提纯	refine sugar 精制糖<br>refine crude petroleum 提炼原油	[派]refinement n.改善<br>[近] improve v.改进	中频词 Word List 6	248
recipe	ˈresəpi	n.[C] 烹饪法；食谱；方法，诀窍	re-再；回；重复；重新；相反；反对；向后	re-（重复）+cip（拿）+e→做菜时重复拿来参照的东西→食谱	a special recipe 特别的烹饪方法<br>a vegetarian recipe 素食食谱	[近]cookbook n.食谱<br>[近]method n.方法	中频词 Word List 6	248
refrigerator	rɪˈfrɪdʒəreɪtə(r)	n.[C]冰箱	re-再；回；重复；重新；相反；反对；向后	re-（重复）+fr iger（冷）+-ator（名词后缀）→重复制冷使食物长时间保存的机器→冰箱	use a refrigerator 使用冰箱<br>a household refrigerator 家用冰箱		中频词 Word List 6	248
recite	rɪˈsaɪt	v.背诵 vt.列举	re-再；回；重复；重新；相反；反对；向后	re-（重复）+cit（呼喊）+e→重复地大声呼喊→重复地大声念→>引引申为“背诵”	recite a principle 背诵一条原则<br>recite a poem 背诗	[派]recitation n.朗诵<br>[近]rehearse v.背诵	中频词 Word List 6	248
rehearse	rɪˈhɜːs	v.排练 vt.练习]	re-再；回；重复；重新；相反；反对；向后	re-（重复）+hearse→重复练习→排练	rehearse the final scene 排练最后一幕<br>rehearse a play 排练一出戏		中频词 Word List 6	249
renew	rɪˈnjuː	vt.重新开始；延长……的期限；更新	re-再；回；重复；重新；相反；反对；向后	re-（重新）+new（新的）→重新开始新的历程→重新开始	renew an assault 重新发起攻击<br>renew contact with sb.与某人恢复联系	[派]renewable a.可更新的<br>[近]resume v.重新开始	中频词 Word List 6	249
refresh	rɪˈfreʃ	v.更新；刷新 vt.提醒	re-再；回；重复；重新；相反；反对；向后	re-（重新）+fresh（新鲜的）→重新变得新鲜→更新	refresh data 更新数据<br>refresh automatically 自动更新		中频词 Word List 6	249
revolt	rɪˈvəʊlt	n.[C,U] 反叛；叛乱 vi.反抗	re-再；回；重复；重新；相反；反对；向后	re-（相反）+volt（转）→转到相反的一方→叛变→反叛	a revolt against…对……的反叛<br>crush a revolt 镇压叛乱	[近]rebel vi.反抗	中频词 Word List 6	249
relentless	rɪˈlentləs	a.不停的；不懈的；不屈不挠的；无情的	re-再；回；重复；重新；相反；反对；向后	re-（反对）+lent（松）+-less（形容词后缀）→没有放松的→不停的	the relentless rise 不断上涨<br>the relentless pursuit 不邂的追求	[派]relentlessly ad.无情地<br>[近]unrelenting a.持续的；无情的	中频词 Word List 6	249
relay	ˈriːleɪ	vt.转告；传达；转播 n.[C]接力赛	re-再；回；重复；重新；相反；反对；向后	re-（向后）+lay（放下）→向后放→向后传→把消息传给后面的人→转告	relay a message 转告消息<br>relays th.to sb.将某事传达给某人		中频词 Word List 6	249
retreat	rɪˈtriːt	vi.后退；撤退 n.[常用 sing., U]撤退	re-再；回；重复；重新；相反；反对；向后	re-（向后）+treat（拉）→向后拉→引申为“撤退”	retreat to sp.退回到某地<br>be forced to retreat 被迫撤退	[近]withdraw v.（使）撤退<br>[反] advance vi.前进	中频词 Word List 6	250
allergic	əˈlɜːdʒɪk	a.过敏的	-ic 形容词后缀，……的名词后缀，表人或抽象概念	all-（其他）+erg（行动）+-ic（形容词后缀）－→机体对物质做出其他非正常行动的→过敏的	be allergic to sth.对某物过敏<br>an allergic reaction 过敏反应		中频词 Word List 6	250
aesthetic	iːsˈθetɪk	（亦作 esthetic）a.审美的；美学的；美的	-ic 形容词后缀，……的名词后缀，表人或抽象概念	aesthet（感觉）+-ic（形容词后缀）→能感受到事物之美的一审美的	aesthetic education 审美教育<br>the aesthetic value 美学价值	[派]aesthetically ad.审美地	中频词 Word List 6	250
civic	ˈsɪvɪk	a.公民的；城市的；市政的	-ic 形容词后缀，……的名词后缀，表人或抽象概念	civ（公民）+-ic（形容词后缀）→公民的	civic patriotism 公民的爱国精神<br>the civic environment 城市环境国	[近]municipal a.市政的	中频词 Word List 6	250
toxic	ˈtɒksɪk	a.有毒的；毒性的	-ic 形容词后缀，……的名词后缀，表人或抽象概念	tox（毒）+-ic（形容词后缀）→有毒的	a naturally toxic lake 天然有毒的湖<br>toxic chemicals 有毒化学品	[派] toxicity n.毒性<br>[近]poisonous a.有毒的	中频词 Word List 6	250
Catholic	ˈkæθlɪk	a.天主教的 n.天主教徒	-ic 形容词后缀，……的名词后缀，表人或抽象概念	Cathol（普通的）+-ic（形容词后缀）一普世教会的→天主教的	a Catholic church 天主教教堂<br>a Catholic school 天主教学校	[派]Catholicism n.天主教教义	中频词 Word List 6	250
realistic	ˌriːəˈlɪstɪk	a.现实的；实际的；能够实现的	-ic 形容词后缀，……的名词后缀，表人或抽象概念	real（现实）+-ist（名词后缀）+-ic（形容词后缀）→现实的	the realistic society 现实社会<br>be realistic todos th.做某事是现实的	[反]unrealistic a.不切实际的	中频词 Word List 6	251
mechanic	məˈkænɪk	n.[C] 修理工；技工；机械师；[pl.] [the~]方法	-ic 形容词后缀，……的名词后缀，表人或抽象概念	me chan（机器）+-ic（名词后缀）→修理机器的人→修理工	a motor mechanic 汽车修理工<br>a garage mechanic 汽车修理厂的技工	[派]mechanical a.机械的	中频词 Word List 6	251
rhetoric	ˈretərɪk	n.[U]修辞；修辞学；华而不实的言语；说辞	-ic 形容词后缀，……的名词后缀，表人或抽象概念	rh et or（说）+-ic（名词后缀）→说话的技巧→修辞	traditional rhetoric skills 传统的修辞技巧<br>contrastiverhetoric 对比修辞学		中频词 Word List 6	251
tropic	ˈtrɒpɪk	n.[常用 sing]回归线；[pl.][the~]热带	-ic 形容词后缀，……的名词后缀，表人或抽象概念	tr op（转）+-ic（名词后缀）→太阳直射点每年在地球上来回转动的分界线→回归线	the Tropic of Cancer 北回归线<br>a shot as the tropics 像热带一样热		中频词 Word List 6	251
panic	ˈpænɪk	n.[常用 sing, U]恐慌 v.（使）恐慌	-ic 形容词后缀，……的名词后缀，表人或抽象概念	pan（所有的）+-ic（名词后缀）一所有的一切都令人恐慌→恐慌	in a panic 处于恐慌之中<br>create panic 制造恐慌图		中频词 Word List 6	251
bonus	ˈbəʊnəs	n.[C]奖金；红利；额外的好处	bon 好	bon（好）+us→用来奖励表现好的员工的资金→奖金	an annual bonus 年度奖金<br>a double bonus 两倍奖金		中频词 Word List 7	252
peninsula	pəˈnɪnsjələ	n.[C] 半岛	in sul 岛	pen-（近似）+in sul（岛）+a→三面环水且形状近似岛屿的陆地→半岛	the Iberian peninsula 伊比利亚半岛<br>the entire peninsula 整个半岛		中频词 Word List 7	252
impress	ɪmˈpres	v.给……留下深刻印象 vt.使意识到	press 压	im-（进入）+press（压）→把事物的形象压进脑海→留下印象一给……留下深刻印象	impress sb.with s th.某物给某人留下印象<br>deeply impress sb.给某人留下深刻印象	[派] impressive a.给人深刻印象的<br>[派] impression n.印象	中频词 Word List 7	253
oppress	əˈpres	vt.压迫；使烦恼	press 压	op-（加强意义）+press（压）→施压强迫他人→压迫	oppress the poor 压迫贫民<br>oppress religious disciples 压迫宗教信徒	[派] oppressive a.压迫的	中频词 Word List 7	253
depress	dɪˈpres	vt.使泪丧；降低；抑制，使不景气	press 压	de-（向下）+press（压）→向下压制→抑制	be depressed by……而丧<br>depress prices 降低价格	[派]depression n.沮丧<br>[反] inspire vt.鼓舞	中频词 Word List 7	253
shepherd	ˈʃepəd	n.[C] 牧羊人	sheep 羊	shep（看作 sheep，羊）+herd（牧人）→牧羊人	a shepherd boy 牧童<br>an experienced shepherd 有经验的牧羊人	[派] shepherdess n.女牧羊人	中频词 Word List 7	253
symbol	ˈsɪmbl	n.[C]象征；符号；标志	sym-共同	Sym-（共同）+bol（放）→放在一起表示某种意义的事物→象征	a symbol of inspiration 灵感的象征<br>a cultural symbol 文化象征	[派] symbolic a.象征的<br>[派]symbolism n.象征手法	中频词 Word List 7	253
symposium	sɪmˈpəʊziəm	n.[C]专题讨论会；研讨会	sym-共同	Sym-（共同）+pos i um（喝）→一起喝酒→用于学术讨论的酒会一专题讨论会	hold a symposium 召开讨论会<br>anintemationalsymposium 国际研讨会国		中频词 Word List 7	254
probe	prəʊb	v.追问；探究 vt.（用细长工具）查看 n.[C]详尽调查	prob 试验	prob（试验）+e→通过试验对事物的本质进行探索研究→探究	probe into one's past 追问某人的过去<br>probe an attitude 探究态度		中频词 Word List 7	254
practitioner	prækˈtɪʃənə(r)	n.[C]从业人员；执业医师	pr act 做事	pr act（做事）+-it ion（名词后缀）+-er（名词后缀）→在某一行业做事的人一>从业人员	a medical practitioner 医务工作者<br>a practitioner of law 律师		中频词 Word List 7	254
malpractice	ˌmælˈpræktɪs	n.[C,U]营私舞弊；渎职，玩忽职守	pr act 做事	mal-（坏）+pr act（做事）+-ice（名词后缀）→利用职位做坏事→渎职	expose a malpractice 揭露营私舞弊行为<br>an allegation of malpractice 渎职指控		中频词 Word List 7	254
heritage	ˈherɪtɪdʒ	n.[常用 sing.]遗产	her it 继承		preserve the heritage 保护遗产<br>the cultural heritage 文化遗产	[派]heritable a.可继承的	中频词 Word List 7	254
inherit	ɪnˈherɪt	v.继承 vt.经遗传获得	her it 继承	in-（向内）+her it（继承）→在家族内部继承财产→继承	inherits th.from…从……处继承某物<br>inherit money 继承一笔钱	[派]inheritance n.遗产<br>[派]in heritable a.可遗传的	中频词 Word List 7	254
settle	ˈsetl	v.解决 vi.定居	set 安置好	set（安置好）+tle→安置好居住场所→定居	settle a dispute 解决纠纷<br>settle a difference 解决分歧	[派]settlement n.解决<br>[近]solve vt.解决	中频词 Word List 7	255
quantity	ˈkwɒntəti	n.[C,U] 数量；大量	quant 数量	quant（数量）+-ity（名词后缀）→数量	a s mal quantity of…量的……<br>the quantity of sth.某物的数量	[派]quantitative a.数量的<br>[近]amount n.数量	中频词 Word List 7	255
quantify	ˈkwɒntɪfaɪ	vt.确定……的数量；量化	quant 数量	quant（数量）+-ify（动词后缀）→确定……的数量	quantify an exact figure 确定精确的数字<br>quantify a procedure 量化过程	[派]quantificationn.量化管理<br>[派]quantifiable a.可量化的	中频词 Word List 7	255
dedicate	ˈdedɪkeɪt	vt.把……奉献给；为……举行落成典礼	dic, dic t 说	de-（加强意义）+dic（说）+-ate（动词后缀）→决心说明自己做事不计回报→把……奉献给	dedicate oneself to s th.某人献身于某事<br>dedicates th.to sb.把某物献给某人	[派]dedication n.奉献<br>[近]devote vt.奉献	中频词 Word List 7	255
contradict	ˌkɒntrəˈdɪkt	vt.反驳；相反；与……矛盾	dic, dic t 说	contra-（相反）+dic t（说）→说相反的话与对方辩驳→反驳	contradict a claim 反驳说法图<br>contradict an argument 与论断相反	[派]contradiction n.反驳<br>[近]refute vt.反驳	中频词 Word List 7	255
addict	ˈædɪkt	n.[C]瘾君子；对……入迷的人[odikt]vt.沉迷于	dic, dic t 说	ad-（一再）+dic t（说）→一再地说明自己对某事着迷→沉迷于	a nicotine addict 尼古丁成瘾者<br>a drug addict 瘾君子	[派]addiction n.入迷<br>[近] indulge v.沉迷于	中频词 Word List 7	256
unfold	ʌnˈfəʊld	v.打开，展开；呈现，展现	un-不，无，未	un-（不）+fold（折叠）→不折叠→打开	unfold a letter 打开信<br>unfoldamap 展开地图	[近] spread vt.打开<br>[反]fold vt.折叠	中频词 Word List 7	256
uncertain	ʌnˈsɜːtn	a.不确定的；迟疑的	un-不，无，未	un-（不）+certain（确定的）→不确定的	an uncertain future 不确定的未来<br>be uncertain about……无法确定…	[派]uncertainly ad.迟疑地<br>[反]certain a.确定的	中频词 Word List 7	256
uncover	ʌnˈkʌvə(r)	vt.揭开盖子；揭露；发现	un-不，无，未	un-（不）+cover（覆盖）→不盖盖子→揭开盖子	uncover the pan 揭开锅盖<br>uncover a plot 揭露阴谋	[派]uncovered a.暴露的<br>[反]cover vt.遮盖	中频词 Word List 7	256
unleash	ʌnˈliːʃ	vt.突然释放；发泄；发动	un-不，无，未	un-（无）+leash（束缚）一突然没有了束缚→突然释放	unleash the power 释放能量<br>unleash potential 释放潜力	[近]release vt.发泄	中频词 Word List 7	256
unprecedented	ʌnˈpresɪdentɪd	a.前所未有的，空前的	un-不，无，未	un-（未）+pre-（前）+cede（走）+nt+-ed（形容词后缀）→以前未走过的→前所未有的	an unprecedented manner 前所未有的方式<br>an unprecedented level 前所未有的水平	[派]unprecedentedly ad.空前地<br>[近]all-time a.空前的	中频词 Word List 7	257
territory	ˈterətri	n.[C,U] 领士；领地	ter r 土地；恐惧	ter r（土地）+it+-ory（名词后缀）→土地是一个国家领土的一部分→领土	invade a territory 入侵领土<br>maritime territory 领海	[派]territorial a.领土的<br>[近] domain n.领土	中频词 Word List 7	257
terrace	ˈterəs	n.[C]排屋；露天平台，阳台	ter r 土地；恐惧	ter r（土地）+ace→土地上互相连接的一排房屋一排屋	a fashionable terrace 高级排屋<br>a marble terrace 大理石平台	[近]platform n.平台<br>[近] balcony n.阳台	中频词 Word List 7	257
terrible	ˈterəbl	a.可怕的；糟糕的；极其严重的	ter r 土地；恐惧	ter r（恐惧）+-ible（形容词后缀）→令人感到恐惧的→可怕的	sound pretty terrible 听起来很可怕<br>a terrible noise 可怕的响声	[派] terribly ad.非常<br>[近]horrible a.可怕的	中频词 Word List 7	257
classic	ˈklæsɪk	a.典型的；经典的 n.[C] 经典作品	class 种类；分类	class（种类）+-ic（形容词后缀）→同一种事物中最具有代表性的→典型的	a classic symptom 典型症状<br>make a classic mistake 犯典型的错误	[派]classical a.经典的<br>[近] typical a.典型的	中频词 Word List 7	257
classify	ˈklæsɪfaɪ	vt.把……分类	class 种类；分类	class（分类）+-ify（动词后缀）一把……分类	classify information 分类信息<br>classify s th.by…按…分类某物	[派]classification n.分类<br>[近]categorize vt.把…分类	中频词 Word List 7	257
mandate	ˈmændeɪt	n.[C]授权 vt.授权	man,mani,manu 手	man（手）+dat（给）+e→亲手将权力交给他人→授权	a clear mandate 明确的授权<br>an electoral mandate 选举授权		中频词 Word List 7	258
manipulate	məˈnɪpjuleɪt	vt.操纵；操作	man,mani,manu 手	mani（手）+pul（同 ple，充满）+-ate（动词后缀）→有充分的能力支配手中的权力→操纵	manipulate the market 操纵市场<br>manipulate public opinion 操纵公众奥论園	[派]manipulation n.操纵<br>[近] operate vt.操作	中频词 Word List 7	258
manifest	ˈmænɪfest	a.明显的 vt.显示，表明	man,mani,manu 手	mani（手）+fest（抓）一能够用手抓住的事物都比较明显→明显的	a manifest advantage 明显的优点<br>manifest improvement 明显的进步	[近]obvious a.明显的<br>[近]indicate vt.显示	中频词 Word List 7	258
manual	ˈmænjuəl	a.手工的；体力的；手动的	man,mani,manu 手	manu（手）+-al（形容词后缀）→用手制造的→手工的	a manuals kill 手工技巧<br>a manual occupation 体力工作	[派]manually ad.手动地	中频词 Word List 7	258
manufacture	ˌmænjuˈfæktʃə(r)	n.[U] 制造；生产 vt.生产；编造	man,mani,manu 手	manu（手）+fact（做）+-ure（名词后缀）→手工制作→制造	the manufacture of television 电视机制造<br>a method of manufacture 生产方法	[派]manufacturer n.制造商	中频词 Word List 7	258
deliberate	dɪˈlɪbərət	a.故意的，蓄意的	liber 权衡；自由；释放	de-（加强意义）+liber（权衡）+-ate（动词后缀）→反复权衡利弊→深思熟虑	take time to deliberate 深思熟虑<br>deliberate on…仔细考虑…	[派]deliberation n.考虑<br>[近]intentional a.故意的	中频词 Word List 7	259
liberal	ˈlɪbərəl	a.自由的；开明的	liber 权衡；自由；释放	liber（自由）+-al（形容词后缀）一自由的	liberal trade relations 自由的贸易关系<br>a liberal movement 自由主义运动	[派] liberally ad.大量地<br>[近]free a.自由的	中频词 Word List 7	259
liberate	ˈlɪbəreɪt	vt.释放；解放	liber 权衡；自由；释放	liber（释放）+-ate（动词后缀）→释放	liberate a prisoner 释放囚犯<br>liberate a city 解放一座城市	[派]liberation n.释放；解放<br>[近]release vt.释放	中频词 Word List 7	259
patron	ˈpeɪtrən	n.[C]保护人；赞助人；顾客	-on 名词后缀，表人或物	pat r（父亲）+-on（名词后缀）→像父亲一样保护你的人→保护人	a patron saint 保护神<br>a millionaire patron 百万富翁赞助人	[派]patronage n.赞助<br>[近]sponsor n.赞助人	中频词 Word List 7	259
button	ˈbʌtn	n.[C] 按钮;纽扣	-on 名词后缀，表人或物	but（打）+t+-on（名词后缀）→打开或关闭机器的开关→按钮	press a button 按按钮<br>click a mouse button 单击鼠标按钮		中频词 Word List 7	259
silicon	ˈsɪlɪkən	n.[U]硅	-on 名词后缀，表人或物	sil ic（硅）+-on（名词后缀）一硅	Silicon Valley 硅谷<br>a silicon compound 硅化合物		中频词 Word List 7	259
subsistence	səbˈsɪstəns	n.[U]生存；生活；勉强维持生活 a.自给自足的	-ence 名词后缀，表状态	sub-（下面）+s is t（站）+-ence（名词后缀）一能够站在……下面→立足于→生存	the right to subsistence 生存权<br>the subsistence level 基本生活水平	[近]existence n.生活	中频词 Word List 7	260
sequence	ˈsiːkwəns	n.[C,U]顺序；[C]序列；一系列	-ence 名词后缀，表状态	sequ（跟随）+-ence（名词后缀）→一个跟着一个→按照顺序→顺序	in a logical sequence 按逻辑顺序<br>in the right sequence 按正确的顺序		中频词 Word List 7	260
lavish	ˈlævɪʃ	a.盛大的；奢侈的 vt.浪费	-ish 形容词后缀，……的	lav（冲洗）+-ish（形容词后缀）→直接冲掉大量物品的一奢侈的	a lavish party 盛大的宴会<br>a lavish lifestyle 奢侈的生活方式	[派]lavishly ad.丰富地<br>[近]luxurious a.奢侈的	中频词 Word List 7	260
sanction	ˈsæŋkʃn	n.[常用 pl.]制裁 vt.批准	-ion，-tion 名词后缀，表行为、行为的结果或状态	san ct（神圣的）+-ion（名词后缀）→用神的权力进行处罚→制裁	trade sanctions 贸易制裁<br>economic sanctions 经济制裁	[派]sanctity n.神圣<br>[近] approve vt.批准	中频词 Word List 7	260
champion	ˈtʃæmpiən	n.[C]冠军；拥护者；捍卫者 vt.捍卫	-ion，-tion 名词后缀，表行为、行为的结果或状态	champ（同 camp，战场）+-ion（名词后缀）→在战场上取得胜利的人→冠军	aworthyworldchampion 世界之最<br>a vocal champion 坚定的支持者	[派]championship n.冠军赛<br>[近]title n.冠军	中频词 Word List 7	260
pension	ˈpenʃn	n.[C] 退休金；养老金；抚恤金	-ion，-tion 名词后缀，表行为、行为的结果或状态	pens（支付）+-ion（名词后缀）→支付给退休人员的钱一退休金	a pension fund 退休金基金国<br>receive a pension 领取养老金	[派]pension able a.有权享受养老金的<br>[派]pensioner n.领取养老金的人	中频词 Word List 7	261
portion	ˈpɔːʃn	n.[C] 部分；一份	-ion，-tion 名词后缀，表行为、行为的结果或状态	port（部分）+-ion（名词后缀）→部分	a portion of……一部分……<br>eat ones portion 吃某人的那份	[近]part n.部分<br>[反]entirety n.整体	中频词 Word List 7	261
ambition	æmˈbɪʃn	n.[U]野心；雄心；[C] 追求的目标	-ion，-tion 名词后缀，表行为、行为的结果或状态	ambi（行走）+-tion（名词后缀）→大步流星地向目标进发一雄心	political ambition 政治野心<br>individual ambition 个人的雄心壮志	[派]ambitious a.有野心的<br>[近] aspiration n.抱负	中频词 Word List 7	261
cruise	kruːz	v.乘船游览 n.[C]乘船游览；航行	-ise，-ize 动词后缀，按……方式处理；使成为……	cru（同 cruc，十字）+-ise（动词后缀）→坐在船上纵横来往，观看风景→乘船游览	cruise a canal 乘船游览运河<br>cruise down……沿……而下乘船游览	[派]cruiser n.游艇<br>[近]sail v.乘船航行	中频词 Word List 7	261
merchandise	ˈmɜːtʃəndaɪz	vt.销售[m3:t fonda is]n.[U]商品	-ise，-ize 动词后缀，按……方式处理；使成为……	mer ch（交易）+and+-ise（动词后缀）→通过销售实现交易一销售	merchandise a product 销售产品<br>a range of merchandise 一系列的商品	[派]merchandise rn.商人<br>[近] goods n.商品	中频词 Word List 7	261
authorize	ˈɔːθəraɪz	（亦作 authorise）vt.授权；批准	-ise，-ize 动词后缀，按……方式处理；使成为……	auth（增加）+or+-ize（动词后缀）→给某人增加一项权力→授权	authorizes b.todos th.授权某人做某事<br>authorize an op ration 授权操作	[派]authorization n.授权<br>[近]confirm.vt.批准	中频词 Word List 7	261
seize	siːz	vt.抓住；夺取；控制	-ise，-ize 动词后缀，按……方式处理；使成为……	se（同 sag，想获得）+-ize（动词后缀）→使获得→抓住	seize an opportunity 抓住机会<br>seize hold of one’shand 抓住某人的手	[派]seizure n.夺取<br>[近] grab v.抓住	中频词 Word List 7	262
jeopardize	ˈdʒepədaiz	（亦作 jeopardise）vt.危及；危害	-ise，-ize 动词后缀，按……方式处理；使成为……	jeopard（看作 jeopardy，危险）+-ize（动词后缀）→使处于危险状态→危及	jeopardize the development 危及发展<br>jeopardize ones safety 危及某人的安全	[近]endanger vt.危及；危害	中频词 Word List 7	262
entity	ˈentəti	n.[C]实体	ent,ess 存在-ent 形容词后缀，……的名词后缀，表人或物	ent（存在）+-ity（名词后缀）→真实存在的物体→实体	a single entity 单独的实体<br>a political entity 政治实体		中频词 Word List 7	262
possess	pəˈzes	vt.拥有；具备	ent,ess 存在-ent 形容词后缀，……的名词后缀，表人或物		possess property 拥有财产<br>possess nothing 一无所有		中频词 Word List 7	262
violent	ˈvaɪələnt	a.暴力的；暴的；猛烈的	ent,ess 存在-ent 形容词后缀，……的名词后缀，表人或物	viol（暴力）+-ent（形容词后缀）→暴力的	violent crime 暴力犯罪<br>a violent clash 暴力冲突	[派]violence n.暴力<br>[近] fierce a.猛烈的	中频词 Word List 7	262
potent	ˈpəʊtnt	a.强有力的；有强效的；烈性的	ent,ess 存在-ent 形容词后缀，……的名词后缀，表人或物	pot（力量）+-ent（形容词后缀）→有力量的→强有力的	a potent offense 强有力的进攻<br>a potent argument 强有力的论据	[派] potentlyad.强有力地<br>[近]valida.有效的	中频词 Word List 7	263
turbulent	ˈtɜːbjələnt	a.动荡的；汹涌的	ent,ess 存在-ent 形容词后缀，……的名词后缀，表人或物	turbul（混乱）+-ent（形容词后缀）→混乱的一动荡的	the turbulent past 动荡的过去<br>a turbulent period 动荡的时期	[派]turbulence n.动荡<br>[反] steady a.稳定的	中频词 Word List 7	263
transparent	trænsˈpærənt	a.透明的；易识破的	ent,ess 存在-ent 形容词后缀，……的名词后缀，表人或物	trans-（横过）+par（看见）+-ent（形容词后缀）→横穿过去看得一样清楚的→透明的	a transparent lens 透明的透镜<br>a transparent procedure 透明化的程序	[派] transparency n.透明<br>[近]clear a.透明的	中频词 Word List 7	263
apparent	əˈpærənt	a.明显的；表面上的	ent,ess 存在-ent 形容词后缀，……的名词后缀，表人或物	ap-（加强意义）+par（出现）+-ent（形容词后缀）→清楚地显现出来的→明显的	an apparent contradiction 明显的矛盾<br>apparent fault 明显的过错		中频词 Word List 7	263
competent	ˈkɒmpɪtənt	a.有能力的；合格的；足以胜任的	ent,ess 存在-ent 形容词后缀，……的名词后缀，表人或物	com-（一起）+pet（寻求）+-ent（形容词后缀）→一起寻找有能力的人→有能力的	be competent to do…有能力做…<br>a competent guide 有能力的向导	[派]competently ad.胜任地<br>[反]incompetent a.无能力的	中频词 Word List 7	263
eminent	ˈemɪnənt	a.杰出的；著名的；显赫的	ent,ess 存在-ent 形容词后缀，……的名词后缀，表人或物	e-（向外）+min（突出）+-ent（形容词后缀）→向外突出的→引申为“杰出的”	an eminent scholar 杰出的学者<br>an eminent figure 杰出人物	[派]eminently ad.非常<br>[近] outstanding a.杰出的	中频词 Word List 7	263
prominent	ˈprɒmɪnənt	a.著名的；重要的；显著的，突出的	ent,ess 存在-ent 形容词后缀，……的名词后缀，表人或物	pro-（前）+min（突出）+-ent（形容词后缀）→前面最突出的→突出的	a prominent economist 著名的经济学家<br>play a prominent part 发挥重要作用	[派]prominence n.重要<br>[近]noticeable a.显著的	中频词 Word List 7	264
incumbent	ɪnˈkʌmbənt	n.[C]现任官员 a.在职的，现任的	ent,ess 存在-ent 形容词后缀，……的名词后缀，表人或物	in-（加强意义）+cum b（依靠）+-ent（名词后缀）一依靠官位生活的在职人员→现任官员	a popular incumbent 受欢迎的当权者<br>an incumbent president 在职总统		中频词 Word List 7	264
detergent	diˈtɜːdʒənt	n.[C,U] 洗涤剂；清洁剂	ent,ess 存在-ent 形容词后缀，……的名词后缀，表人或物	de-（加强意义）+ter g（擦）+-ent（名词后缀）→可以擦除污渍的溶剂→洗涤剂	make a detergent 制造洗涤剂<br>a neutral detergent 中性清洁剂	[近]cleaner n.清洁剂	中频词 Word List 7	264
notwithstanding	ˌnɒtwɪθˈstændɪŋ	prep.尽管；虽然	名词后缀，表状态、材料或抽象概念	not+with-（相对）+stand（站）+-ing（介词后缀）→尽管对立却不用站在相对立场→尽管	The teams played on,notwithstanding the rain.尽管下雨，各队仍然在继续比赛。	[近]despite prep.尽管	中频词 Word List 7	264
dressing	ˈdresɪŋ	n.[U] 穿衣；[C,U]调味酱，色拉调料	名词后缀，表状态、材料或抽象概念	dress（穿衣服）+-ing（名词后缀）→穿衣	a dressing room 更衣室<br>a dressing style 穿衣风格	[近]sauce n.调味汁<br>[近] seasoning n.调味品	中频词 Word List 7	264
plumbing	ˈplʌmɪŋ	n.[U]水管装置；管道系统	名词后缀，表状态、材料或抽象概念		clog up plumbing 堵塞水管<br>plumbing supply 管道供应		中频词 Word List 7	264
bearing	ˈbeərɪŋ	n.[U]关系；[C]方位；轴承	名词后缀，表状态、材料或抽象概念	bear（承受）+-ing（名词后缀）→承受机器重量的重要零件→轴承	have no bearing on sth.与某事没有关系<br>lose one’s bearings 失去方向		中频词 Word List 7	265
clearing	ˈklɪərɪŋ	n.[C]空地	名词后缀，表状态、材料或抽象概念	clear（清除）+-ing（名词后缀）→清除地上的障碍物→变成空地→空地	a little clearing 一小块空地<br>dash across a clearing 冲过空地		中频词 Word List 7	265
lofty	ˈlɒfti	a.高耸的；傲慢的；崇高的	名词后缀，表人、物、行为、抽象概念或状态	loft（天空）+-y（形容词后缀）一高的快要接近天空的→高耸的	a lofty statue 高耸的雕像<br>a lofty tower 高耸的塔楼	[派] loftily ad.高尚地<br>[近] haughty a.傲慢的	中频词 Word List 7	265
wary	ˈweəri	a.小 v 心翼翼的；谨慎的；警惕的	名词后缀，表人、物、行为、抽象概念或状态	war（看作 ware，注视）+-y（形容词后缀）→注视外界的变化，丝毫不敢疏忽一小心翼翼的	a wary attack 小心翼翼的进攻<br>a wary observation 小心翼翼的观察		中频词 Word List 7	265
worthy	ˈwɜːði	a 有价值的；值得……的；值得尊敬的	名词后缀，表人、物、行为、抽象概念或状态	worth（价值）+-y（形容词后缀）→有价值的	take a worthy lesson 得到有价值的经验<br>be worthy of…值得……		中频词 Word List 7	265
army	ˈɑːmi	n.[C] 陆军部队；大批；[sing.] [the~]陆军	名词后缀，表人、物、行为、抽象概念或状态	arm（武器）+-y（名词后缀）→拥有武器的陆上作战队伍→陆军部队	raise an army 组建陆军部队<br>a huge army of…庞大的…		中频词 Word List 7	265
navy	ˈneɪvi	n.[C]海军	名词后缀，表人、物、行为、抽象概念或状态	nav（船）+-y（名词后缀）→在船上作战的军队→海军	a member of the navy 海军人员<br>join the navy 参加海军	[派]naval a.海军的	中频词 Word List 7	266
jury	ˈdʒʊəri	n.[C] 陪审	名词后缀，表人、物、行为、抽象概念或状态		a jury trial 陪审团审判<br>a member of the jury 陪审员	[派]juror n.陪审团成员	中频词 Word List 7	266
warranty	ˈwɒrənti	n.[C,U] 保修单	名词后缀，表人、物、行为、抽象概念或状态	war（保护）+rant+-y（名词后缀）→起保障作用的单据一保修单	a two-year warranty 为期两年的保修单<br>prolong the warranty 延长保修期	[派]warrant or n.保证人	中频词 Word List 7	266
scrutiny	ˈskruːtəni	n.[U]仔细检查；认真彻底的审查	名词后缀，表人、物、行为、抽象概念或状态	SC rut in（检查）+-y（名词后缀）→仔细检查	stand up to scrutiny 经得起检查<br>come under scrutiny 受到彻底的审查	[派]scrutinize vt.仔细检查<br>[近]inspection n.仔细检查	中频词 Word List 7	266
therapy	ˈθerəpi	n.[C,U] 治疗；疗法	名词后缀，表人、物、行为、抽象概念或状态	the rap（治疗）+-y（名词后缀）→治疗	a new drug therapy 新药物治疗<br>receive therapy 接受治疗	[派]therapeutic a.治疗的<br>[近] cure n.治疗	中频词 Word List 7	266
hierarchy	ˈhaɪərɑːki	n.[C,U]等级制度；[C]层次体系	名词后缀，表人、物、行为、抽象概念或状态	hier（神圣的）+arch（统治）+-y（名词后缀）→神圣不容侵犯的等级制度→等级制度	an inflexible hierarchy 僵化的等级制度<br>the feudal hierarchy 封建等级制度		中频词 Word List 7	266
artery	ˈɑːtəri	n.[C] 动脉；干线	名词后缀，表人、物、行为、抽象概念或状态	arter（血管）+-y（名词后缀）→由心室发出的血管→动脉	a blocked artery 被阻塞的动脉<br>plug up an artery 堵塞动脉		中频词 Word List 7	267
county	ˈkaʊnti	n.[C]县	名词后缀，表人、物、行为、抽象概念或状态	count（伯爵）+-y（名词后缀）→由伯爵统治的三级地方行政区→县	an autonomous county 自治县<br>a county court 县级法院		中频词 Word List 7	267
agony	ˈægəni	n.[C,U] 苦难，极度痛苦	名词后缀，表人、物、行为、抽象概念或状态	agon（挣扎）+-y（名词后缀）一挣扎的状态→极度痛苦	an agony of the war 战争的苦难<br>the intolerable agony 无法忍受的痛苦		中频词 Word List 7	267
fury	ˈfjʊəri	n.[sing.,U] 狂怒	名词后缀，表人、物、行为、抽象概念或状态	fur（狂怒）+-y（名词后缀）→狂怒	lashsb.into a fury 使某人狂怒<br>in sudden fury 突然的狂怒	[派]furious a.狂怒的<br>[近] rage n.狂怒	中频词 Word List 7	267
wrestle	ˈresl	v.摔；扭打；试图解决	wr 拧	wr（拧）+est+-le（动词后缀）一双方反复拧打→摔跤	wrestles b.to sp.把某人摔倒在某地<br>wrestle with each other 互相扭打		中频词 Word List 8	268
align	əˈlaɪn	v 对准 vt.使一致；与……结盟	lign 线	a-（加强意义）+lign（线）→使在一条线上→使一致	align a strategy 调准策略<br>align with s th.对准某物	[派] alignment n.排成直线	中频词 Word List 8	268
veteran	ˈvetərən	n.[C]老兵；老手	ve ter 老	ve ter（老）+-an（名词后缀）一老兵	a seasoned veteran 有经验的老兵<br>veteran nicotine addicts 资深尼古丁上瘾者图	[近]warhorsen.老兵	中频词 Word List 8	269
haven	ˈheɪvn	n.[C]避难所，庇护所；保护区	hav 拥有	hav（拥有）+en→拥有的应急场所→避难所，庇护所	create a haven 创建避难所<br>a friendly haven 友好的避风港	[近]shelter n.庇护所	中频词 Word List 8	269
suite	swiːt	n.[C]一套房间，套间；一套；一套家具	suit 跟随	suit（跟随）+e→一个大房间跟着一个小房间→套间	a sumptuous suite 一套豪华的房间<br>a suite of offices 办公套房		中频词 Word List 8	269
quota	ˈkwəʊtə	n.[C] 限额；配额；指标	quo t 数量	quo t（数量）+a→限制数量→限额	set a quota 规定限额<br>implement a quota 实行配额制		中频词 Word List 8	269
catastrophe	kəˈtæstrəfi	n.[C] 灾难；困难	cat a-向下	cat a-（向下）+strophe（转）→处境急转而下→遇到困难→困难	a climate catastrophe 气候灾难<br>a major catastrophe 一次重大灾害	[派]catastrophic a.灾难性的<br>[近]disaster n.灾难	中频词 Word List 8	269
antique	ænˈtiːk	n.[C]古董 a.古董的	anti q 古老	anti q（古老）+ue→古老的→古董的	a priceless antique 无价的古董<br>a genuine antique 一件古董真品	[派] antiquity n.古物	中频词 Word List 8	270
joint	dʒɔɪnt	a.联合的;共同的 n.[C] 关节	joint 连接	本身为词根，表示“连接”→连接在一起的一联合的	a joint venture 合资企业<br>make joint efforts 共同努力	[派]jointly ad.共同地<br>[近]corporate a.共同的	中频词 Word List 8	270
eccentric	ɪkˈsentrɪk	a.古怪的	cent r 中心	eC-（出）+cent r（中心）+-ic（形容词后缀）→偏离中心的一异乎寻常的→古怪的	eccentric behaviour 古怪的行为<br>an eccentric habit 古怪的习惯	[派]eccentricallyad.反常地<br>[近] odd a.古怪的	中频词 Word List 8	270
concentrate	ˈkɒnsntreɪt	v 集中（注意力）vt.使……集中	cent r 中心	con-（加强意义）+cent r（中心）+-ate（动词后缀）→使……集中	concentrate energies 集中精力<br>be difficult to concentrate 很难集中注意力	[派]concentration n.专心<br>[近]focus v.集中（注意力）	中频词 Word List 8	270
tribute	ˈtrɪbjuːt	n.[C,U]致敬；[sing.]（良好效果或影响的）体现	tri but 给予	tri but（给予）+e 一给予某人赞誉之词→致敬	a tribute to an ancestor 致敬祖先<br>a fitting tribute 恰如其分的致敬	[近]salute n.致敬	中频词 Word List 8	270
spouse	spaʊs	n.[C] 配偶	s po us 承诺	s po us（承诺）+e→彼此承诺终生的人一>配偶	choose a spouse 择偶<br>seek a spouse 追求配偶	[派]spousal a.配偶的<br>[近]mate n.配偶	中频词 Word List 8	271
worship	ˈwɜːʃɪp	n.[U]崇拜 vt.崇拜 vi.做礼拜	Worth 价值	Wor（同 worth，价值）+-ship（名词后缀）→有价值的东西一值得崇敬一崇拜	hero worship 英雄崇拜<br>be worshipped by sb.被某人崇拜	[派]worshipful a.崇敬的<br>[派]worshippern.敬神者	中频词 Word List 8	271
intrinsic	ɪnˈtrɪnsɪk	a.内在的；固有的	intro-向内	in tr in（同 intro-，向内）+sic→内部的→内在的	intrinsic quality 内在品质图<br>intrinsic value 内在价值		中频词 Word List 8	271
extravagant	ɪkˈstrævəgənt	a.奢侈的；铺张浪费的；昂贵的；放肆的	extra-超越	extra-（超越）+vag（走）+-ant（形容词后缀）→超出正常范围的→挥霍无度的→奢侈的	an extravagant taste 奢侈的爱好<br>be extravagant with water 浪费用水	[派] extravagance n.奢侈<br>[近]luxurious a.奢侈的	中频词 Word List 8	271
dogma	ˈdɒgmə	n.[C,U]教条；信条	dogma 教条	本身为词根，表示“教条”	conquer an old dogma 战胜陈旧的教条<br>the grip of dogma 教条的控制	[派]dogmatic a.教条的<br>[派]dogmatism n.教条主义	中频词 Word List 8	271
likewise	ˈlaɪkwaɪz	ad.同样地	-wise 副词后缀	like（同样的）+-wise（副词后缀）一同样地	Likewise,star faculty are not always found where you d expect.同样地，明星教师	[近]similarly ad.同样	中频词 Word List 8	272
anecdote	ˈænɪkdəʊt	n.[C,U]轶事，趣闻；传闻	an-无；加强意义	an-（无）+ec-（向外）+dot（给予）+e→未对外予以公开的事→轶事，趣闻	an anecdote about sb.关于某人的轶事<br>tell an anecdote 讲轶事	[派]anecdotal a.趣闻的	中频词 Word List 8	272
announce	əˈnaʊns	vt.宣布；公布；通知	an-无；加强意义	an-（加强意义）+noun c（通知）+e→通知	announce a plan 宣布计划<br>announce the location 公布地址	[派]announcer n.广播员<br>[近]declare vt.宣布；公布	中频词 Word List 8	272
oblige	əˈblaidʒ	vt.迫使 v.帮忙；感激不尽	lig,lea g 约束；捆绑	ob-（加强意义）+lig（约束）+e→约束→迫使	obliges b.todos th.迫使某人做某事<br>obliges b.with sth.帮某人做某事		中频词 Word List 8	272
league	liːg	n.[C]联盟；联赛；级别	lig,lea g 约束；捆绑	lea g（捆绑）+ue→捆绑在一起→引申为“联盟”	the League of Nations 国际联盟<br>a league champion 联赛冠军	[近]alliance n.联盟	中频词 Word List 8	272
eject	iˈdʒekt	vt.驱逐；弹出	e-,ex-出；向外；向上	e-（出）+ject（投）→弹出	ejectatenant 驱逐居住者<br>eject a protester 驱逐抗议者	[派]ejection n.驱逐<br>[近]expel vt.驱逐	中频词 Word List 8	273
eradicate	ɪˈrædɪkeɪt	vt.根除；消灭；杜绝	e-,ex-出；向外；向上	e-（出）+radi c（根）+-ate（动词后缀）→从根部拔出→根除	eradicatesth.from…从……根除某物<br>eradicate poverty 根除贫困	[派]eradication n.杜绝<br>[近]eliminate vt.根除；消灭	中频词 Word List 8	273
evade	iˈveid	vt.躲避；逃脱；逃避；避开	e-,ex-出；向外；向上	e-（出）+vad（走）+e→走出去→不愿面对→躲避	evade one's eyes 躲避某人的目光<br>evade capture 逃脱抓捕	[派]evasive a.回避的<br>[近]escape v.逃脱；逃避；避开	中频词 Word List 8	273
evoke	iˈvəʊk	vt.唤起，引|起；使人产生（联想、回忆、感情等）	e-,ex-出；向外；向上	e-（出）+vok（喊）+e→喊出来一唤起，引起	evoke a memory of s th.唤起对某物的记忆<br>evoke a strong response 引起强烈反响	[派]evocation n.唤起<br>[近] induce.vt.引起	中频词 Word List 8	273
evaluate	ɪˈvæljueɪt	vt.评估；评价	e-,ex-出；向外；向上	e-（出）+val（价值）+u+-ate（动词后缀）→计算出物品的价值→评估	evaluate an effect 评估效果<br>attempt to evaluates th.试图评估某物	[派]evaluation n.评价<br>[近]assess vt.评估	中频词 Word List 8	273
educate	ˈedʒukeɪt	vt.教育；教导	e-,ex-出；向外；向上	e-（出）+duc（引导）+-ate（动词后缀）→把学生的天资引导出来→教育	educates b.todos th.教育某人做某事<br>be educated at sp.在某地受教育	[派]education n.教育<br>[近]teach vt.教育；教导	中频词 Word List 8	274
elicit	iˈlɪsɪt	vt.引|出；套出；引|起	e-,ex-出；向外；向上	e-（出）+lic（引诱）+it→引诱某人出来→引出	elicit the truth 引出真相<br>elicit words from sb.套出某人的话	[派]eli citation n.引出<br>[近] arouse vt.引起	中频词 Word List 8	274
erect	iˈrekt	vt.建立；创立；竖立 a.竖直的	e-,ex-出；向外；向上	e-（向上）+rect（直）→向上直立→竖立	erect a boundary 建立界限<br>erect a doctrine 创立原则	[派] erection n.竖立<br>[近] build vt.建立	中频词 Word List 8	274
expedition	ˌekspəˈdɪʃn	n.[C] 远征；探险队；短途旅行	e-,ex-出；向外；向上	ex-（出）+pedi（脚）+-tion（名词后缀）→徒步出行→远征	goon an expedition 去远征<br>an Indian expedition 印度探险队	[派]expeditionary a.远征的；探险的	中频词 Word List 8	274
exception	ɪkˈsepʃn	n.[C] 除外;例外	e-,ex-出；向外；向上	ex-（出）+ce pt（拿）+-ion（名词后缀）→从整体中拿出去一部分→不计算在整体内→除外	with the exception of…除…之外<br>another exception 其他例外	[派] exceptional a.杰出的	中频词 Word List 8	274
expertise	ˌekspəˈtiːz	n.[U]专长；专业知识；专门技能	e-,ex-出；向外；向上	ex-（出）+per（尝试）+tis e→经过反复尝试得出的学识→>专业知识	an area of expertise 专长领域<br>demonstrate expertise 展示专业知识	[近]know-how n.专门知识	中频词 Word List 8	274
exceed	ɪkˈsiːd	vt.超过（数量）；超出；超越（限制、规定等）	e-,ex-出；向外；向上	ex-（向外）+ceed（行走）一向外行走，超出了规定范围→超过	exceed gross income 超过总收入<br>exceed labor force 超出劳动力	[派]exceeding a.非常的<br>[近]surpass v.超过	中频词 Word List 8	275
excess	ˈekses	a.额外的；多余的[ik'ses]n.[sing., U] 过度；过量	e-,ex-出；向外；向上	ex-（向外）+cesS（行走）→向外行走，超出定量的→额外的	excess travel expenses 额外差旅费<br>excess food 多余的食物	[派]excessive a.过分的<br>[近]extra a.额外的	中频词 Word List 8	275
exclude	ɪkˈskluːd	v.不包括；把……排除在外；拒绝；排除……的可能性	e-,ex-出；向外；向上	ex-（向外）+clude（关）一把…关在门外→把……排除在外	exclude taxes 不包括税收<br>excludes b.from…把某人排除在…外	[派]exclusive a.专有的<br>[反]include vt.包括	中频词 Word List 8	275
excuse	ɪkˈskjuːz	vt.原谅；为……辩解[nk'sk ju:s] n.[C] 理由；借口	e-,ex-出；向外；向上	ex-（向外）+cus（原因）+e→对外解释原因，请求原谅→原谅	excuses b.for doings th.原谅某人做某事<br>excuse one's lateness 为某人的迟到辩解	[派]excusable a.可原谅的<br>[近] forgive v.原谅	中频词 Word List 8	275
exert	ɪgˈzɜːt	vt.施加（影响、压力等）；运用；努力	e-,ex-出；向外；向上	ex-（向外）+ert（同 sert，加入）→向外界施加（影响、压力等）→施加（影响、压力等）	exert an influence on…对……施加影响<br>exert pressure 施加压力	[派]exertion n.努力<br>[近]use vt.运用	中频词 Word List 8	275
express	ɪkˈspres	vt.表示；表达 n.[C]特快列车 a.明确的	e-,ex-出；向外；向上	ex-（向外）+press（压）→把压在心底的东西说出来一表达	express willingness 表示意愿<br>express an idea 表达思想图	[派]expressive a.富于表情的<br>[近]explicit a.明确的	中频词 Word List 8	275
extinct	ɪkˈstɪŋkt	a.灭绝的；绝迹的； (火山）死的	e-,ex-出；向外；向上	ex-（向外）+tinct（同 st in ct，刺）→向外拔刺→连根拔起的→灭绝的	an extinct animal 灭绝的动物<br>go extinct 灭绝	[派]extinction n.灭绝	中频词 Word List 8	276
harness	ˈhɑːnɪs	vt.控制；利用；给（马等）套上挽具 n.[C]马具	-ness 名词后缀，表抽象概念	har（战争）+-ness（名词后缀）→在战争期间指挥作战→控制	be hard to harness s th.难以控制某物<br>harness a foe 利用敌人	[近]saddle ry n.马具	中频词 Word List 8	276
coalition	ˌkəʊəˈlɪʃn	n.[C] 联合政府；联盟	cO-，col-，com-,con-共同，一起；加强意义		a coalition government 联合政府<br>form a coalition 组成联合政府	[近]union n.联盟<br>[近]alliance n.联盟	中频词 Word List 8	276
collide	kəˈlaɪd	vi.碰撞；相撞；冲突	cO-，col-，com-,con-共同，一起；加强意义	col-（加强意义）+lid（打击）+e→撞击→碰撞	collide with s th.与某物碰撞<br>begin to collide 开始碰撞	[派]collision n.碰撞<br>[近] conflict vi.冲突	中频词 Word List 8	276
compassion	kəmˈpæʃn	n.[U] 同情；怜悯	cO-，col-，com-,con-共同，一起；加强意义	com-（共同）+pass（痛苦）+-ion（名词后缀）→对他人的痛苦产生共鸣→同情	a little compassion 一点同情<br>out of compassion 出于同情	[派]compassionate a.有同情心的<br>[近] sympathy n.同情	中频词 Word List 8	276
combat	ˈkɒmbæt	n.[C,U]战斗；[C]斗争 vt.防止	cO-，col-，com-,con-共同，一起；加强意义	com-（一起）+bat（打）→一起打仗→战斗	during a combat 在一场战斗中<br>be killed in combat 在战斗中阵亡	[派]combative a.好战的<br>[近]conflict n.战斗	中频词 Word List 8	277
compound	ˈkɒmpaʊnd	n.[C] 混合物；化合物 a.复合的[kam pao nd] vt.加重	cO-，col-，com-,con-共同，一起；加强意义	com-（一起）+pound（放置）一把各种物质放置在一起形成的新物质→混合物	a compound of……的混合物<br>a chemical compound 化合物	[近]mixture n.混合物	中频词 Word List 8	277
comedy	ˈkɒmədi	n.[C,U]喜剧;[U] 滑稽	cO-，col-，com-,con-共同，一起；加强意义	com-（一起）+edy（同 ody，歌曲）→一起唱欢快的歌曲→引申为“喜剧”	a situation comedy 情景喜剧<br>one's career in comedy 某人的喜剧生涯	[派]comedian n.喜剧演员<br>[反] tragedy n.悲剧	中频词 Word List 8	277
companion	kəmˈpæniən	n.[C] 同伴；伴侣；同甘共苦的伙伴	cO-，col-，com-,con-共同，一起；加强意义	com-（一起）+pan（面包）+-ion（名词后缀）→一起分食面包的人→同伴	a robot companion 机器人同伴<br>companions patience 同伴的耐心	[派] companionship n.友谊<br>[近] partner n.同伴	中频词 Word List 8	277
compose	kəmˈpəʊz	vt.组成；写 v.创作；作曲	cO-，col-，com-,con-共同，一起；加强意义	com-（一起）+pos（放）+e→放在一起，组成整体→组成	be composed of……组成<br>compose a letter 写信	[派] composer n.作曲家<br>[近] comprise vt.组成	中频词 Word List 8	277
commend	kəˈmend	vt.表扬，赞扬；推荐	cO-，col-，com-,con-共同，一起；加强意义	com-（加强意义）+mend（委托）→委托给某人→肯定某人的能力→赞扬	be commended for…因为……被表扬<br>commend ones bravery 赞扬某人的勇敢	[派]commendation n.赞扬<br>[近]recommend vt.推荐	中频词 Word List 8	277
commerce	ˈkɒmɜːs	n.[U] 商业	cO-，col-，com-,con-共同，一起；加强意义	com-（加强意义）+merc（交易）+e→进行交易的活动一商业	be engaged in commerce 从事商业<br>make fortunes from commerce 靠商业发财	[派]commercial a.商业的<br>[近]business n.商业	中频词 Word List 8	278
compact	kəmˈpækt	a.袖珍的；紧密的；矮小结实的 vt.把……压紧	cO-，col-，com-,con-共同，一起；加强意义	com-（加强意义）+pact（紧的）→紧密的	a compact camera 袖珍相机<br>a compact package 紧密包装	[派] compaction n.压紧	中频词 Word List 8	278
compulsory	kəmˈpʌlsəri	a.必须做的；强制的；义务的	cO-，col-，com-,con-共同，一起；加强意义		a compulsory part 必须的部分<br>a compulsory destination 必去之处		中频词 Word List 8	278
comfort	ˈkʌmfət	n.[U] 舒适；安慰；慰藉 vt.安慰	cO-，col-，com-,con-共同，一起；加强意义	com-（加强意义）+fort（强大）→鼓励某人，使其强大一安慰	enjoy the comfort 享受舒适<br>a few words of comfort 几句安慰的话	[派]comfortable a.舒适的<br>[近]ease n.舒适	中频词 Word List 8	278
compensate	ˈkɒmpenseɪt	v.补偿 vi.弥补 vt.赔偿	cO-，col-，com-,con-共同，一起；加强意义	com-（加强意义）+pens（支付）+-ate（动词后缀）→支付对等的赔偿金→补偿	be compensated for…因……得到补偿<br>compensate for…补偿……	[派] compensatory a.赔偿的<br>[近]offset vt.补偿	中频词 Word List 8	278
compromise	ˈkɒmprəmaɪz	n.[C]妥协；折中方案 vi.妥协	cO-，col-，com-,con-共同，一起；加强意义	com-（加强意义）+promise（承诺）→承诺退一步→妥协	make a compromise 做出妥协<br>a reasonable compromise 合理的折中方案	[派]compromising a.有失体面的<br>[近]concession n.妥协	中频词 Word List 8	278
convey	kənˈveɪ	vt.表达，传达；运送	cO-，col-，com-,con-共同，一起；加强意义	con-（共同）+vey（路）→共用一条道路进行运输→运送	convey respect for……向…表达尊重<br>convey past tense 表达过去式	[派] conveyance n.运送<br>[近]communicate v.传达	中频词 Word List 8	279
converge	kənˈvɜːdʒ	vi.汇集； （向某一点）相交；趋于一致	cO-，col-，com-,con-共同，一起；加强意义	con-（一起）+verg（倾斜）+e→倾斜到一起→集中在一起→汇集	converge on sp.汇集在某地<br>converge todos th.汇集去做某事	[派]convergent a.会合的	中频词 Word List 8	279
concrete	ˈkɒŋkriːt	a.具体的；混凝土的 n.[U] 混凝土	cO-，col-，com-,con-共同，一起；加强意义	con-（一起）+c ret（创造）+e→由多种材料一起制造的物体→混凝土	a concrete change 具体的转变<br>a concrete difference 具体差异	[派]concretely ad.具体地<br>[反]abstract a.抽象的	中频词 Word List 8	279
council	ˈkaʊnsl	n.[C]委员会；（市、郡等的）政务委员会，地方议会	cO-，col-，com-,con-共同，一起；加强意义	co un（同 con-，一起）+cil（召集）→把人召集到一起形成的一个团体→委员会	the Council of Europe 欧洲委员会<br>the Arts Council 艺术委员会		中频词 Word List 8	279
counsel	ˈkaʊnsl	n.[C,U]建议；法律顾问 vt.建议	cO-，col-，com-,con-共同，一起；加强意义	co un（同 con-，一起）+sel（召集）→召集在一起表达各自的看法一引申为“建议”	a wiser counsel 高明的建议<br>a general counsel 法律顾问園		中频词 Word List 8	279
confront	kənˈfrʌnt	vt.使面临；勇敢地面对；与（某人）对峙	cO-，col-，com-,con-共同，一起；加强意义	con-（加强意义）+front（前面）一使面对前方的困难→使面临	be confronted with…使面临……<br>confront ones fears 直面某人的恐惧	[派]confrontation n.对抗	中频词 Word List 8	279
conspicuous	kənˈspɪkjuəs	a.显眼的；惹人注意的	cO-，col-，com-,con-共同，一起；加强意义	con-（加强意义）+spic（看）+-u o us（形容词后缀）→容易看见的一显眼的	ina conspicuous place 在显眼的地方<br>a conspicuous kind 显眼的类型	[派]conspicuously ad.显著地<br>[近] prominent a.显眼的	中频词 Word List 8	280
convince	kənˈvɪns	vt.使相信；说服	cO-，col-，com-,con-共同，一起；加强意义	con-（加强意义）+v inc（征服）+e→用正确言论彻底征服别人→说服	convinces b.of s th.使某人相信某物<br>convince the public 使公众相信	[派]convinced a.坚信的<br>[近]persuade vt.说服	中频词 Word List 8	280
construct	kənˈstrʌkt	vt.建造；创建；绘制[konstrAkt]n.[C] 概念	cO-，col-，com-,con-共同，一起；加强意义	con-（加强意义）+struct（建设）→建造	construct a shelter 建造窝棚<br>construct an object 创建对象		中频词 Word List 8	280
consult	kənˈsʌlt	v.咨询；商量 vt.查阅	cO-，col-，com-,con-共同，一起；加强意义	con-（加强意义）+sult（召集）→召集到一起协商事务→商量	consult a doctor 咨询医生<br>consult an expert 咨询专家	[派]consultation n.咨询<br>[派]consultant n.顾问	中频词 Word List 8	280
constrain	kənˈstreɪn	vt.强迫；约束；限制	cO-，col-，com-,con-共同，一起；加强意义	con-（加强意义）+strain（束缚）一约束	be constrained todos th.被强迫做某事<br>constrain ones mind 约束某人的思想	[派]constraint n.限制<br>[近]force vt.强迫	中频词 Word List 8	280
confirm	kənˈfɜːm	vt.证实；批准（职位、协议等）；使坚定	cO-，col-，com-,con-共同，一起；加强意义	con-（加强意义）+firm（确定）→更加确定某事一>证实	confirm a study 证实一项研究<br>confirm a stereotype 证实刻板印象	[派]confirmation n.证实<br>[近] prove vt.证实	中频词 Word List 8	281
destination	ˌdestɪˈneɪʃn	n.[C]目的地；终点	de-向下；否定；离开；去掉；分离；整个的；加强意义	de-（向下）+st in（站）+-ation（名词后缀）→出发去下一个站点→目的地	reach a destination 到达目的地<br>a winter destination 过冬目的地		中频词 Word List 8	281
derive	diˈraɪv	vt.获得 v.源自，衍生	de-向下；否定；离开；去掉；分离；整个的；加强意义	de-（向下）+riv（河流）+e→从河流源头流下→源自	derive income 获取收益<br>derive great joy 获得极大的乐趣	[派]derivation n.起源	中频词 Word List 8	281
denounce	diˈnaʊns	vt.遣责，斥责；告发	de-向下；否定；离开；去掉；分离；整个的；加强意义	de-（否定）+noun c（通知）+e→发通知否定某人→谴责，斥责	denounce the attacks 谴责袭击活动<br>openly denounces b.公开斥责某人		中频词 Word List 8	281
defend	diˈfend	v 保卫；防御 vt.为……辩解	de-向下；否定；离开；去掉；分离；整个的；加强意义	de-（离开）+fend（打击）→使国家远离外来侵略者的打击→保卫	defend the borders 保卫边疆<br>defend…against…保护…受…	[派]defendant n.被告<br>[反]attack v.攻击	中频词 Word List 8	281
derail	diˈreɪl	v.（使）出轨， （使）脱轨 vt.阻挠	de-向下；否定；离开；去掉；分离；整个的；加强意义	de-（离开）+rail（铁轨）→（使）离开铁轨→（使）出轨，（使）脱轨	derail a train 使火车出轨<br>have a tendency to derail 容易脱轨	[派]derailment n.（火车的）出轨	中频词 Word List 8	281
deprive	diˈpraɪv	vt.剥夺	de-向下；否定；离开；去掉；分离；整个的；加强意义	de-（去掉）+priv（私人）+e→夺去私人物品→剥夺	deprive sb.of s th.剥夺某人某物<br>the right to deprives th.剥夺某物的权利	[派] deprivation n.丧失<br>[近] rob vt.剥夺	中频词 Word List 8	282
debris	ˈdebriː	n.[U]碎片；残骸；垃圾	de-向下；否定；离开；去掉；分离；整个的；加强意义	de-（分离）+br（同 break，破碎）+is→支离破碎的物体→碎片	the debris of s th.某物的碎片<br>flying debris 飞射的碎片	[近] chip n.碎片<br>[近]rubbish n.垃圾	中频词 Word List 8	282
devour	diˈvaʊə(r)	vt.吞食；津津有味地看；吞噬	de-向下；否定；离开；去掉；分离；整个的；加强意义	de-（整个的）+v our（同 vor，吃）一整个吃下去→吞食	continue to devours th.继续吞食某物<br>devours th.to survive 以吞食某物为生	[近]engulf vt.吞噬	中频词 Word List 8	282
devastate	ˈdevəsteɪt	vt.摧毁；破坏	de-向下；否定；离开；去掉；分离；整个的；加强意义	de-（加强意义）+vast（空）+-ate（动词后缀）→毁灭一空→摧毁	intendtodevastatesth.企图摧毁某物<br>be devastated by s th.被某物摧毁	[派]devastation n.毁坏<br>[近] destroy vt.摧毁	中频词 Word List 8	282
depict	diˈpɪkt	vt.描绘；描述；刻画	de-向下；否定；离开；去掉；分离；整个的；加强意义	de-（加强意义）+pic t（画）→描绘	depicts th.realistically 逼真地描绘某物<br>depict a change 描述变化	[派]depiction n.刻画<br>[近]describe vt.描述	中频词 Word List 8	282
delicacy	ˈdelɪkəsi	n.[U] 周到;棘手；[C]美食	de-向下；否定；离开；去掉；分离；整个的；加强意义	de-（加强意义）+lic（诱惑）+-acy（名词后缀）→特别诱人的食物→美食	handles th.with delicacy 周到地处理某事<br>a matter of some delicacy 有点棘手的问题	[派]delicate a.微妙的	中频词 Word List 8	282
delicate	ˈdelɪkət	a.精致的；易碎的；纤细的；清香的	de-向下；否定；离开；去掉；分离；整个的；加强意义	de-（加强意义）+lic（吸引）+-ate（形容词后缀）→非常吸引人的→精致的	a delicate object 精致的东西<br>a delicate teacup 易碎的茶杯		中频词 Word List 8	283
deny	diˈnaɪ	vt.否认；拒绝；拒绝接受	de-向下；否定；离开；去掉；分离；整个的；加强意义	de-（加强意义）+ny（同 neg，否认）→否认	deny a message 否认信息<br>deny a charge 否认指控	[派]denial n.否认<br>[近]refuse v.拒绝	中频词 Word List 8	283
devote	diˈvəʊt	vt.致力，倾注；奉献	de-向下；否定；离开；去掉；分离；整个的；加强意义	de-（加强意义）+vot（发誓）+e→发誓要做某事→致力，倾注	devote oneself to…致力于……<br>devote one's efforts 倾注某人心血	[派]devotion n.奉献<br>[近]dedicate vt.致力于	中频词 Word List 8	283
denote	diˈnəʊt	vt.表示；预示；代表	de-向下；否定；离开；去掉；分离；整个的；加强意义		denote A by B 用 B 表示 A<br>be used to denotes th.被用来表示某物	[派]denotationn.指示<br>[近]represent vt.代表	中频词 Word List 8	283
deploy	diˈplɔɪ	vt.部署；调动	de-向下；否定；离开；去掉；分离；整个的；加强意义	de-（加强意义）+ploy（参与）→使人员参与到各项事务中→安排任职→部署	deploy a strategy 部署策略<br>deploy a ground troop 部署地面部队		中频词 Word List 8	283
deter	diˈtɜː(r)	v 制止，阻止；威	de-向下；否定；离开；去掉；分离；整个的；加强意义	de-（加强意义）+ter（同 ter r，恐惧）一使某人害怕→威慨	deter crime 制止犯罪<br>deter sb.from doing sth.阻止某人做某事	[派]deterrent n.威摄因素<br>[近] prohibit vt. 阻止	中频词 Word List 8	284
intake	ˈɪnteɪk	n.[C,U]摄取量；纳入的人数	de-向下；否定；离开；去掉；分离；整个的；加强意义	in（内）+take（获得）→身体内部所需要获得某种物质的量一摄取量	an adequate in take 适当的摄取量<br>fat in take 脂肪摄取量		中频词 Word List 9	285
indoor	ˈɪndɔː(r)	a.室内的	de-向下；否定；离开；去掉；分离；整个的；加强意义	in（内）+door（门）→门里面的→室内的	an indoor court 室内球场園<br>indoor facilities 室内设施		中频词 Word List 9	285
well-off	ˌwelˈɒf	a.富裕的	de-向下；否定；离开；去掉；分离；整个的；加强意义	well（好）+off（处于……境况的）→境况非常好的一富裕的	well-off parents 富裕的父母<br>a well-off country 富裕国家	[近] rich a.富裕的<br>[近]affluent a.富裕的	中频词 Word List 9	285
old-fashioned	ˌəʊldˈfæʃnd	a.过时的；老式的	de-向下；否定；离开；去掉；分离；整个的；加强意义	old（旧的）+fashioned（……式的）→旧样式的→过时的	old-fashioned clothes 过时的衣服<br>an old-fashioned idea 过时的想法		中频词 Word List 9	285
second-hand	ˌsekənd ˈhænd	a.二手的；旧的	de-向下；否定；离开；去掉；分离；整个的；加强意义	second（第二的）+hand（手）→二手的	a second-hand bookshop 二手书店<br>a second-hand car 二手车	[近]used a.旧的	中频词 Word List 9	286
outset	ˈaʊtset	n.[常用 sing.]开始，开端	de-向下；否定；离开；去掉；分离；整个的；加强意义	out（向外）+set（使开始）→开始向外发展→开始	at the outset 在最开始<br>from the outset 从一开始	[近]commencement n.开始<br>[近]beginning n.开始	中频词 Word List 9	286
offset	ˈɒfset	vt.补偿；弥补；抵消	de-向下；否定；离开；去掉；分离；整个的；加强意义	off（减）+Set（在……位置的）→高价位商品减价后补偿差价→补偿	offset the cost of materials 补偿材料成本<br>offset the loss 弥补损失	[近]compensate v.补偿<br>[近]counteract vt.抵消	中频词 Word List 9	286
setback	ˈsetbæk	n.[C]挫折	de-向下；否定；离开；去掉；分离；整个的；加强意义	set（使处于）+back（后面）→使处于落后状态一阻碍→挫折	suffer a setback 遭受挫折<br>a serious setback 严重的挫折	[近]frustration n.挫折	中频词 Word List 9	286
foretell	fɔːˈtel	vt.预言，预知；预测	de-向下；否定；离开；去掉；分离；整个的；加强意义	fore（前面）+tell（说）→在事情发生之前所说的话一预言	foretell a result 预言结果<br>foretell the end of…预言……的结局	[近] predict vt.预言<br>[近]forecast vt.预测	中频词 Word List 9	286
uphold	ʌpˈhəʊld	vt.支持；维护	de-向下；否定；离开；去掉；分离；整个的；加强意义	up（向上）+hold（托住）→托住某人使其向上爬→支持	uphold a decision 支持决定<br>uphold the law 维护法律	[派]upholdern.支持者<br>[近]support vt.支持	中频词 Word List 9	286
landmark	ˈlændmɑːk	n.[C]地标；里程碑	de-向下；否定；离开；去掉；分离；整个的；加强意义	land（陆地）+mark（标志）→陆地上的标志一地标	a familiar landmark 熟悉的地标<br>a landmark building 地标性建筑	[近] milestone n.里程碑	中频词 Word List 9	287
milestone	ˈmaɪlstəʊn	n.[C]里程碑；重要阶段	de-向下；否定；离开；去掉；分离；整个的；加强意义	mile（英里）+stone（石碑）→每英里设置的石碑一里程碑	a huge milestone 重大的里程碑<br>make…a milestone 使…成为里程碑	[近]landmark n.里程碑	中频词 Word List 9	287
whereby	weəˈbaɪ	ad.凭借；借以	de-向下；否定；离开；去掉；分离；整个的；加强意义	where（哪里）+by（表方式）→去某地的方式→凭借	Whereby shall we know her？我们靠什么认出她呢？		中频词 Word List 9	287
countryside	ˈkʌntrisaɪd	n.[U] 乡村；农村	de-向下；否定；离开；去掉；分离；整个的；加强意义	country（地区）+side（边缘）→边缘地区→偏远地区→乡村	residents in the countryside 村民<br>adjoining countryside 毗邻的乡村		中频词 Word List 9	287
extraordinary	ɪkˈstrɔːdnri	a.不平常的；令人惊奇的；非凡的	de-向下；否定；离开；去掉；分离；整个的；加强意义	extra（额外的）+ordinary（平常的）→超过平常的→不平常的	quite extraordinary 极不寻常的<br>an extraordinary speed 惊人的速度	[派]extraordinarily ad.非常<br>[反]ordinary a.平常的	中频词 Word List 9	287
lawsuit	ˈlɔːsuːt	n.[C]诉讼	de-向下；否定；离开；去掉；分离；整个的；加强意义	law（法律）+suit（诉讼）→法律诉讼→诉讼	a handful of lawsuits 一小部分诉讼<br>a class-action lawsuit 集体诉讼	[近]suit n.诉讼<br>[近]litigation n.诉讼	中频词 Word List 9	287
turnover	ˈtɜːnəʊvə(r)	n.[常用 sing., U]营业额；[sing.]流动率	de-向下；否定；离开；去掉；分离；整个的；加强意义	turn（转）+over（翻转）→店铺运转一天的收入一营业额	an annual turnover 年营业额<br>turnover costs 营业成本		中频词 Word List 9	288
overstate	ˌəʊvəˈsteɪt	vt.夸大	de-向下；否定；离开；去掉；分离；整个的；加强意义	over（过度）+state（陈述）→过度陈述→夸大	overstate the gap 夸大差距<br>overstate threat 夸大威胁	[近]exaggerate v.夸大<br>[反]understate vt.轻描淡写	中频词 Word List 9	288
outfit	ˈaʊtfɪt	n.[C]全套服装；机构	de-向下；否定；离开；去掉；分离；整个的；加强意义	out（外出）+fit（适合）→适合外出时穿的全套装配一全套服装	an active wear outfit 运动套装<br>a cowboy outfit 牛仔套装	[派]outfitter n.服装店<br>[近] organization n.机构	中频词 Word List 9	288
overlap	ˌəʊvəˈlæp	v.（使）相叠[uva la ep]n.[C,U]重叠部分	de-向下；否定；离开；去掉；分离；整个的；加强意义	over（在……之上）+lap（大腿）→将一条腿放在另一条上→（使）相叠	overlap each other 相互重叠<br>overlap with……与……重叠	[近]coincide vi.重叠	中频词 Word List 9	288
offspring	ˈɒfsprɪŋ	n.[C]（pl.offspring)后代	de-向下；否定；离开；去掉；分离；整个的；加强意义	off（离开）+spring（生长）→最终要离开父母自己成长的人→子女→后代	the offspring of sb.某人的后代<br>produce offspring 繁育后代	[近]descendant n.后代<br>[近]posterity n.后代	中频词 Word List 9	288
safeguard	ˈseɪfgɑːd	v.保护 n.[C]保障条款；保护措施	de-向下；否定；离开；去掉；分离；整个的；加强意义	safe（安全的）+guard（保卫）一保卫安全→保护	safeguard.consumers 保护消费者<br>safeguard against…防备……		中频词 Word List 9	288
showcase	ˈʃəʊkeɪs	n.[C]玻璃陈列柜；[常用 sing.]展示场合 vt.展示	de-向下；否定；离开；去掉；分离；整个的；加强意义	show（展览）+case（容器）→陈列展览品的容器一玻璃陈列柜	an electronic showcase 电子玻璃陈列柜<br>a design showcase 设计展示	[近]cabinet n.陈列柜<br>[近] show vt.展示	中频词 Word List 9	289
downgrade	ˌdaʊnˈgreɪd	vt.使降职，使降级；降低；低估	de-向下；否定；离开；去掉；分离；整个的；加强意义	down（向下）+grade（级）→向下一级→使降级	be downgraded from A to B 从 A 降职到 B<br>downgrade debt 降低债务信用等级	[近]underestimate vt.低估<br>[反]upgrade vt.提拔	中频词 Word List 9	289
sightseeing	ˈsaɪtsiːɪŋ	n.[U]观光	de-向下；否定；离开；去掉；分离；整个的；加强意义	sight（景物）+seeing（看）→看景色→观光	go sightseeing 去观光<br>two days for sightseeing 两天的观光时间		中频词 Word List 9	289
spokesman	ˈspəʊksmən	n.[C]发言人	de-向下；否定；离开；去掉；分离；整个的；加强意义	spoke（说话）+s+man（人）→说话的人→发言人	an agency spokesman 机构发言人<br>a military spokesman 军方发言人	[近]spokesperson n.发言人	中频词 Word List 9	289
straightforward	ˌstreɪtˈfɔːwəd	a.简单的；坦率的	de-向下；否定；离开；去掉；分离；整个的；加强意义	straight（直的）+forward（向前的）→直着向前的→路线简单的→简单的	a straightforward matter 简单的事情<br>a straightforward discipline 简单的原则	[派]straightforwardly ad.直截了当地<br>[近] simple a.简单的	中频词 Word List 9	289
suitcase	ˈsuːtkeɪs	n.[C]手提箱	de-向下；否定；离开；去掉；分离；整个的；加强意义	suit（套装）+case（箱子）→装套装的箱子→手提箱	a suitcase of clothes 一手提箱的衣服<br>look through a suitcase 查看手提箱		中频词 Word List 9	289
sunrise	ˈsʌnraɪz	n.[U] 日出	de-向下；否定；离开；去掉；分离；整个的；加强意义	sun（太阳）+rise（升起）→太阳升起→日出	beautiful sunrise 美丽的日出<br>see sunrise 看日出	[近] sunupn.日出<br>[反]sunset n.日落	中频词 Word List 9	290
undergo	ˌʌndəˈgəʊ	vt.经历，经受	de-向下；否定；离开；去掉；分离；整个的；加强意义	under（在…下）+gO（走）→在重压之下走过→经历磨难→经历	undergo changes 经历变化<br>undergo a transition 经历转型	[近] experience vt.经历<br>[近] bear vt.忍受	中频词 Word List 9	290
update	ʌpˈdeɪt	vt.更新 n.[C]最新消息	de-向下；否定；离开；去掉；分离；整个的；加强意义	up（向上）+date（日期）→向上翻挂历以更新日期一>更新	update a description 更新描述<br>update the facilities 更新设施	[近]refresh v.更新<br>[近]renew vt.更新	中频词 Word List 9	290
upgrade	ˈʌpgreɪd	v.升级 vt.提升	de-向下；否定；离开；去掉；分离；整个的；加强意义	up（向上）+grade（等级）→使等级提高→升级	upgrade farm produce 升级农产品<br>upgrade A to B 把 A 升级到 B	[派] up gradation n.升级<br>[反] downgrade vt.使降级	中频词 Word List 9	290
upset	ˌʌpˈset	vt.打乱[Ap*set]a.难过的[△p set]n.[C]肠胃病	de-向下；否定；离开；去掉；分离；整个的；加强意义	up（向上）+set（放）→把底向上放→打翻的→难过的	upset a plan 打乱计划<br>upset the water cycle 破坏水循环	[派]upsetting a.令人不快的<br>[近] sad a.难过的	中频词 Word List 9	290
workshop	ˈwɜːkʃɒp	n.[C]车间；研习班；研讨会	de-向下；否定；离开；去掉；分离；整个的；加强意义	work（工作）+shop（车间）→车间	a spacious workshop 宽的车间<br>the head of the workshop 车间主任	[近]seminar n.研讨会	中频词 Word List 9	290
blackmail	ˈblækmeɪl	n.[U]勒索；敲诈；胁迫 vt.敲诈	de-向下；否定；离开；去掉；分离；整个的；加强意义	black（邪恶的）+mail（信件）→不法分子用信件敲诈钱财一勒索	emotional blackmail 情感勒索<br>a form of blackmail 敲诈的一种形式	[派]blackmailern.勒索者<br>[近]extortion n.勒索	中频词 Word List 9	291
aircraft	ˈeəkrɑːft	n.[C]（pl.aircraft） 飞机；飞行器；航空器	de-向下；否定；离开；去掉；分离；整个的；加强意义	air（天空）+craft（飞机）→飞机	a model aircraft 飞机模型<br>an enemy aircraft 敌机	[近]plane n.飞机<br>[近]airplane n.飞机	中频词 Word List 9	291
alongside	əˌlɒŋˈsaɪd	ad……prep.在……旁边；与…并肩	de-向下；否定；离开；去掉；分离；整个的；加强意义	along（沿着）+side（边）→沿着……的边→在……旁边	pull up alongside 在旁边停下<br>approach alongside 超步跟进		中频词 Word List 9	291
beforehand	bɪˈfɔːhænd	ad.事先；提前	de-向下；否定；离开；去掉；分离；整个的；加强意义	before（在……之前）+hand（手）→在别人下手之前行动→事先	have preparation beforehand 事先准备<br>notify sb.beforehand 事先通知某人	[近] previously ad.先前<br>[近]ahead ad.提前	中频词 Word List 9	291
breakdown	ˈbreɪkdaʊn	n.[C]故障；崩溃；破裂	de-向下；否定；离开；去掉；分离；整个的；加强意义	break（破坏）+down（减弱）→破坏严重导致功能减弱为零→崩溃	a breakdown in the system 系统故障<br>a breakdown process 崩溃的过程	[近] collapse n.崩溃	中频词 Word List 9	291
bypass	ˈbaɪpɑːs	vt.避开 n.[C]旁道；搭桥术	de-向下；否定；离开；去掉；分离；整个的；加强意义	by（在……旁边）+pass（经过）→从旁边过→避开	bypass the wires 避开电线<br>try to bypass sb.尝试避开某人	[近] byway n.旁道	中频词 Word List 9	291
cowboy	ˈkaʊbɔɪ	n.[C]牛仔	de-向下；否定；离开；去掉；分离；整个的；加强意义	cow（牛）+boy（男孩）→牛仔	dress up as a cowboy 打扮成一个牛仔<br>a virile cowboy 有男子气概的牛仔		中频词 Word List 9	292
dropout	ˈdrɒpaʊt	n.[C]辍学者	de-向下；否定；离开；去掉；分离；整个的；加强意义	drop（放弃）+out（出去）→放弃接受教育走出学校的人→学者	a lower dropout rate 较低的学率<br>a college dropout 大学学者		中频词 Word List 9	292
freshman	ˈfreʃmən	n.[C]（大学）一年级新生	de-向下；否定；离开；去掉；分离；整个的；加强意义	fresh（新的）+man（人）→新来的人→（大学）一年级新生	a freshman seminar 新生研讨班<br>in one?s freshman year 大学一年级时	[近]fresher n.（大学）一年级新生	中频词 Word List 9	292
forthcoming	ˌfɔːθˈkʌmɪŋ	a.即将来临（或出版等）的	de-向下；否定；离开；去掉；分离；整个的；加强意义	forth（来）+coming（到来）→即将到来的→即将来临（或出版等）的	a forthcoming election 即将来临的选举<br>a forthcoming date 即将到来的日期	[近] upcoming a.即将来临的	中频词 Word List 9	292
layoff	ˈleɪɒf	n.[C]解雇；裁员	de-向下；否定；离开；去掉；分离；整个的；加强意义	lay（提交）+off（离开）→让某人提交辞呈并离开→解雇	a layoff notice 解雇通知<br>a temporary layoff 临时解雇	[近]dismissal n.解雇	中频词 Word List 9	292
mainstream	ˈmeɪnstriːm	n.[sing.] [the ~]（思想、行为等的） 主流	de-向下；否定；离开；去掉；分离；整个的；加强意义	main（主要的）+stream（流）→（思想、行为等的）主流	a mainstream magazine 主流杂志<br>a mainstream belief 主流观点图		中频词 Word List 9	292
masterpiece	ˈmɑːstəpiːs	n.[C]杰作；代表作	de-向下；否定；离开；去掉；分离；整个的；加强意义	master（大师）+piece（作品）→大师的作品一杰作	a great masterpiece 杰作<br>a timeless masterpiece 永恒的杰作	[近]masterwork n.杰作	中频词 Word List 9	293
nevertheless	ˌnevəðəˈles	ad.尽管如此；然而	de-向下；否定；离开；去掉；分离；整个的；加强意义	never（从不）+the+less（少）→尽管数量不少，却从未起作用→然而	They do not all know what they are seeking but they flock there,nevertheless.这	[近]nonetheless ad.尽管如此<br>[近] though ad.然而	中频词 Word List 9	293
nightmare	ˈnaɪtmeə(r)	n.[C] 噩梦	de-向下；否定；离开；去掉；分离；整个的；加强意义		a hellish nightmare 地狱般的噩梦<br>have a nightmare 做噩梦		中频词 Word List 9	293
brand-new	ˌbrændˈnjuː	a.全新的；崭新的	de-向下；否定；离开；去掉；分离；整个的；加强意义	brand（品牌）+new（新）→新的未摘吊牌的→全新的	a brand-new set of…一套全新的……<br>a brand-new concept 全新的观念		中频词 Word List 9	293
high-tech	ˌhaɪˈtek	a.高科技的	de-向下；否定；离开；去掉；分离；整个的；加强意义	high（高的）+tech（技术的）→高科技的	a high-tech weapon 高科技武器<br>a high-tech firm 高科技公司	[反]low-tech a.低技术的	中频词 Word List 9	293
hitherto	ˌhɪðəˈtuː	ad.迄今	de-向下；否定；离开；去掉；分离；整个的；加强意义	hither（这里）+to（到）→到这里为止→到目前为止→迄今	The polytechnics have hitherto been at an unfair disadvantage in competing for	[近]heretofore ad.迄今	中频词 Word List 9	293
upper	ˈʌpə(r)	a.上面的；上部的	de-向下；否定；离开；去掉；分离；整个的；加强意义		the upper lip 上唇<br>the upper respiratory tract 上呼吸道	[派]uppermost a.最上面的<br>[反]lower a.下面的	中频词 Word List 9	294
forbid	fəˈbɪd	vt.禁止，不准；阻碍	de-向下；否定；离开；去掉；分离；整个的；加强意义		forbids b.todos th.禁止某人做某事<br>forbids b.from doings th.禁止某人做某事	[派]forbidden a.禁止的<br>[近] bar vt.禁止	中频词 Word List 9	294
dub	dʌb	vt.把…作；译制；配音	de-向下；否定；离开；去掉；分离；整个的；加强意义		be dubbed…by sb.被人称为……<br>be dubbed as…被称作…		中频词 Word List 9	294
dwell	dwel	vi 居住；沉酒于；细想	de-向下；否定；离开；去掉；分离；整个的；加强意义		dwell in sp.在某地居住<br>dwell together 一起居住	[派]dweller n.居民<br>[近] live vi 居住	中频词 Word List 9	294
escort	ˈeskɔːt	n.[C,U]护卫队；押送者[1'sko:t]vt.陪同	de-向下；否定；离开；去掉；分离；整个的；加强意义		an armed escort 武装护卫队<br>under escort to 押送到……	[近] accompany vt.陪同	中频词 Word List 9	294
grim	grɪm	a.严峻的；令人泪丧的；凄凉的	de-向下；否定；离开；去掉；分离；整个的；加强意义		grim reality 严峻的现实<br>a grim prospect 令人沮丧的前景	[派] grimly ad.冷酷地<br>[近]harsha.严峻的	中频词 Word List 9	294
moan	məʊn	vi.抱怨；呻吟 n.[C]呻吟声；抱怨	de-向下；否定；离开；去掉；分离；整个的；加强意义		moan about s th.抱怨某物<br>moan with pain 痛苦地呻吟	[派]moanern.经常抱怨的人<br>[近] groan v.抱怨	中频词 Word List 9	295
shield	ʃiːld	n.[C]盾（牌）；屏障 vt.保护；遮住	de-向下；否定；离开；去掉；分离；整个的；加强意义		a human shield 人体盾牌<br>an efficient shield 有效的屏障	[近] protect v.保护	中频词 Word List 9	295
atlas	ˈætləs	n.[C]地图册，地图集	de-向下；否定；离开；去掉；分离；整个的；加强意义		consult an atlas 查阅地图册<br>a world atlas 世界地图册		中频词 Word List 9	295
brew	bruː	vt.酿制（啤酒)；煮（咖啡等）n[常用 sing]（茶）一次的冲泡量；混合	de-向下；否定；离开；去掉；分离；整个的；加强意义		brew beer 酿制啤酒<br>brew a pot of coffee 煮一壶咖啡	[派] brewery n. 啤酒厂<br>[近] mixture n. 混合	中频词 Word List 9	295
diesel	ˈdiːzl	n.[U] 柴油	de-向下；否定；离开；去掉；分离；整个的；加强意义		use diesel as fuel 以柴油为燃料<br>a diesel car 柴油汽车		中频词 Word List 9	295
flip	flɪp	vt.按（开关）；轻掷 n.[C] 空翻；[sing.] 浏览	de-向下；否定；离开；去掉；分离；整个的；加强意义		flip the light off 关灯<br>flip a coin 掷硬币	[派] flippant a. 轻率的<br>[近]flick vt.按（开关）	中频词 Word List 9	295
frantic	ˈfræntɪk	a 发疯似的，发狂的；匆忙混乱的	de-向下；否定；离开；去掉；分离；整个的；加强意义		make sb. go frantic 让某人发疯<br>drives b.frantic 使某人发疯	[派] frantically ad.疯狂地	中频词 Word List 9	295
hover	ˈhɒvə(r)	vi.翱翔；盘旋；徘徊	de-向下；否定；离开；去掉；分离；整个的；加强意义		hover over…在…上翱翔<br>hover overhead 在头顶上空盘旋		中频词 Word List 9	295
hybrid	ˈhaɪbrɪd	n.[C]（动物或植物的）杂（交）种；混合物；混合动力车	de-向下；否定；离开；去掉；分离；整个的；加强意义		a hybrid of A and BA 与 B 的杂交物种<br>hybrid swarms 杂交群种	[派]hybridize v.（使）杂交<br>[近]mixture n.混合物	中频词 Word List 9	296
random	ˈrændəm	a.偶然的；随机的	de-向下；否定；离开；去掉；分离；整个的；加强意义		a random event 偶然事件<br>in a random order 按随机顺序	[派]randomly ad.随机地<br>[近]occasional a.偶然的	中频词 Word List 9	296
slum	slʌm	n.[C]贫民区；贫民窟	de-向下；否定；离开；去掉；分离；整个的；加强意义		live in a slum 生活在贫民区<br>an inner-city slum 市中心贫民区	[派]slummya.贫民区的	中频词 Word List 9	296
bizarre	bɪˈzɑː(r)	a.奇异的，怪异的；古怪的	de-向下；否定；离开；去掉；分离；整个的；加强意义		a bizarre incident 奇异的事件<br>a bizarre lament 奇怪的叹息	[派]bizarrelyad.古怪地<br>[近]weird a.奇异的	中频词 Word List 9	296
cosy	ˈkəʊzi	（亦作 cozy）a.温暖舒适的；亲切的；密切的	de-向下；否定；离开；去掉；分离；整个的；加强意义		a cosy workplace 舒适的工作场所<br>cosy communal life 舒适的公共生活	[派]cosinessn.舒适<br>[近]comfortable a.舒适的	中频词 Word List 9	296
grid	grɪd	n.[C] 网格；电力网; （地图上的）坐标方格	de-向下；否定；离开；去掉；分离；整个的；加强意义		draw a grid 勾画一个网格<br>form a grid 形成电网		中频词 Word List 9	296
hectic	ˈhektɪk	a.紧张忙碌的，忙碌的，繁忙的	de-向下；否定；离开；去掉；分离；整个的；加强意义		a hectic schedule 紧张的日程安排<br>a hectic time 忙碌的时间	[近] busy a.忙碌的	中频词 Word List 9	296
slash	slæʃ	vt.大大降低；大幅度削减；砍 n.[C]伤口	de-向下；否定；离开；去掉；分离；整个的；加强意义		slash price 价格大幅下降<br>slash staffing 大幅裁员	[派]slashing a.严厉批判的<br>[近]cut n.伤口	中频词 Word List 9	296
snap	snæp	v.断裂；拍照	de-向下；否定；离开；去掉；分离；整个的；加强意义		snap a tree 使树断裂<br>snap off 断裂	[派] snappy a.精练的<br>[近]crack v.断裂	中频词 Word List 9	297
badge	bædʒ	n.[C]徽章；象征；标记	de-向下；否定；离开；去掉；分离；整个的；加强意义		wear a badge 佩戴徽章<br>earn a merit badge 得到荣誉徽章		中频词 Word List 9	297
bang	bæŋ	v.猛敲 vt.磕 n.[C] 突然的巨响	de-向下；否定；离开；去掉；分离；整个的；加强意义		banga table 猛敲桌子<br>bang on the door 砰砰地敲门		中频词 Word List 9	297
bare	beə(r)	a.光秃秃的；裸露的;空的；最基本的	de-向下；否定；离开；去掉；分离；整个的；加强意义		a bare tree 光秃秃的树<br>a bare rocky hill 裸露的岩石山	[派] barely ad.仅仅<br>[近] naked a.裸露的	中频词 Word List 9	297
blog	blɒg	n.[C] 博客 vi.写博客	de-向下；否定；离开；去掉；分离；整个的；加强意义		a blog post 一篇博客帖子<br>open a blog 开通博客		中频词 Word List 10	298
boast	bəʊst	v.吹嘘 vt.有 n.[C]夸耀；引|以为自豪的事情	de-向下；否定；离开；去掉；分离；整个的；加强意义		boast about of…吹嘘…<br>boast an array of……拥有大批…<br>国	[派]boastful a.自吹自擂的<br>[近]flaunt vt.炫耀	中频词 Word List 10	298
boot	buːt	n.[C]靴子；[常用 sing.]猛踢 vt.猛踢	de-向下；否定；离开；去掉；分离；整个的；加强意义		cowboy boots 牛仔靴<br>pull off boots 脱掉靴子		中频词 Word List 10	298
border	ˈbɔːdə(r)	]n[C]边界 v 与……邻	de-向下；否定；离开；去掉；分离；整个的；加强意义		an open border 开放的边界<br>cross a border 跨越边界		中频词 Word List 10	298
staple	ˈsteɪpl	a.主要的 n.[C]主要产品；主食 vt.用订书钉装订	de-向下；否定；离开；去掉；分离；整个的；加强意义		a staple crop 主要农作物<br>the staple of the region 当地主要产品	[近] major a.主要的	中频词 Word List 10	298
breed	briːd	vt.饲养；产生 vi.繁殖 n.[C] 品种	de-向下；否定；离开；去掉；分离；整个的；加强意义		breed…or……养…为了……<br>breed resentment 产生怨恨	[派] breeding n.生育，繁殖<br>[近]multiply v.繁殖	中频词 Word List 10	299
brush	brʌʃ	vt.（用刷子）刷 v.轻碰，掠过 n.[C]毛刷	de-向下；否定；离开；去掉；分离；整个的；加强意义		brush teeth 刷牙<br>brush one’s cheek 轻碰某人的面颊		中频词 Word List 10	299
bubble	ˈbʌbl	n.[C] 气泡；泡沫 vi.冒泡；强烈的感受	de-向下；否定；离开；去掉；分离；整个的；加强意义		a bubble of oxygen 氧气泡<br>the housing bubble 房地产泡沫	[近] foam n.泡沫	中频词 Word List 10	299
bully	ˈbʊli	vt.欺负；迫使 n.[C] 横行霸道者	de-向下；否定；离开；去掉；分离；整个的；加强意义		bully the weak 欺负弱者<br>be bullied by sb.被某人欺负	[近]force vt.迫使<br>[近] compel vt.迫使	中频词 Word List 10	299
chat	tʃæt	vi.聊天 n.[C] 聊天	de-向下；否定；离开；去掉；分离；整个的；加强意义		chat with sb.与某人聊天<br>chat on the phone 打电话聊天		中频词 Word List 10	299
chew	tʃuː	v.咀嚼；咬	de-向下；否定；离开；去掉；分离；整个的；加强意义		chew gum 嚼口香糖<br>chew on an apple 咀嚼苹果	[派] chewy a.耐嚼的<br>[近]bite v.咬	中频词 Word List 10	299
cling	klɪŋ	vi.附着；依附；抓紧；紧抱	de-向下；否定；离开；去掉；分离；整个的；加强意义		cling to sth.附着在某物上<br>cling to sb.依附某人		中频词 Word List 10	299
clue	kluː	n.[C] 线索；提示 vt.为（某人）提供最新消息	de-向下；否定；离开；去掉；分离；整个的；加强意义		offer a clue 提供线索<br>a verbal clue 语言线索国	[派]clueless a.很愚蠢的	中频词 Word List 10	299
cotton	ˈkɒtn	n.[U] 棉花；棉布；棉线	de-向下；否定；离开；去掉；分离；整个的；加强意义		produce cotton goods 生产棉制品<br>pure cotton 纯棉	[派]cotton ya.棉状的	中频词 Word List 10	300
crawl	krɔːl	vi 爬行；缓慢行进 n.[sing.]缓慢的速度	de-向下；否定；离开；去掉；分离；整个的；加强意义		crawl in t……爬到…上<br>craw out of…从……中爬出	[派]crawlern.爬行物<br>[近]creep vi.爬行	中频词 Word List 10	300
creep	kriːp	vi.爬行；手脚地移动；悄悄地缓慢行进；巴结	de-向下；否定；离开；去掉；分离；整个的；加强意义		creep along…沿……爬行<br>creep up the stairs 手脚地上楼	[派]creepy a.令人毛骨悚然的<br>[近]crawl vi.爬行	中频词 Word List 10	300
crush	krʌʃ	vt.压碎；镇压；将……塞进 n.[sing.]拥挤的人群	de-向下；否定；离开；去掉；分离；整个的；加强意义		crush s th.with……用……压碎某物<br>crush local farmers 镇压当地农民	[派]crusher n.压榨机<br>[近] suppress vt.镇压	中频词 Word List 10	300
dairy	ˈdeəri	a.乳制的；生产乳品的 n.[C] 牛奶场	de-向下；否定；离开；去掉；分离；整个的；加强意义		a dairy product 乳制品<br>a dairy farm 乳牛场		中频词 Word List 10	300
deed	diːd	n.[C]行为；证书	de-向下；否定；离开；去掉；分离；整个的；加强意义		a bad deed 恶行<br>a deed of kindness 一件善事	[近] action n.行为	中频词 Word List 10	300
devil	ˈdevl	n.[C]魔鬼；淘气鬼；家伙	de-向下；否定；离开；去掉；分离；整个的；加强意义		be possessed by a devil 被魔鬼附身<br>a fearful devil 可怕的魔鬼	[派]devilish a.恶毒的<br>[近]demon n.魔鬼	中频词 Word List 10	300
dim	dɪm	a.昏暗的；模糊的 v.变昏暗	de-向下；否定；离开；去掉；分离；整个的；加强意义		a dim glow 昏暗的微光<br>a dim figure 模糊的身影	[派] dimly ad.昏暗地<br>[近] dark a.昏暗的	中频词 Word List 10	300
dock	dɒk	n.[C]码头 v.停靠码头	de-向下；否定；离开；去掉；分离；整个的；加强意义		get to the dock 去码头国<br>head for the dock 朝码头走去	[派] docker n.码头工人<br>[近] pier n.码头	中频词 Word List 10	301
drill	drɪl	v.钻 (孔 L) n. [C] 钻; [C, U] 训练	de-向下；否定；离开；去掉；分离；整个的；加强意义		drill a series of holes 钻一串孔<br>drill through ice 钻穿冰层	[近] training n. 训练	中频词 Word List 10	301
drown	draʊn	vt.淹没 v.（使）淹死	de-向下；否定；离开；去掉；分离；整个的；加强意义		drown many cities 淹没许多城市国<br>drown one's voice 淹没某人的声音	[近] flood v.淹没	中频词 Word List 10	301
eager	ˈiːgə(r)	a.渴望的；急切的；热切的	de-向下；否定；离开；去掉；分离；整个的；加强意义		be eager for……<br>be eager to do sth.渴望做某事	[派] eagerness n. 渴望<br>[近] keen a.渴望的	中频词 Word List 10	301
fleet	fliːt	n.[C] 舰队；船队；车队	de-向下；否定；离开；去掉；分离；整个的；加强意义		an enemy fleet 敌人的舰队<br>raise a fleet 组建一支舰队	[近] armada n.舰队	中频词 Word List 10	301
fond	fɒnd	a.喜爱，喜欢；深情的；愉快的	de-向下；否定；离开；去掉；分离；整个的；加强意义		be fond of doing sth.喜爱做某事<br>grow quite fond of sb.越来越喜欢某人	[派] fondly ad.深情地<br>[派] fondness n.喜爱	中频词 Word List 10	301
gamble	ˈgæmbl	v 赌博；以……为赌注；冒险	de-向下；否定；离开；去掉；分离；整个的；加强意义		gamble sth. away 赌光某物<br>gamble at cards 赌纸牌	[派] gambler n. 赌徒<br>[派] gambling n. 赌博	中频词 Word List 10	301
garbage	ˈgɑːbɪdʒ	n.[U] （生活）垃圾；废话	de-向下；否定；离开；去掉；分离；整个的；加强意义		take the garbage away 清理垃圾 團<br>make garbage 产生垃圾	[近]rubbish n.垃圾	中频词 Word List 10	302
gear	giə(r)	n.[常用 pl.]排挡；[U]衣服；设备 vt.使适合	de-向下；否定；离开；去掉；分离；整个的；加强意义		damage the gears 损坏排挡<br>wear the trendy gear 穿新潮的衣服		中频词 Word List 10	302
grasp	grɑːsp	vt.抓紧；理解 n.[sing.]紧抓；理解	de-向下；否定；离开；去掉；分离；整个的；加强意义		grasp one'shand 抓紧某人的手<br>grasp the material 理解材料	[派] grasping a. 贪婪的<br>[近] grip v. 紧抓	中频词 Word List 10	302
grip	grɪp	v.紧抓 n.[sing.]理解；[常用 sing.]紧抓	de-向下；否定；离开；去掉；分离；整个的；加强意义		grip one's arm 紧抓某人的手臂<br>grip on to sth. 紧抓某物	[派] gripping a. 吸引人的<br>[近] grasp n.紧抓	中频词 Word List 10	302
hack	hæk	v.非法侵入；劈	de-向下；否定；离开；去掉；分离；整个的；加强意义		hack a device 入侵设备<br>hack into…非法侵入……	[近] chop v. 劈	中频词 Word List 10	302
hail	heɪl	vt.称赞；叫（出租车）n.[U] 冰霍	de-向下；否定；离开；去掉；分离；整个的；加强意义		hail……<br>be hailed a hero 被誉为英雄	[近] hailstone n.電块	中频词 Word List 10	302
halt	hɔːlt	v.（使）停止，停下 n.[sing.]停止	de-向下；否定；离开；去掉；分离；整个的；加强意义		halt production 停产国<br>halt operation 停止操作	[派] halting a.断断续续的<br>[近] stop v.（使）停止	中频词 Word List 10	302
hazard	ˈhæzəd	n.[C]危险；危害 vt.使冒风险	de-向下；否定；离开；去掉；分离；整个的；加强意义		a potential hazard 潜在的危险<br>a hazard of…的危害	[派]hazardous a.危险的<br>[近] danger n.危险	中频词 Word List 10	302
hell	hel	n.[sing.]地狱；[sing., U]悲惨的境况，令人痛苦的境况	de-向下；否定；离开；去掉；分离；整个的；加强意义		become hell 成为地狱<br>a road to hell 通往地狱之路	[派]hellish a.地狱般的	中频词 Word List 10	303
hint	hɪnt	n.[C] 暗示；[常用 sing.] 少许 v.暗示	de-向下；否定；离开；去掉；分离；整个的；加强意义		drop a hint to sb. 给某人一点暗示<br>take a hint 领会暗示	[近] imply vt.暗示	中频词 Word List 10	303
hunger	ˈhʌŋgə(r)	n.[U] 饥饿；[sing.] 渴望 vi.渴望	de-向下；否定；离开；去掉；分离；整个的；加强意义		face hunger 面临饥饿<br>die of hunger 饿死	[近]starvation n.饥饿	中频词 Word List 10	303
jail	dʒeɪl	n. [C, U] 监狱 vt. 监禁	de-向下；否定；离开；去掉；分离；整个的；加强意义		escape from a jail 越狱<br>put sb.into jail 把某人关进监狱	[派] jailer n.监狱看守<br>[近] prison n.监狱	中频词 Word List 10	303
lag	læg	vi.落后 vt.给（屋顶、水管或水箱）装绝热（防冻） 层 n.[C] 间隔	de-向下；否定；离开；去掉；分离；整个的；加强意义		lag behind 落后<br>begin to lag 开始落后	[派] lagging n.隔热材料<br>[近] trail v.落后	中频词 Word List 10	303
lamp	læmp	n.[C] 灯	de-向下；否定；离开；去掉；分离；整个的；加强意义		a desk lamp 一盏台灯<br>switch on a lamp 开灯	[近] light n.灯	中频词 Word List 10	303
lane	leɪn	n.[C] （乡间)小路；小巷；车道	de-向下；否定；离开；去掉；分离；整个的；加强意义		a muddy lane 泥泞的小路<br>walk down a lane 沿着小路散步	[近] driveway n.私人车道	中频词 Word List 10	303
lawn	lɔːn	n.[C]草坪	de-向下；否定；离开；去掉；分离；整个的；加强意义		a robotic lawn mower 自动割草机<br>mow a lawn 修剪草坪	[近] grass n. 草坪	中频词 Word List 10	304
marathon	ˈmærəθən	n.[C]马拉松赛跑 a.马拉松式的	de-向下；否定；离开；去掉；分离；整个的；加强意义		a marathon runner 马拉松选手<br>hold a marathon 举行马拉松比赛	[派]marathonern.马拉松赛跑者	中频词 Word List 10	304
myth	mɪθ	n.[C,U] 神话；荒诞的说法	de-向下；否定；离开；去掉；分离；整个的；加强意义		a hero of myth 神话中的英雄<br>a creation myth 创世神话	[派] mythical a.神话的	中频词 Word List 10	304
neat	niːt	a.简洁的；整洁的；整齐的；利索的	de-向下；否定；离开；去掉；分离；整个的；加强意义		a neat explanation 简洁的解释<br>keep clothes neat 保持衣服整洁	[派] neatly ad.整洁地<br>[近] tidy a.整洁的	中频词 Word List 10	304
needle	ˈniːdl	n.[C]针；注射针；指针	de-向下；否定；离开；去掉；分离；整个的；加强意义		thread a needle 穿针<br>a hooked needle 钩针		中频词 Word List 10	304
palm	pɑːm	n.[C] 手掌；棕榈树	de-向下；否定；离开；去掉；分离；整个的；加强意义		a sweaty palm 满是汗水的手掌<br>read ones palm 给某人看手相	[派] palm ate a.手掌状的	中频词 Word List 10	304
pierce	pɪəs	v.扎；穿透；突破	de-向下；否定；离开；去掉；分离；整个的；加强意义		pierce a hole 扎洞<br>pierce the heavy mist 穿透浓雾	[派] piercing a.尖利的<br>[近] prick vt.扎	中频词 Word List 10	304
pin	pɪn	n.[C] 别针；胸针 vt.钉住；把……归罪于	de-向下；否定；离开；去掉；分离；整个的；加强意义		use a pin to do sth.用别针做某事<br>wear a pin 佩戴胸针	[近]brooch n.胸针	中频词 Word List 10	304
faith	feɪθ	n.[U] 信心；信任；宗教信仰	de-向下；否定；离开；去掉；分离；整个的；加强意义		have faith in…对…有信心<br>have full faith 有充分的信任	[派]faithful a.忠诚的<br>[近] belief n.信心	中频词 Word List 10	305
sharp	ʃɑːp	a.尖的；锋利的；急剧的;鲜明的	de-向下；否定；离开；去掉；分离；整个的；加强意义		an extremely sharp needle 极尖的针<br>a sharp knife 锋利的刀	[派] sharply ad. 尖刻地<br>[反]blunt a.不锋利的	中频词 Word List 10	305
fame	feɪm	n.[U]名声，名气；声誉	de-向下；否定；离开；去掉；分离；整个的；加强意义		gain great fame 名声大振<br>bring sb. fame 给某人带来名声	[派]famous a.著名的	中频词 Word List 10	305
grave	greɪv	a.严重的 n.[C]墓穴；[sing.]逝世	de-向下；否定；离开；去掉；分离；整个的；加强意义		a grave threat 严重的威胁图<br>a grave crisis 严重的危机	[派] gravely ad.严重地<br>[近]serious a.严重的	中频词 Word List 10	305
vague	veɪg	a.模糊的；朦胧的； 不明确的	de-向下；否定；离开；去掉；分离；整个的；加强意义		a vague term 模糊的术语<br>a vague impression 模糊的印象	[派]vaguely ad.含糊地<br>[近] misty a.模糊的	中频词 Word List 10	305
idol	ˈaɪdl	n.[C] 偶像	de-向下；否定；离开；去掉；分离；整个的；加强意义		idol worship 偶像崇拜<br>a pop idol 流行音乐偶像	[派] idolize vt.崇拜<br>[近] heron.偶像	中频词 Word List 10	305
olive	ˈɒlɪv	n.[C] 橄榄 a.黄褐色的	de-向下；否定；离开；去掉；分离；整个的；加强意义		olive oil 橄榄油<br>an olive branch 橄榄枝		中频词 Word List 10	305
fare	feə(r)	n.[C,U] （公共汽车、火车、飞机等的）票价；[U] 饭菜	de-向下；否定；离开；去掉；分离；整个的；加强意义		a single fare 单程车费<br>an additional fare 额外的车费	[近] feen.费	中频词 Word List 10	306
gross	grəʊs	a.总的；毛的；严重的	de-向下；否定；离开；去掉；分离；整个的；加强意义		gross earnings 总收入<br>gross weight 毛重	[近]serious a.严重的	中频词 Word List 10	306
iron	ˈaɪən	n.[U] 铁；熨斗 a.坚强的	de-向下；否定；离开；去掉；分离；整个的；加强意义		iron ore 铁矿石<br>an iron gate 铁门	[近] tough a.坚强的	中频词 Word List 10	306
lens	lenz	n.[C] 透镜；镜头	de-向下；否定；离开；去掉；分离；整个的；加强意义		a reliable lens 可靠的透镜<br>the lens of a microscope 显微镜的透镜		中频词 Word List 10	306
opt	ɒpt	v.选择	de-向下；否定；离开；去掉；分离；整个的；加强意义		opt todos th.选择做某事<br>opt out 选择退出	[派]option n.选择<br>[近]choose v.选择	中频词 Word List 10	306
pan	pæn	n. [C] 烤盘; 锅； 一锅的量	de-向下；否定；离开；去掉；分离；整个的；加强意义		a cake pan 蛋糕烤盘<br>a frying pan 煎锅	[近]pot n.锅	中频词 Word List 10	306
port	pɔːt	n.[C, U] 港口	de-向下；否定；离开；去掉；分离；整个的；加强意义		a safe port 安全的港口<br>a discharging port 卸货港	[派] portal n.壮观的大门<br>[近]harbour n.港口	中频词 Word List 10	306
verge	vɜːdʒ	vi.濒于 n.[C]绿地；边缘	de-向下；否定；离开；去掉；分离；整个的；加强意义		verge on…于…<br>a grass verge 长草的路边	[近] margin n. 边缘<br>[近]brink n.边缘	中频词 Word List 10	306
bore	bɔː(r)	vt.使厌烦 vi.盯着看 n.[C]令人厌烦的人	de-向下；否定；离开；去掉；分离；整个的；加强意义		bore sb.with sth.用某物烦某人<br>bores b.to death 使某人厌烦至极	[派] boring a. 没趣的<br>[近]starevi 盯着看	中频词 Word List 10	307
cute	kjuːt	a.可爱的；漂亮迷人的；精明的	de-向下；否定；离开；去掉；分离；整个的；加强意义		a cute animal 可爱的动物<br>be kind of cute 有几分可爱	[派 cuteness n.可爱<br>[近] lovely a.可爱的	中频词 Word List 10	307
dose	dəʊs	n.[C]（药的）一剂；一次 vt.给（某人）服药	de-向下；否定；离开；去掉；分离；整个的；加强意义		in large doses 大剂量地園<br>a good dose of willpower 强大的意志力		中频词 Word List 10	307
patrol	pəˈtrəʊl	n.[C,U] 巡逻 v.巡逻	de-向下；否定；离开；去掉；分离；整个的；加强意义		a police patrol 警察巡逻團<br>on patrol 巡逻中		中频词 Word List 10	307
sniff	snɪf	vi.抽鼻子 v.闻，嗅 n.[C] 闻	de-向下；否定；离开；去掉；分离；整个的；加强意义		sniff loudly 大声地抽着鼻子<br>sniff arose 闻玫瑰	[派] sniffy a. 轻蔑的<br>[近] smell vt.嗅到	中频词 Word List 10	307
tube	tjuːb	n.[C] 管，管子	de-向下；否定；离开；去掉；分离；整个的；加强意义		a test tube 试管<br>a stainless steel tube 不锈钢管	[派]tuba la.输卵管的<br>[近] pipe n.管子	中频词 Word List 10	307
pine	paɪn	n.[C,U] 松树 vi.苦苦思念	de-向下；否定；离开；去掉；分离；整个的；加强意义		a pine forest 松树林<br>a pine species 松树树种		中频词 Word List 10	307
pledge	pledʒ	n.[C] 保证；诺言 vt.正式承诺；用……抵押	de-向下；否定；离开；去掉；分离；整个的；加强意义		a public pledge 公开保证<br>emissions reduction pledges 减排承诺	[近]commitment n.保证<br>[近] promise v.承诺	中频词 Word List 10	307
plug	plʌg	n.[C] 插头；塞子 vt.封堵；填补	de-向下；否定；离开；去掉；分离；整个的；加强意义		an electric plug 电源插头<br>pull out a plug 拔起塞子		中频词 Word List 10	308
poison	ˈpɔɪzn	n.[C,U] 毒素；毒药 vt.毒害；污染	de-向下；否定；离开；去掉；分离；整个的；加强意义		a deadly poison 致命毒素<br>addictive poison 上瘾的毒药图	[派] poisonous a.有毒的<br>[近] pollute vt.污染	中频词 Word List 10	308
pour	pɔː(r)	vt. 倒 vi. 倾泻;涌出	de-向下；否定；离开；去掉；分离；整个的；加强意义		pours th……into…把某物倒入……<br>pour sth.away 倒掉某物	[近]stream v.流出	中频词 Word List 10	308
reap	riːp	vt.获得 v.收割（庄家）	de-向下；否定；离开；去掉；分离；整个的；加强意义		reap many benefits 获得许多好处<br>reap economic growth 获得经济增长	[派] reaper n.收割者<br>[近]harvest v.收割（庄稼）	中频词 Word List 10	308
rough	rʌf	a.粗糙的；粗略的；大致的；艰难的	de-向下；否定；离开；去掉；分离；整个的；加强意义		a rough surface 粗糙的表面<br>a rough guess 粗略估计	[派] roughly ad. 大致<br>[反]smooth a.平坦的	中频词 Word List 10	308
rug	rʌg	n.[C] 小地毯；厚毯子	de-向下；否定；离开；去掉；分离；整个的；加强意义		a hearth rug 壁炉前的小地毯<br>spread a rug 铺地毯		中频词 Word List 10	308
scan	skæn	v.浏览 vt.扫描；细看	de-向下；否定；离开；去掉；分离；整个的；加强意义		scan a highlight 浏览热点国<br>scan t.h rough…浏览……	[派] scanner n.扫描器<br>[近]browse v.浏览	中频词 Word List 10	308
scratch	skrætʃ	v.挠；划伤 n.[C]划伤	de-向下；否定；离开；去掉；分离；整个的；加强意义		scratch at……<br>scratch sb.on s th.用某物划伤某人	[派] scratchy a.（衣物等）扎人的	中频词 Word List 11	309
scatter	ˈskætə(r)	v.散开 vt.撒，撒播 n.[常用 sing.]零星散落	de-向下；否定；离开；去掉；分离；整个的；加强意义		scatter a flock of birds 驱散鸟群<br>scatter in all directions 分散在各个方向	[派]scattered a.分散的<br>[近] disperse v.散开	中频词 Word List 11	309
shallow	ˈʃæləʊ	a.浅的;肤浅的; （呼吸）弱的	de-向下；否定；离开；去掉；分离；整个的；加强意义		shallow water 浅水<br>a shallow life 肤浅的生活	[近] superficial a. 肤浅的<br>[反] deep a. 深的	中频词 Word List 11	309
sheer	ʃɪə(r)	a.陡峭的；纯粹的；十足的 vi.突然转向	de-向下；否定；离开；去掉；分离；整个的；加强意义		sheer rock sides 陡峭的岩石边<br>a sheer number 纯粹的数字	[近]utter a.十足的	中频词 Word List 11	309
shelter	ˈʃeltə(r)	n.[C] 避难所；[U] 住所 vt.保护 vi.躲避	de-向下；否定；离开；去掉；分离；整个的；加强意义		a winter shelter 冬季避难所<br>safe shelter 安全的住处	[派]sheltered a.有遮蔽物的<br>[近]have nn.避难所	中频词 Word List 11	309
shock	ʃɒk	n.[常用 sing, U]震惊；[U] 休克 vt.使震惊	de-向下；否定；离开；去掉；分离；整个的；加强意义		come asa shock 让人震惊<br>recover from the shock 从震惊中恢复过来	[派]shocked a.震惊的<br>[近]astound vt.使震惊	中频词 Word List 11	310
shrink	ʃrɪŋk	v.（使）缩小，收缩 vi.避开	de-向下；否定；离开；去掉；分离；整个的；加强意义		shrink the market 缩小市场<br>shrink rapidly 迅速缩小	[派] shrinkage n. 缩小<br>[近]contract v.缩小	中频词 Word List 11	310
shut	ʃʌt	v.关闭	de-向下；否定；离开；去掉；分离；整个的；加强意义		shut the door 关门<br>shutdown 关闭	[派]shutter n.百叶窗<br>[近]close v.关闭	中频词 Word List 11	310
sketch	sketʃ	n.[C]草图 v.画素描 vt.概述	de-向下；否定；离开；去掉；分离；整个的；加强意义		make a sketch 绘制草图<br>sketch a view 素描景色	[派] sketchy a.粗略的<br>[近]outline vt.概述	中频词 Word List 11	310
skip	skɪp	v.跳过，略过 vt.不做	de-向下；否定；离开；去掉；分离；整个的；加强意义	skip the next chapter 跳过下一章<br>skip out 跳过<br>skip over a detail 略过细节<br>skip school 逃学		[近] jump vt.跳过	中频词 Word List 11	310
slide	slaɪd	v.滑动 n.[C]幻灯片	de-向下；否定；离开；去掉；分离；整个的；加强意义		slide the door open 滑开门<br>slide down 滑下	[派]slider n.滑杆	中频词 Word List 11	310
slight	slaɪt	a.轻微的；瘦小的；不足道的	de-向下；否定；离开；去掉；分离；整个的；加强意义		slight inattention 轻微疏忽<br>slight risk 轻微的风险		中频词 Word List 11	310
soak	səʊk	v.浸泡 vt.使湿透	de-向下；否定；离开；去掉；分离；整个的；加强意义		soaks th.off 浸掉某物<br>soak through sth.浸透某物	[派]soaking a.湿透的<br>[近]drench vt.使湿透	中频词 Word List 11	310
souvenir	ˌsuːvəˈnɪə(r)	n.[C]纪念品	de-向下；否定；离开；去掉；分离；整个的；加强意义		a precious souvenir 珍贵的纪念品<br>a souvenir of travel 旅行纪念品	[近]memento n.纪念品	中频词 Word List 11	311
spur	spɜː(r)	vt.激励；推动，促进；刺激	de-向下；否定；离开；去掉；分离；整个的；加强意义		spurs b.todos th.激励某人做某事<br>spur the development 推动发展	[近]motivate vt.激励<br>[近]stimulate vt.刺激	中频词 Word List 11	311
spy	spaɪ	n.[C] 间谋 vi.收集情报	de-向下；否定；离开；去掉；分离；整个的；加强意义		a foreign spy 外国间谍<br>a spy agency 间谍机构		中频词 Word List 11	311
stake	steɪk	n.[C] 桩；股份；[sing.] 利害关系 vt.以……打赌	de-向下；否定；离开；去掉；分离；整个的；加强意义		a wooden stake 木桩<br>hold as take 拥有股份	[近]share n.股份<br>[近] be tv.用……打赌	中频词 Word List 11	311
steal	stiːl	v.窃取，偷 vi.偷偷地（或悄悄地）移动	de-向下；否定；离开；去掉；分离；整个的；加强意义		steal an account number 盗取账户号码<br>steal money 偷钱	[派]stealth n.秘密行动	中频词 Word List 11	311
steep	stiːp	a.陡峭的；急剧的；过高的	de-向下；否定；离开；去掉；分离；整个的；加强意义		a steep cliff 陡峭的悬崖<br>a steep decline in……的急跌	[近]she era.陡峭的<br>[近] sharp a.急剧的	中频词 Word List 11	311
straight	streɪt	a.直的，笔直的 ad.直接	de-向下；否定；离开；去掉；分离；整个的；加强意义		a straight line 直线<br>long straight dark hair 又长又直的黑发	[派]straighten v.（使）变直<br>[近]direct a.笔直的	中频词 Word List 11	311
strange	streɪndʒ	a.奇怪的，奇特的；陌生的，不熟悉的	de-向下；否定；离开；去掉；分离；整个的；加强意义		a strange feeling 奇怪的感觉<br>a strange way 奇特的办法	[派] stranger n.陌生人<br>[近] odd a.奇怪的	中频词 Word List 11	312
stream	striːm	n.[C]小溪；股；源源不断；（车或人）流	de-向下；否定；离开；去掉；分离；整个的；加强意义		a crystal stream 清激的溪水<br>a stream of smoke 一股烟	[近] brook n. 小溪<br>[近] creek n.小溪	中频词 Word List 11	312
stretch	stretʃ	v.伸展 vi. 绵延;延续 n.[C] 一片	de-向下；否定；离开；去掉；分离；整个的；加强意义		stretch leg muscles 伸展腿部肌肉<br>stretch to the horizon 绵延到地平线	[派] stretcher n. 担架<br>[近]extend v.伸展	中频词 Word List 11	312
strike	straɪk	n.[C,U] 罢工 vi.攻击；罢工	de-向下；否定；离开；去掉；分离；整个的；加强意义		a strike against…反对……的工<br>take strike action 采取罢工行动	[派]striker n.罢工者	中频词 Word List 11	312
strip	strɪp	vt.除去；剥夺 n.[C]条；带	de-向下；否定；离开；去掉；分离；整个的；加强意义		strip sth.off 把某物除去<br>strip one's right 剥夺某人的权利	[近]band n.带	中频词 Word List 11	312
stripe	straɪp	n.[C]条纹；线条	de-向下；否定；离开；去掉；分离；整个的；加强意义		a spiral stripe 螺线条纹<br>vertical stripes 竖条纹	[派] strip y a. 有条纹的<br>[近] line n.线条	中频词 Word List 11	312
stroke	strəʊk	n.[C]中风；击球（动作）；一下子 vt.轻抚	de-向下；否定；离开；去掉；分离；整个的；加强意义		be caused by a stroke 由中风引起<br>a beautiful stroke 漂亮的击球动作		中频词 Word List 11	312
super	ˈsuːpə(r)	a.超级的 ad.格外	de-向下；否定；离开；去掉；分离；整个的；加强意义		a super tropical storm 超级热带风暴<br>a super state 超级大国		中频词 Word List 11	312
surf	sɜːf	n.[U]激浪，拍岸浪花 vi.冲浪运动 vt.（互联网上）冲浪	de-向下；否定；离开；去掉；分离；整个的；加强意义		the thunder of the surf 激浪的轰隆声<br>run into the surf 奔向海浪	[派]surfer n.冲浪者<br>[派] surfing n. 冲浪	中频词 Word List 11	313
sweep	swiːp	v.清扫；席卷，横扫	de-向下；否定；离开；去掉；分离；整个的；加强意义		sweep the leaves 清扫落叶<br>sweep up 清扫干净	[派]sweeper n.清扫者<br>[近]clean v.打扫	中频词 Word List 11	313
swing	swɪŋ	v.摇摆；改变（意见、情绪等）n.[C]（意见或情绪的）改变	de-向下；否定；离开；去掉；分离；整个的；加强意义		swing a bottle of wine 摇晃酒瓶<br>swing higher and higher 越荡越高		中频词 Word List 11	313
tape	teɪp	n.[C] （盒式) 录像带；[U] 磁带 v.录制 vt.用带子系紧	de-向下；否定；离开；去掉；分离；整个的；加强意义		play a tape 放录像<br>run the tape 播放磁带		中频词 Word List 11	313
throat	θrəʊt	n.[C] 咽喉，嗓子，喉部	de-向下；否定；离开；去掉；分离；整个的；加强意义		an inflamed throat 咽喉发炎<br>a severe sore throat 严重的咽痛	[派] throaty a. 低沉的	中频词 Word List 11	313
tin	tɪn	n.[C]罐；罐头；金属罐；[U]锡	de-向下；否定；离开；去掉；分离；整个的；加强意义		two tins of tomatoes 两罐番茄<br>a sardine tin 沙丁鱼罐头	[派]tinneda.罐装的<br>[近] pot n.罐	中频词 Word List 11	313
tissue	ˈtɪʃuː	n.[U] （人、动植物细胞的)组织；[C] 纸巾	de-向下；否定；离开；去掉；分离；整个的；加强意义		dried-out tissues 干枯的组织<br>plant tissues 植物组织		中频词 Word List 11	313
weave	wiːv	v.编，织；穿行 vt.编造	de-向下；否定；离开；去掉；分离；整个的；加强意义		weave A from B 用 B 编织 A<br>weave cloth 织布	[派]weaver n.编织工	中频词 Word List 11	313
weed	wiːd	n.[C]杂草 v.除草	de-向下；否定；离开；去掉；分离；整个的；加强意义		dig up weeds 除草<br>pull weeds 除草		中频词 Word List 11	314
weep	wiːp	v.哭泣，流泪 n.[sing.]哭泣	de-向下；否定；离开；去掉；分离；整个的；加强意义		weep bitter tears 痛哭流涕<br>weep tears of joy 喜极而泣	[派] weeper n. 哭泣者<br>[近]cry v.哭泣	中频词 Word List 11	314
whistle	ˈwɪsl	n.[C] 哨子；口哨；汽笛声；口哨声	de-向下；否定；离开；去掉；分离；整个的；加强意义		blow a whistle 吹哨子<br>give a low whistle 轻轻地吹口哨	[派]whistler n.吹哨的人	中频词 Word List 11	314
wound	wuːnd	n.[C]伤口；创伤 vt.伤害	de-向下；否定；离开；去掉；分离；整个的；加强意义		heal wounds 治愈伤口<br>a head wound 头伤園	[派]wounded a.受伤的<br>[近] cut n.伤口	中频词 Word List 11	314
blow	bləʊ	v.吹；刮	de-向下；否定；离开；去掉；分离；整个的；加强意义		blow a whistle 吹哨子<br>blow off the steam 吹走热气	[派]blower n.吹风机	中频词 Word List 11	314
butt	bʌt	n.[C]屁股；（武器或工具）较粗的一端；烟头 vt.（用头）撞	de-向下；否定；离开；去掉；分离；整个的；加强意义		the butts of cows 牛的屁股<br>the but tend of the club 棒子较粗的一端	[近] hit vt.撞	中频词 Word List 11	314
chamber	ˈtʃeɪmbə(r)	n.[C]议院；腔；会议厅；（作特殊用途的）房间	de-向下；否定；离开；去掉；分离；整个的；加强意义		the Lower/Upper Chamber 下 / 上议院<br>the chambers of the heart 心腔	[派]chambered a.有房间的	中频词 Word List 11	314
chapel	ˈtʃæpl	n.[C]小教堂；[U]宗教仪式	de-向下；否定；离开；去掉；分离；整个的；加强意义		marry in a chapel 在小教堂里结婚<br>enter a chapel 走进小教堂	[近]church n.教堂	中频词 Word List 11	314
clerk	klɑːk	n.[C] 文员；职员 vi.做文书工作	de-向下；否定；离开；去掉；分离；整个的；加强意义		a nation of clerks 文员国家<br>an administration clerk 行政文员	[派]clerical a.办公室工作的	中频词 Word List 11	315
dean	diːn	n.[C]（大学或学院的）院长；系主任	de-向下；否定；离开；去掉；分离；整个的；加强意义		the former dean 前任院长<br>an associate dean 副院长		中频词 Word List 11	315
dime	daɪm	n.[C]（美国、加拿大的）十分硬币，十分钱	de-向下；否定；离开；去掉；分离；整个的；加强意义		discover a dime 发现一枚十分硬币<br>a few thousand dimes 几千块钱		中频词 Word List 11	315
ditch	dɪtʃ	vt.丢弃 v.（使）紧急迫降 n.[C] 沟渠	de-向下；否定；离开；去掉；分离；整个的；加强意义		ditch a sofa bed 丢弃沙发床<br>ditch a jet 紧急迫降喷气式飞机	[近] discard vt.丢弃<br>[近]channel n.沟渠	中频词 Word List 11	315
flock	flɒk	n.[C]（鸟、羊）群；一大批 vi.聚集，蜂拥	de-向下；否定；离开；去掉；分离；整个的；加强意义		a flock of…一群……<br>flocks of famous writers 大批知名作家	[近]crowd vi.聚集	中频词 Word List 11	315
imperial	ɪmˈpɪəriəl	a.帝国的；皇帝的	de-向下；否定；离开；去掉；分离；整个的；加强意义		the imperial capitalism 帝国资本主义<br>the imperial system 帝制	[派] imperialist n. 帝国主义者<br>[派] imperialism n.帝国主义	中频词 Word List 11	315
loop	luːp	n.[C] 圈；循环 vt.使绕成圈 vi.成环形运动	de-向下；否定；离开；去掉；分离；整个的；加强意义		a loop of wire 一图电线<br>climate feedback loop 气候反馈循环	[派] loopy a.失去理智的	中频词 Word List 11	315
oven	ˈʌvn	n.[C]烤箱	de-向下；否定；离开；去掉；分离；整个的；加强意义		a pizza oven 比萨烤箱<br>takes th.out of an oven 从烤箱中取出某物	[派]oven war en.烤盘	中频词 Word List 11	315
plead	pliːd	vi.乞求，恳求 vt.认罪；为……辩护	de-向下；否定；离开；去掉；分离；整个的；加强意义		plead for mercy 乞求宽怒<br>plead with sb.to do sth.恳求某人做某事		中频词 Word List 11	316
poise	pɔɪz	v.使稳定；抓紧	de-向下；否定；离开；去掉；分离；整个的；加强意义		recover poise 恢复镇定<br>lack poise 缺乏优雅举止	[派]poised a.蓄势待发	中频词 Word List 11	316
prey	preɪ	n.[sing., U] 猎物 vi.捕食	de-向下；否定；离开；去掉；分离；整个的；加强意义		stalk a prey 跟踪猎物<br>attack a prey 攻击猎物		中频词 Word List 11	316
cruel	ˈkruːəl	a.残酷的；残忍的	de-向下；否定；离开；去掉；分离；整个的；加强意义		a cruel punishment 残酷的惩罚<br>the cruel laws of…残酷的……原理	[派]cruelly ad.残酷地<br>[反] kind a.友好的	中频词 Word List 11	316
zip	zɪp	n.[C] 拉链 vt.拉上……的拉链 vi.快速移动	de-向下；否定；离开；去掉；分离；整个的；加强意义		pull a zip 拉上拉链<br>zip codes 邮政编码	[派] zippy a.迅捷的	中频词 Word List 11	316
sink	sɪŋk	v.（使) 下沉，下陷 vi.倒下 n.[C] 洗涤池	de-向下；否定；离开；去掉；分离；整个的；加强意义		sink the enemy’s ship 击沉敌船<br>sink into…陷进…	[派] sinking a.颓丧的<br>[近] dip vi 下沉	中频词 Word List 11	316
slump	slʌmp	vi.骤降；重重地坐下 n.[C]猛跌；衰退	de-向下；否定；离开；去掉；分离；整个的；加强意义		slump to…骤降至……<br>slump down 重重地跌坐	[近] drop v 降低<br>[近] decline n.衰退	中频词 Word List 11	316
spark	spɑːk	n.[C] 火花 vt.引发，触发 vi.冒火花	de-向下；否定；离开；去掉；分离；整个的；加强意义		a shower of sparks 无数火花<br>spark a shift.to…引发…的转变	[派] sparkling a.闪烁的	中频词 Word List 11	316
split	splɪt	v.（使）分裂；分配；分开（成为几个部分）a.分裂的	de-向下；否定；离开；去掉；分离；整个的；加强意义		split the church 分裂教会<br>split teaching time 分配教学时间	[派]splitting a.（头痛）欲裂的<br>[近]divide v.（使）分开	中频词 Word List 11	317
sway	sweɪ	v.摇摆 vt.影响 n.[U] 影响	de-向下；否定；离开；去掉；分离；整个的；加强意义		s way one'ships 扭动屁股<br>s way in harmony 和谐地摆动	[近]swing v.摇摆<br>[近] influence vt.影响	中频词 Word List 11	317
threshold	ˈθreʃhəʊld	n.[C] 门槛；起始点；[常用 sing.] 开端	de-向下；否定；离开；去掉；分离；整个的；加强意义		the threshold for……的门槛<br>a repayment threshold 起偿点国	[近] beginning n.开端	中频词 Word List 11	317
wither	ˈwɪðə(r)	v.（使）枯萎 vi.破灭	de-向下；否定；离开；去掉；分离；整个的；加强意义		with era bud 使幼苗枯萎<br>begin to wither 开始枯萎	[派]withered a.枯萎的	中频词 Word List 11	317
shark	ʃɑːk	n.[C] 鲨鱼	de-向下；否定；离开；去掉；分离；整个的；加强意义		a shark sanctuary 鲨鱼保护区<br>a prehistoric shark 史前的鲨鱼		中频词 Word List 11	317
dazzle	ˈdæzl	v.（使）目眩 vt.使眼花缭乱 n.[sing., U] 耀眼	de-向下；否定；离开；去掉；分离；整个的；加强意义		dazzle one's eyes 使某人目眩<br>be dazzled by sth. 某物让人眼花缭乱	[派] dazzling a.耀眼的	中频词 Word List 11	317
dwarf	dwɔːf	n.[C] 小矮人；侏儒 a.矮小的 vt.使相形见出	de-向下；否定；离开；去掉；分离；整个的；加强意义		seven dwarfs 七个小矮人<br>a dumb dwarf 哑巴侏儒	[派]dwarfism n.侏儒症<br>[近] manikin n.小矮人	中频词 Word List 11	317
foe	fəʊ	n.[C]敌人	de-向下；否定；离开；去掉；分离；整个的；加强意义		an implacable foe 不共戴天的敌人<br>a powerful foe 强大的敌人	[近] enemy n.敌人	中频词 Word List 11	318
foul	faʊl	a.污浊的；恶劣的；邪恶的 n.[C] 犯规	de-向下；否定；离开；去掉；分离；整个的；加强意义		foul air 污浊的空气<br>foul weather 恶劣的天气	[派] foully ad.卑鄙地<br>[近] evil a.邪恶的	中频词 Word List 11	318
groan	grəʊn	vi.哼哼；抱怨 n.[C]呻吟	de-向下；否定；离开；去掉；分离；整个的；加强意义		groan with pleasure 愉快地哼哼<br>groan about sth.抱怨某事	[近] moan n. 呻吟	中频词 Word List 11	318
grope	grəʊp	v.摸索而行 vi 搜寻；探索	de-向下；否定；离开；去掉；分离；整个的；加强意义		grope ones way across…摸索着穿过……<br>grope towards…摸索着朝……走	[近] explore vt.探索	中频词 Word List 11	318
hamper	ˈhæmpə(r)	vt.阻碍；束缚；牵制 n.[C] （尤指装食品用的）带盖大篮	de-向下；否定；离开；去掉；分离；整个的；加强意义		hamper the development 阻碍发展<br>hamper an economy 束缚经济	[近]hinder vt.阻碍	中频词 Word List 11	318
hop	hɒp	vi.单脚跳行，跳跃 n.[C]短途快速旅程（乘飞机）	de-向下；否定；离开；去掉；分离；整个的；加强意义		hop down 单脚跳下<br>hop from Ato B 从 A 跳到 B	[派]hopper n.漏斗<br>[近] jump v.跳跃	中频词 Word List 11	318
hurl	hɜːt	vt.猛扔，猛掷；大声说出（辱骂或斥责等）	de-向下；否定；离开；去掉；分离；整个的；加强意义		hurl a rock 扔石块<br>hurl s th into…把某物扔进…	[派] hurlern.投掷者<br>[近]throw v.扔	中频词 Word List 11	318
hurricane	ˈhʌrɪkən	n.[C] 凤风	de-向下；否定；离开；去掉；分离；整个的；加强意义		successive hurricanes 连续的飓风<br>a severe hurricane 猛烈的飓风	[近] typhoon n.台风<br>[近]storm n.风暴	中频词 Word List 11	318
loom	luːm	vi 令人惊恐地隐现；迫近 n.[C]织布机	de-向下；否定；离开；去掉；分离；整个的；加强意义		loom up 隐现<br>loom ahead 迫在眉睫		中频词 Word List 11	319
lure	luə(r)	n.[常用 sing]诱惑力 vt.诱惑，引丨诱；吸引|	de-向下；否定；离开；去掉；分离；整个的；加强意义		the lure of……的诱惑力<br>lures b.into doings th.诱惑某人做某事	[近] tempt vt.诱惑<br>[近]entice vt.引诱	中频词 Word List 11	319
mow	məʊ	v.割；修剪[mao]n.[C]干草堆	de-向下；否定；离开；去掉；分离；整个的；加强意义		mow down the tall grass 割掉高草<br>mow the lawn 修剪草坪	[派]mower n.割草机<br>[近]cut vt.割	中频词 Word List 11	319
oath	əʊθ	n.[C] 宣誓；咒骂	de-向下；否定；离开；去掉；分离；整个的；加强意义		take a solemn oath 庄严宣誓<br>an oath of office 就职宣誓	[近]v own.誓言	中频词 Word List 11	319
ordeal	ɔːˈdiːl	n.[常用 sing.]磨难；折磨；严酷的考验	de-向下；否定；离开；去掉；分离；整个的；加强意义		a laborious ordeal 艰苦的磨难<br>the ordeal of……的折磨	[近]torture n.折磨	中频词 Word List 11	319
rein	reɪn	n.[常用 pl.]缰绳；[pl.][the~] 控制 v.严格控制	de-向下；否定；离开；去掉；分离；整个的；加强意义		pull on there in s 拉住缰绳<br>handover there in s 交出权力	[近]control vt.控制	中频词 Word List 11	319
bet	bet	v. 下赌注（于)，打赌 n.[C] 赌注	de-向下；否定；离开；去掉；分离；整个的；加强意义		bet money on…用钱下赌注于……<br>beton…对…下赌注	[近] gamble v.打赌<br>[近] stake n.赌注	中频词 Word List 11	319
blend	blend	vt.使混合 vi.融合 n.[C]混合	de-向下；否定；离开；去掉；分离；整个的；加强意义	blend A with B 把 A 和 B 混合<br>blend into surroundings 融入周围环境<br>make…blend together 使…融合在一起<br>a blend of A and B A 与 B 的混合<br>[派]blender n.（食物）搅拌器<br>[近]mix v.（使）混合			中频词 Word List 11	320
blind	blaɪnd	a 失明的；（对某事）视而不见的；盲目的 it 使眼花	de-向下；否定；离开；去掉；分离；整个的；加强意义		go blind 失明<br>turn a blind eye to sth.对某物视而不见	[派] blindly ad. 盲目地<br>[近]dazzle v.使眼花	中频词 Word List 11	320
shatter	ˈʃætə(r)	v.（使）粉碎；破灭	de-向下；否定；离开；去掉；分离；整个的；加强意义		shatter the barrier 粉碎障碍<br>shatter into pieces 摔碎	[派]shattering a.给人以极大打击的<br>[近]fragment v.（使）粉碎	中频词 Word List 11	321
skim	skɪm	v.略读，浏览；掠过 vt.撒去	de-向下；否定；离开；去掉；分离；整个的；加强意义		skim a text 略读文章<br>skim.t.h rough…浏览…	[近] glide vi 掠过	中频词 Word List 11	321
slack	slæk	a.松弛的；萧条的；懈怠的 vi 偷懒	de-向下；否定；离开；去掉；分离；整个的；加强意义		a slack rope 松弛的绳索<br>a slack period 萧条期	[派]slacklyad.松弛地<br>[近]loose a.松弛的	中频词 Word List 11	321
sneak	sniːk	vi.偷偷地走；告状 vt.偷看；偷	de-向下；否定；离开；去掉；分离；整个的；加强意义		sneak out 偷偷溜出去園<br>sneak on sb.告某人的状	[派]sneaking a.暗中的<br>[近]steal v.偷	中频词 Word List 11	321
tub	tʌb	n.[C] 盆;桶；浴缸	de-向下；否定；离开；去掉；分离；整个的；加强意义		a tub of flowers 一盆花<br>a tub of beer 一桶啤酒	[派] tubby a.矮胖的<br>[近]barrel n.桶	中频词 Word List 11	321
yearn	jɜːn	v.渴望，向往	de-向下；否定；离开；去掉；分离；整个的；加强意义		yearn for s th.渴望某物<br>yearn for freedom 渴望自由	[派]yearning n.渴望<br>[近] long v.渴望	中频词 Word List 11	322
stray	streɪ	vi.偏离 a.无主的；散落的	de-向下；否定；离开；去掉；分离；整个的；加强意义	stray from the theme 偏离主题<br>stray into sp.偏离到某处<br>a stray animal 流浪动物<br>stray groceries 散落的食品杂货園			中频词 Word List 11	322
streak	striːk	n.[C]条纹；性格特征；运气 vi.疾驰	de-向下；否定；离开；去掉；分离；整个的；加强意义		a dark streak 黑色条纹<br>an adventurous streak 乐于冒险的性格	[派] streaky a. 有条纹的<br>[近] stripe n.条纹	中频词 Word List 11	322
swamp	swɒmp	n.[C,U]沼泽（地）	de-向下；否定；离开；去掉；分离；整个的；加强意义		a tropical swamp 热带沼泽<br>a motionless swamp 静止的沼泽地	[派] swampy a. 沼泽地的<br>[近] marsh n.沼泽	中频词 Word List 11	322
thrift	θrɪft	n.[U] 节俭；节约;[C] 储蓄银行	de-向下；否定；离开；去掉；分离；整个的；加强意义		the virtue of thrift 节俭的美德<br>the habit of thrift 节俭的习惯	[派]thrift lesS a.浪费的<br>[近] saving n. 节约	中频词 Word List 11	322
thrill	θrɪl	n.[C] 兴奋 vt. 使兴奋	de-向下；否定；离开；去掉；分离；整个的；加强意义		a thrill to do sth.做某事的兴奋感<br>a thrill o……的兴奋感	[派]thriller n.惊险小说<br>[近]excitement n.兴奋	中频词 Word List 11	322
throne	θrəʊn	n.[C] 宝座;[sing.] [the~] 王位	de-向下；否定；离开；去掉；分离；整个的；加强意义		sit on a throne 坐在宝座上<br>come to the throne 即位	[近] kingship n. 王位	中频词 Word List 11	322
tilt	tɪlt	v.（使）倾斜；倾向	de-向下；否定；离开；去掉；分离；整个的；加强意义		tilts th……towards…使某物向…倾斜<br>tilt to……倾斜国	[近] slope vi.倾斜	中频词 Word List 11	322
trek	trek	vi.（尤指徒步）跋涉；徒步旅行 n.[C] 长途跋涉	de-向下；否定；离开；去掉；分离；整个的；加强意义		trek across sp.在某地跋涉<br>trek for three months 跋涉三个月	[近] tramp n.长途步行	中频词 Word List 11	323
barge	bɑːdʒ	v.冲撞；乱闯 n.[C] 驳船	de-向下；否定；离开；去掉；分离；整个的；加强意义		barge one’sway 横冲直撞<br>barge into sb.向某人冲过去		中频词 Word List 11	323
barren	ˈbærən	a.贫瘠的；不毛的；不孕的	de-向下；否定；离开；去掉；分离；整个的；加强意义		turn barren 变得贫痛<br>a stretch of barren land 一片不毛之地	[近]sterile a.贫瘠的；不孕的<br>[近]infertile a.贫瘠的；不孕的	中频词 Word List 11	323
chunk	tʃʌŋk	n.[C]大块；大部分；大量；厚块	de-向下；否定；离开；去掉；分离；整个的；加强意义		floating chunks of ice 大块浮冰<br>a good chunk of time 大部分时间	[派] chunky a.粗重的<br>[近] mass n.大量	中频词 Word List 11	323
crave	kreɪv	vt.渴望；恳求	de-向下；否定；离开；去掉；分离；整个的；加强意义		crave interaction 渴望互动<br>tend to craves th.倾向于渴望某物	[派] craving n.渴望<br>[近] long v. 渴望	中频词 Word List 11	323
trickle	ˈtrɪkl	v.（使） 滴，流；缓慢移动 n.[C]细流	de-向下；否定；离开；去掉；分离；整个的；加强意义		trickle some oil 滴一些油<br>trickle down（尤指钱）由富人向穷人滴流	[近] creep vi.缓慢移动	中频词 Word List 11	323
glamor	ˈglæmə(r)	n.[U]魅力，吸引力	de-向下；否定；离开；去掉；分离；整个的；加强意义		a sense of glamor 一种魅力<br>the infinite glamor 无穷的魅力	[派]glamorous a.富有魅力的<br>[近]charm n.魅力	中频词 Word List 11	323
relic	ˈrelɪk	n.[C]遗物;遗迹	de-向下；否定；离开；去掉；分离；整个的；加强意义		relics of the past 过去的遗物<br>holy relics 圣人遗物	[近] vestige n.遗迹	中频词 Word List 11	324
scrap	skræp	n.[C]碎片；[sing.]丝毫；[U]废品 vt.取消	de-向下；否定；离开；去掉；分离；整个的；加强意义		a scrap of paper 小纸片<br>a scrap of difference 丝毫的差别	[近] fragment n.碎片	中频词 Word List 11	324
scrape	skreɪp	vt.刮掉；削去；蹭破 n.[sing.]刮擦声	de-向下；否定；离开；去掉；分离；整个的；加强意义		scrape A off B 从 B 上刮掉 A<br>scrape bare of soil 削去土壤	[派] scraper n.刮刀<br>[近]scratch v.刮掉	中频词 Word List 11	324
axe	æks	（亦作 ax) n. [C] 斧;[sing.] [the ~] 倒闭 vt. 削减; 开除	de-向下；否定；离开；去掉；分离；整个的；加强意义		an ecological axe 生态的大斧<br>be saved from the axe 得以免遭倒闭		中频词 Word List 11	324
lounge	laʊndʒ	n.[C]侯机厅；客厅 vi.（懒洋洋地）坐	de-向下；否定；离开；去掉；分离；整个的；加强意义		a departure lounge 候机厅<br>stay in a lounge 在客厅里		中频词 Word List 11	324
bone	bəʊn	n.[C] 骨；骨头	de-向下；否定；离开；去掉；分离；整个的；加强意义		a broken bone 断骨<br>a wrist bone 腕骨	[派] bony a.瘦骨鳞的	中频词 Word List 11	324
ferry	ˈferi	n.[C] 渡船 v.渡运；运送	de-向下；否定；离开；去掉；分离；整个的；加强意义		catch a ferry 赶上渡船<br>by ferry 乘渡船	[近] ferryboat n.渡船<br>[近] ship vt. 运送	中频词 Word List 11	324
spray	spreɪ	v. 向……喷洒，喷 n.[C, U] 喷剂；浪花	de-向下；否定；离开；去掉；分离；整个的；加强意义		spray sb. with sth.给某人喷某物<br>spray everywhere 喷得到处都是	[派] sprayer n.喷雾器<br>[近] spritz vt.喷	中频词 Word List 11	324
coupon	ˈkuːpɒn	n.[C]赠券；优惠券；参赛表	de-向下；否定；离开；去掉；分离；整个的；加强意义		an occasional coupon 偶尔的赠券<br>use a coupon 使用优惠券		中频词 Word List 11	325
cuisine	kwɪˈziːn	n.[C,U] 风味；菜肴	de-向下；否定；离开；去掉；分离；整个的；加强意义		Chinese cuisine 中国风味<br>a local cuisine 当地莱肴		中频词 Word List 11	325
mature	məˈtʃʊə(r)	a.成熟的 vi.发育成熟；长成	de-向下；否定；离开；去掉；分离；整个的；加强意义		a mature comedy 成熟的喜剧作品<br>a way to mature 走向成熟的方式	[派] maturity n. 成熟<br>[反]immature a.不成熟的	中频词 Word List 11	325
metro	ˈmetrəʊ	n.[sing.]地铁	de-向下；否定；离开；去掉；分离；整个的；加强意义		a new metro 一条新地铁<br>travel on the metro 乘地铁旅行	[近]subway n.地铁	中频词 Word List 11	325
depth	depθ	n.[C,U] 深（度)；向下的距离；[U] 渊博	de-向下；否定；离开；去掉；分离；整个的；加强意义		measure the depths 测量深度国<br>depth of the water 水深		中频词 Word List 11	325
trap	træp	n.[C] 陷阱；圈套；[常用 sing.]牢笼 vt.使陷入困境	de-向下；否定；离开；去掉；分离；整个的；加强意义		a police trap 警方的陷阱<br>set a trap for sb.给某人设下圈套		中频词 Word List 11	325
ceremony	ˈserəməni	n.[C]典礼，仪式；[U]礼仪	de-向下；否定；离开；去掉；分离；整个的；加强意义		the Oscars ceremony 奥斯卡颁奖典礼<br>a religious ceremony 宗教仪式	[派]ceremonial a.礼仪的	中频词 Word List 11	325
roll	rəʊl	n.[C]卷；一管 v.（使）翻滚；转动	de-向下；否定；离开；去掉；分离；整个的；加强意义		be sold in rolls 论卷销售<br>a roll of mints 一管薄荷糖	[派]roller n.滚筒	中频词 Word List 11	325
scheme	skiːm	n.[C]计划；体制 v.密谋	de-向下；否定；离开；去掉；分离；整个的；加强意义		a trading scheme 交易计划<br>a new scheme 新体制	[近] plot v.密谋	中频词 Word List 11	326
crack	kræk	v.裂开；破解（难题）n.[C]裂纹	de-向下；否定；离开；去掉；分离；整个的；加强意义		crack a bone 骨裂<br>crack in t……成……	[派]cracking n.裂纹<br>[近]fracture v.破裂	中频词 Word List 11	326
vast	vɑːst	a.庞大的；大量的	de-向下；否定；离开；去掉；分离；整个的；加强意义		avaststudy 大规模研究<br>vast darkness 茫茫黑暗国	[派]vastly ad.非常<br>[近] huge a.巨大的	中频词 Word List 11	326
wrap	ræp	vt……包；用……包裹 v.（使文字）换行	de-向下；否定；离开；去掉；分离；整个的；加强意义		wrap a present 包礼物<br>wrap oneself up in s th.某人沉浸在某事中	[派]wrapper n.包装纸<br>[反]unwrap vt.打开（包装）	中频词 Word List 11	326
bench	bentʃ	n.[C] 长凳；工作台；[sing.] [the~] 法官席位；[常用 pl.]议员席	de-向下；否定；离开；去掉；分离；整个的；加强意义		a park bench 公园长椅<br>a lab bench 实验台	[近]workbench n.工作台	中频词 Word List 11	326
bite	baɪt	v.咬 n.[C]咬	de-向下；否定；离开；去掉；分离；整个的；加强意义		bite people 咬人<br>bite a nail 咬指甲	[派] biting a.刺骨的<br>[近] gnaw v.咬	中频词 Word List 11	326
calm	kɑːm	a.平静的；风平浪静的 vt.使镇静；使平静	de-向下；否定；离开；去掉；分离；整个的；加强意义		yearn for a calm life 渴望平静的生活<br>a calm crossing 风平浪静的横渡	[派]calmness n.镇静<br>[近]compose vt.使镇静	中频词 Word List 11	326
cast	kɑːst	vt.向……投以（笑容）；投射；抛 n.[C]全体演员	de-向下；否定；离开；去掉；分离；整个的；加强意义		casta smile 投以微笑<br>casta shadow 蒙上阴影	[派]casting n.角色分配<br>[近]throw v.抛	中频词 Word List 11	327
vice	vaɪs	n.[C,U] 恶行 a.代理的	de-向下；否定；离开；去掉；分离；整个的；加强意义		a terrible vice 恶习<br>tell vice from virtue 辨别善恶	[反]virtue n.美德	中频词 Word List 11	327
flavour	ˈfleɪvə(r)	n.[U]味道；[sing.]特色；气氛	de-向下；否定；离开；去掉；分离；整个的；加强意义		befullofflavour 美味十足<br>bestrongerinflavour 味道更浓	[派]flavourfula.味浓可口的<br>[近]taste n.味道	中频词 Word List 11	327
pupil	ˈpjuːpl	n.[C]学生；瞳孔	de-向下；否定；离开；去掉；分离；整个的；加强意义		an outstanding pupil 优秀学生<br>first-generation pupils 第一代大学生	[近]student n.学生	中频词 Word List 11	327
pure	ˈpjuə(r)	a.纯粹的；干净的	de-向下；否定；离开；去掉；分离；整个的；加强意义		pure beauty 纯粹的美<br>pure happiness 纯粹的快乐	[派]purity n.纯洁<br>[反]impure a.不纯的	中频词 Word List 11	327
thread	θred	n.[C]线索；脉络；贯穿的主线 vt.穿（针）	de-向下；否定；离开；去掉；分离；整个的；加强意义		different threads 不同的线索<br>the thread of a story 故事的脉络	[派] th ready a.线的；线状的<br>[近]clue n.线索	中频词 Word List 11	327
tame	teɪm	a.听使唤的 vt.驯化;控制	de-向下；否定；离开；去掉；分离；整个的；加强意义		a tame middle class 顺从的中产阶级<br>tame a horse 驯化马匹	[派]tamer n.驯兽师	中频词 Word List 11	327
spoil	spɔɪl	vt.破坏；溺爱	de-向下；否定；离开；去掉；分离；整个的；加强意义		spoil a view 破坏景致<br>spoil one's fun 扫某人的兴	[派]spoilage n.（食物的）变质<br>[近]ruin vt.破坏	中频词 Word List 11	328
sole	səʊl	a.唯一的；独占的 n.[C] 脚掌	de-向下；否定；离开；去掉；分离；整个的；加强意义		the sole use 唯一的作用<br>the sole aim 唯一的目的	[派] solely ad.单独地<br>[近] unique a.唯一的	中频词 Word List 11	328
rid	rɪd	vt.摆脱；除去	de-向下；否定；离开；去掉；分离；整个的；加强意义		get rid of regulations 摆脱规章制度<br>rids b.of s th.使某人摆脱某物	[近]free vt.使摆脱	中频词 Word List 11	328
hook	hʊk	n.[C]钩 v.箍住，挂住	de-向下；否定；离开；去掉；分离；整个的；加强意义		hangs th.on a hook 把某物挂在钩子上<br>lets b.off the hook 放过某人	[派] hooked a.钩形的	中频词 Word List 11	328
drift	drɪft	n.[sing.,U]趋势；[C] 雪堆 vi.漂流；无意间进入	de-向下；否定；离开；去掉；分离；整个的；加强意义		apolitical drift 政治力量<br>a snowdrift 雪堆	[派] drift age n.漂流<br>[近]tendency n.趋势	中频词 Word List 11	328
draft	drɑːft	n.[C]草稿；草案 vt.起草	de-向下；否定；离开；去掉；分离；整个的；加强意义		make a draft 打草稿<br>the first draft 初稿	[派]drafter n.起草人<br>[派]draftsman n.起草人	中频词 Word List 11	328
graze	greɪz	v.吃青草 vi.整天吃零食 vt.放牧；擦伤	de-向下；否定；离开；去掉；分离；整个的；加强意义		be grazed.by…被…过<br>graze on……为食	[派]graziern.放牧人<br>[近] herd vt.放牧	中频词 Word List 11	328
sue	suː	v 控告，提起诉讼 vi（尤指在法庭上）提出请求	de-向下；否定；离开；去掉；分离；整个的；加强意义		sue each other 控告对方<br>indicate to sue 表示提起诉讼	[近]accuse vt.控告	中频词 Word List 11	329
icon	ˈaɪkɒn	n.[C] 图标；偶像	de-向下；否定；离开；去掉；分离；整个的；加强意义		a printer icon 打印机图标<br>click on the icon 点击图标	[派]iconic a.图标的<br>[近] idol n.偶像	中频词 Word List 11	329
scarce	skeəs	a.缺乏的，不足的；稀有的	de-向下；否定；离开；去掉；分离；整个的；加强意义		be scarce with sth.缺乏某物<br>be increasingly scarce 越来越少	[派] scarcely ad. 几乎不<br>[近]rare a.稀少的	中频词 Word List 11	329
scare	skeə(r)	vt.惊吓，吓唬 vi.害怕 n.[C] 恐慌	de-向下；否定；离开；去掉；分离；整个的；加强意义		scare sb. away/off 把某人吓跑<br>scare sb. into doing sth.恐吓某人做某事	[派]scared a.害怕的<br>[近]frighten v.（使）惊吓	中频词 Word List 11	329
fade	feɪd	v.（使）变淡 vi.逐渐消失	de-向下；否定；离开；去掉；分离；整个的；加强意义		fade a curtain 使窗帘褪色<br>fade in（画面）淡入	[派]fade less a.不褪色的<br>[近] disappear vi.消失	中频词 Word List 11	329
stumble	ˈstʌmbl	vi.绊脚；跌跌撞撞地走；结巴	de-向下；否定；离开；去掉；分离；整个的；加强意义		stumble over…被…倒<br>stumble along 購珊而行		中频词 Word List 11	329
aide	eɪd	n.[C] 助手	de-向下；否定；离开；去掉；分离；整个的；加强意义		a teacher'saide 教师的助手<br>a home health aide 家庭护理	[近]assistant n.助手	中频词 Word List 11	329
arena	əˈriːnə	n.[C] 舞台；竞技场	de-向下；否定；离开；去掉；分离；整个的；加强意义		a public arena 公共舞台<br>withdraw from the arena 退出舞台	[近] stage n.舞台	中频词 Word List 11	329
baffle	ˈbæfl	vt.使困惑；难住；阻碍	de-向下；否定；离开；去掉；分离；整个的；加强意义		be bound to baffle sb.一定会使某人困惑<br>baffles b.with sth.用某物为难某人	[派]bafflementn.困惑<br>[近]bewilder vt.使困惑	中频词 Word List 11	330
bald	bɔːld	a.秃顶的；直截了当的；磨平了的	de-向下；否定；离开；去掉；分离；整个的；加强意义		a bald man 秃顶男子<br>a bald eagle 秃鹰	[派] baldly ad.直截了当地	中频词 Word List 11	330
bass	beɪs	n.[U] 低音 a.低音的	de-向下；否定；离开；去掉；分离；整个的；加强意义		sing bass 唱低音<br>a bass voice 低音部	[派]bassist n.低音吉他手	中频词 Word List 11	330
bleak	bliːk	a.暗淡的；荒凉的	de-向下；否定；离开；去掉；分离；整个的；加强意义		a bleak future 暗淡的前景<br>a bleak picture of sth. 某物的凄凉写照	[近]wild a.荒凉的	中频词 Word List 11	330
bolster	ˈbəʊlstə(r)	vt. 增强，加强	de-向下；否定；离开；去掉；分离；整个的；加强意义		bolster confidence 增强信心<br>bolster morale 增强士气	[近] enhance vt. 增强	中频词 Word List 11	330
brisk	brɪsk	a.快的；兴隆的；凉爽的	de-向下；否定；离开；去掉；分离；整个的；加强意义		take a brisk walk 快步行走<br>break into a brisk trot 快步小跑	[近]prosperous a.兴旺的	中频词 Word List 11	330
bruise	bruːz	v.（使）碰伤 vt.挫伤 n.[C]瘀伤	de-向下；否定；离开；去掉；分离；整个的；加强意义		bruise a knee 碰伤膝盖<br>bruise easily 容易碰伤	[派] bruising a. 十分激烈的	中频词 Word List 11	330
bust	bʌst	vt.摔碎；打破 n.[C]半身像 a.破产的	de-向下；否定；离开；去掉；分离；整个的；加强意义		busta camera 摔坏照相机<br>busta door 撞破门	[派]buster n.破坏者<br>[近]crack v.打碎	中频词 Word List 11	331
canoe	kəˈnuː	n.[C] 独木舟 vi.划独木舟	de-向下；否定；离开；去掉；分离；整个的；加强意义		stand up in a canoe 站在独木舟上<br>paddle a canoe 划独木舟		中频词 Word List 11	331
cluster	ˈklʌstə(r)	n.[C]群 vi.聚集	de-向下；否定；离开；去掉；分离；整个的；加强意义		a little cluster of…一小群……<br>huge clusters of…大量的……	[派]clustered a.群集的<br>[近] bunch n.一群	中频词 Word List 11	331
cripple	ˈkrɪpl	vt.使残废；严重毁坏 n.[C]残疾人	de-向下；否定；离开；去掉；分离；整个的；加强意义		cripples b.for life 使某人终身残疾<br>be seriously crippled 严重残疾	[近]disable vt.使残废	中频词 Word List 11	331
dart	dɑːt	n.[C] 镖；[sing.]猛冲 vi.猛冲	de-向下；否定；离开；去掉；分离；整个的；加强意义		a poisoned dart 毒镖<br>make a dart for…朝……冲去		中频词 Word List 11	331
bachelor	ˈbætʃələ(r)	n.[C] 单身汉；学士学位；[B-]学士	de-向下；否定；离开；去掉；分离；整个的；加强意义		a good-looking bachelor 英俊的单身汉<br>an eligible bachelor 中意的单身汉	[派]bachelor hood n.男子的未婚时期	中频词 Word List 11	331
cocaine	kəʊˈkeɪn	n.[U]可卡因	de-向下；否定；离开；去掉；分离；整个的；加强意义		smuggle cocaine 走私可卡因<br>impound the cocaine 没收可卡因		中频词 Word List 11	331
chancellor	ˈtʃɑːnslə(r)	n.[C] 总理；校长；大法官	de-向下；否定；离开；去掉；分离；整个的；加强意义		a new Chancellor 新总理<br>the former Chancellor 前总理		中频词 Word List 11	331
license	ˈlaɪsns	（亦作 licence）n.[C]许可证；执照；证书	de-向下；否定；离开；去掉；分离；整个的；加强意义		an export license 出口许可证<br>a driving license 驾驶执照	[派]license rn.颁发执照者	中频词 Word List 11	332
virgin	ˈvɜːdʒɪn	n.[C] 处女；新手 a.未开发的	de-向下；否定；离开；去掉；分离；整个的；加强意义		a virgin land 处女地<br>live a virgin 终身未嫁	[派]virginal a.贞洁的	中频词 Word List 11	332
brochure	ˈbrəʊʃə(r)	n.[C] 小册子，手册	de-向下；否定；离开；去掉；分离；整个的；加强意义		get brochures designed 设计小册子<br>distribution of brochures 分发小册子	[近] pamphlet n.小册子	中频词 Word List 11	332
etiquette	ˈetɪkət	n.[U]礼仪，礼节；规矩	de-向下；否定；离开；去掉；分离；整个的；加强意义		the rules of etiquette 礼仪规范<br>traditional etiquette 传统礼仪	[近]manners n.礼仪	中频词 Word List 11	332
stubborn	ˈstʌbən	a.固执的；倔强的；难以去除（或对付）的	de-向下；否定；离开；去掉；分离；整个的；加强意义		a stubborn character 固执的人<br>a stubborn lamb 倔强的小羊羔	[派]stubbornly ad.顽固地<br>[近]wilfula.固执的	中频词 Word List 11	332
skull	skʌl	n.[C]头骨，颅骨	人体构成				低频词 · 与人相关	333
brow	braʊ	n.[C]额头；[常用 pl.]眉毛	人体构成				低频词 · 与人相关	333
eyebrow	ˈaɪbraʊ	n.[常用 pl]眉，眉毛	人体构成				低频词 · 与人相关	333
chin	tʃɪn	n.[C]颜，下巴	人体构成				低频词 · 与人相关	333
jaw	dʒɔː	n.[C]颌；[sing.]下巴 vi.崂叻叨	人体构成				低频词 · 与人相关	333
skeleton	ˈskelɪtn	n.[C]骨骼；骨架；[常用 sing.]框架；梗概	人体构成				低频词 · 与人相关	333
spine	spaɪn	n.[C] 脊柱; (动植物的）刺；书脊	人体构成				低频词 · 与人相关	333
chest	tʃest	n.[C]胸部；大箱子	人体构成				低频词 · 与人相关	333
belly	ˈbeli	n.[C]腹部；肚子 vi.鼓起	人体构成				低频词 · 与人相关	333
gland	glænd	n. [C]腺	人体构成				低频词 · 与人相关	333
kidney	ˈkɪdni	n.[C]肾，肾脏；[C,U]动物腰子	人体构成				低频词 · 与人相关	333
liver	ˈlɪvə(r)	n.[C]肝脏；[C,U]（动物供食用的）肝	人体构成				低频词 · 与人相关	333
rib	rɪb	n.[C]肋骨；[C,U]排骨 vt.嘲笑；逗弄	人体构成				低频词 · 与人相关	333
bowel	ˈbaʊəl	n.[常用 pl.]肠	人体构成				低频词 · 与人相关	333
gut	gʌt	n.[C]消化道；肚子；肠道；[pl]内脏；勇气；实质	人体构成				低频词 · 与人相关	333
waist	weɪst	n.[C]腰，腰部；腰身	人体构成				低频词 · 与人相关	333
hip	hɪp	n.[C]臀部，髋 a.时髦的	人体构成				低频词 · 与人相关	333
ass	æs	n.[C]屁股；傻瓜，笨蛋；驴	人体构成				低频词 · 与人相关	333
limb	lɪm	n.[C]肢；臂；（树的）大枝	人体构成				低频词 · 与人相关	333
thumb	θʌm	n.[C]拇指；拇指部分 v.竖起大拇指请求(搭便车)	人体构成				低频词 · 与人相关	333
wrist	rɪst	n.[C]手腕；腕关节	人体构成				低频词 · 与人相关	334
heel	hiːl	n.[C]脚后跟；鞋后跟	人体构成				低频词 · 与人相关	334
thigh	θaɪ	n.[C]大腿，股；（ （供食用的禽类的）大腿	人体构成				低频词 · 与人相关	334
vein	veɪn	n.[C]静脉；叶脉；纹理；矿脉	人体构成				低频词 · 与人相关	334
bride	braɪd	n.[C]新娘	人物关系				低频词 · 与人相关	334
bridegroom	ˈbraɪdgruːm	n.[C]新郎	人物关系				低频词 · 与人相关	334
buddy	ˈbʌdi	n.[C]朋友；搭档	人物关系				低频词 · 与人相关	334
adversary	ˈædvəsəri	n.[C]对手；敌手	人物关系				低频词 · 与人相关	334
clan	klæn	n.[C]家族；氏族；帮派	人物关系				低频词 · 与人相关	334
kin	kɪn	n.[pl.]（统称）家属，亲属，亲戚	人物关系				低频词 · 与人相关	334
heir	eə(r)	n.[C]继承人，继任人；传人	人物关系				低频词 · 与人相关	334
apprentice	əˈprentɪs	n.[C]学徒 vt.使当……的学徒	人物关系				低频词 · 与人相关	334
acquaint	əˈkweɪnt	vt.使熟悉；使了解	行为习惯				低频词 · 与人相关	334
accustom	əˈkʌstəm	vt.使习惯；使适应	行为习惯				低频词 · 与人相关	334
comprehend	ˌkɒmprɪˈhend	v.理解；领悟；懂	行为习惯				低频词 · 与人相关	334
contemplate	ˈkɒntəmpleɪt	vt.考虑；考虑接受；凝视 v.沉思	行为习惯				低频词 · 与人相关	334
preoccupy	priˈɒkjupaɪ	vt.使全神贯注；使日夜思考	行为习惯				低频词 · 与人相关	334
cherish	ˈtʃerɪʃ	vt.珍爱；抱有（信念、希望）；怀念	行为习惯				低频词 · 与人相关	334
abide	əˈbaɪd	vt.容忍 vi.逗留；居住	行为习惯				低频词 · 与人相关	334
clash	klæʃ	vi.打斗；冲突；争论 n.[C]冲突；辩论；矛盾	行为习惯				低频词 · 与人相关	334
buffet	ˈbʌfit	vt.对…打来打去	行为习惯				低频词 · 与人相关	334
offend	əˈfend	v.得罪；冒犯 vt.使反感 vi.犯罪；有悖于	行为习惯				低频词 · 与人相关	334
punch	pʌntʃ	vt.拳打；打孔；按（键）n.[C]重拳击打；[U]吸引力	行为习惯				低频词 · 与人相关	334
swipe	swaɪp	v.挥拳打 vt.偷窃；刷（卡）n.[C]挥击；批评	行为习惯				低频词 · 与人相关	334
assault	əˈsɔːlt	vt.袭击 n.[C,U]侵犯人身罪；袭击	行为习惯				低频词 · 与人相关	334
repel	rɪˈpel	vt.击退；驱除；使恐惧 v.排斥	行为习惯				低频词 · 与人相关	334
surrender	səˈrendə(r)	v.投降 vt.放弃 n.[U,sing.]投降；屈服；放弃	行为习惯				低频词 · 与人相关	334
waive	weɪv	vt.放弃 (权利、要求等)	行为习惯				低频词 · 与人相关	334
harass	ˈhærəs	vt.骚扰；不断攻击 (敌人)	行为习惯				低频词 · 与人相关	335
err	ɜː(r)	vi.犯错误；做错事	行为习惯				低频词 · 与人相关	335
avenge	əˈvendʒ	vt.为……报仇；报…之仇	行为习惯				低频词 · 与人相关	335
retaliate	rɪˈtælieɪt	vi.报复，反击，复仇	行为习惯				低频词 · 与人相关	335
revenge	rɪˈvendʒ	vt.为……报仇 n.[U]报复；报仇；雪耻	行为习惯				低频词 · 与人相关	335
mediate	ˈmiːdieɪt	v.调解 vt.促成（协议）；影响	行为习惯				低频词 · 与人相关	335
appease	əˈpiːz	vt.平息；安抚；绥靖	行为习惯				低频词 · 与人相关	335
confess	kənˈfes	v.供认，坦白；承认；忏悔 (罪过)	行为习惯				低频词 · 与人相关	335
undertake	ˌʌndəˈteɪk	vt.承担；从事；承诺	行为习惯				低频词 · 与人相关	335
contend	kənˈtend	vt.声称；争辩；主张 vi.处理；竞争	行为习惯				低频词 · 与人相关	335
arbitrate	ˈɑːbitreɪt	v.仲裁；公断	行为习惯				低频词 · 与人相关	335
entrust	ɪnˈtrʌst	vt.委托，交托，托付	行为习惯				低频词 · 与人相关	335
supervise	ˈsuːpəvaɪz	v.监督；管理；指导	行为习惯				低频词 · 与人相关	335
oversee	ˌəʊvəˈsiː	vt.监督；监视；监管	行为习惯				低频词 · 与人相关	335
ascertain	ˌæsəˈteɪn	vt.查明，弄清	行为习惯				低频词 · 与人相关	335
endow	ɪnˈdaʊ	vt.捐款，资助；赋予	行为习惯				低频词 · 与人相关	335
brag	bræg	v.吹嘘，自吹自擂	行为习惯				低频词 · 与人相关	335
bluff	blʌf	v.虚张声势；吹牛 n.[C,U]唬人 a.直率的	行为习惯				低频词 · 与人相关	335
ridicule	ˈrɪdɪkjuːl	vt.嘲笑；奚落 n.[U] 嘲笑；奚落	行为习惯				低频词 · 与人相关	335
scold	skəʊld	vt.责骂，训斥	行为习惯				低频词 · 与人相关	335
swear	sweə(r)	v.发誓 vt.郑重承诺 vi.咒骂	行为习惯				低频词 · 与人相关	335
roar	rɔː(r)	vi.咆哮；放声大笑 v.叫喊 n.[C]咆哮	行为习惯				低频词 · 与人相关	335
stun	stʌn	vt.使昏迷；使震惊；使深深感动	行为习惯				低频词 · 与人相关	335
startle	ˈstɑːtl	vt.使惊吓；使吓一跳；使大吃一惊	行为习惯				低频词 · 与人相关	335
shiver	ˈʃɪvə(r)	vi.颤抖，哆嗦，发抖 n.[C] 颤抖；[pl.][the~]寒战	行为习惯				低频词 · 与人相关	335
tremble	ˈtrembl	vi.颤抖；颤动；焦虑 n.[常用 sing.]颤抖；战栗	行为习惯				低频词 · 与人相关	335
quiver	ˈkwɪvə(r)	vi.颤动；抖动 n.[C] 微颤	行为习惯				低频词 · 与人相关	335
exclaim	ɪkˈskleɪm	v.惊叫，呼喊	行为习惯				低频词 · 与人相关	335
chop	tʃɒp	v.切碎；劈 vt.削减；取消 n.[C]排骨；砍；劈	行为习惯				低频词 · 与人相关	335
stir	stɜː(r)	vt.搅动；激发 v.（使）微动 n.[常用 sing.]搅拌	行为习惯				低频词 · 与人相关	335
rip	rɪp	v.撕破 vt.猛地扯开 n.[常用 sing.]撕开的大口子	行为习惯				低频词 · 与人相关	335
knot	nɒt	vt.把……打成结 vi.缠结 n.[C]结	行为习惯				低频词 · 与人相关	335
tow	təʊ	vt.拖，拉 n.[sing.]（车、船等的）牵引 l，拽引	行为习惯				低频词 · 与人相关	336
jerk	dʒɜːk	v.急拉 n.[C]急拉；猝然一动；傻瓜	行为习惯				低频词 · 与人相关	336
tug	tʌg	v.拉，拖 n.[C]拖船；猛拉	行为习惯				低频词 · 与人相关	336
thrust	θrʌst	v.猛推；刺 n.[sing.] [the~]要点；[C] 猛推	行为习惯				低频词 · 与人相关	336
shove	ʃʌv	v.猛推 vt.乱放 n.[常用 sing.]猛推	行为习惯				低频词 · 与人相关	336
snatch	snætʃ	v.一下夺过 vt.夺去；抓住 n.[C]音乐片段；夺	行为习惯				低频词 · 与人相关	336
fling	flɪŋ	vt.掷；猛动 n.[常用 sing.]一时的放纵	行为习惯				低频词 · 与人相关	336
heave	hiːv	v.举起 vi.起伏 n.[C] 举；[U]起伏	行为习惯				低频词 · 与人相关	336
stab	stæb	vt.（用刀）刺 v.（用手指或尖物）戳 n.[C]刺，戳	行为习惯				低频词 · 与人相关	336
pinch	pɪntʃ	vt.拧；捏住；偷摸 v.夹痛 n.[C]拧；一撮	行为习惯				低频词 · 与人相关	336
whirl	wɜːl	v.（使）旋转 vi.（思绪）混乱 n.[sing.]旋转	行为习惯				低频词 · 与人相关	336
revolve	rɪˈvɒlv	v.旋转 vi.围绕；以……为中心	行为习惯				低频词 · 与人相关	336
enclose	ɪnˈkləʊz	vt.把…围起来；围住；随信附上	行为习惯				低频词 · 与人相关	336
dash	dæʃ	vi.急奔 v.猛掷 n.[sing]猛冲；匆忙；[C]破折号	行为习惯				低频词 · 与人相关	336
stride	straɪd	vi.大步走 n.[C]大步；步伐；进步	行为习惯				低频词 · 与人相关	336
stroll	strəʊl	vi.散步；溜达 n.[C]散步；溜达	行为习惯				低频词 · 与人相关	336
stagger	ˈstægə(r)	v.購 vt.使震惊；使交错	行为习惯				低频词 · 与人相关	336
jog	dʒɒg	vi.慢跑 vt.轻撞 n.[sing.]慢跑；轻推	行为习惯				低频词 · 与人相关	336
kneel	niːl	vi.跪；跪下	行为习惯				低频词 · 与人相关	336
scramble	ˈskræmbl	vi.爬 v.争抢 n.[sing.]爬；争抢	行为习惯				低频词 · 与人相关	336
crouch	kraʊtʃ	vi.蹲下；蹲伏 n.[sing.]蹲着的姿势	行为习惯				低频词 · 与人相关	336
stoop	stuːp	vi.弯腰；弓背站立 n.[sing.]曲背；[C]门廊	行为习惯				低频词 · 与人相关	336
shrug	ʃrʌg	v.耸肩 n.[常用 sing.]耸肩	行为习惯				低频词 · 与人相关	336
blink	blɪŋk	v.眨眼睛 vi.闪烁 n.[常用 sing]眨眼睛	行为习惯				低频词 · 与人相关	336
wink	wɪŋk	vi.眨眼示意；闪烁 n.[C] 眨眼示意	行为习惯				低频词 · 与人相关	336
doze	dəʊz	vi.打瞌睡；小睡 n.[sing.]瞌睡，小睡	行为习惯				低频词 · 与人相关	336
frown	fraʊn	v.皱眉 n.[常用 sing.]皱眉	行为习惯				低频词 · 与人相关	336
gasp	gɑːsp	v.喘气；透不过气 n.[C] 喘息	行为习惯				低频词 · 与人相关	336
pant	pænt	v.气喘；喘息	行为习惯				低频词 · 与人相关	336
sob	sɒb	vi.抽噎 vt.哭诉 n.[C]抽噎 (声)	行为习惯				低频词 · 与人相关	336
giggle	ˈgɪgl	v.咯咯地笑 n.[C]咯咯笑；[sing.]趣事	行为习惯				低频词 · 与人相关	336
glare	gleə(r)	vi.怒目而视 n.[sing., U]刺眼的光；[C]怒视	行为习惯				低频词 · 与人相关	336
steer	stɪə(r)	v.驾驶；行驶 vt.操纵；控制	行为习惯				低频词 · 与人相关	337
peel	piːl	vt.去皮 v.剥落 n.[C,U]果皮	行为习惯				低频词 · 与人相关	337
tread	tred	vi.踩 vt.践踏 n.[sing.]脚步声；[C, U]胎面	行为习惯				低频词 · 与人相关	337
trim	trɪm	vt.修剪；削减；装饰 n.[常用 sing.]修剪 a.苗条的	行为习惯				低频词 · 与人相关	337
sprinkle	ˈsprɪŋkl	vt.撒；用……点缀 n.[sing.]少量	行为习惯				低频词 · 与人相关	337
discard	dɪsˈkɑːd	vt.丢弃；抛弃	行为习惯				低频词 · 与人相关	337
dump	dʌmp	vt.丢弃；推卸；倾销 n.[C]垃圾场	行为习惯				低频词 · 与人相关	337
browse	braʊz	v.随便看看；浏览；搜寻信息	行为习惯				低频词 · 与人相关	337
mourn	mɔːn	v.悼念，哀悼	行为习惯				低频词 · 与人相关	337
commute	kəˈmjuːt	v.上下班往返 vt.减刑 n.[C]上下班路程	行为习惯				低频词 · 与人相关	337
expel	ɪkˈspel	vt.把……开除；驱逐出境；排出；喷出	行为习惯				低频词 · 与人相关	337
discharge	dɪsˈtʃɑːdʒ	vt.批准离开；释放；排出；发（电）	行为习惯				低频词 · 与人相关	337
cue	kjuː	vt.为……提示 n.[C]暗示；提示	行为习惯				低频词 · 与人相关	337
entitle	ɪnˈtaɪtl	vt.使享有权利；给……命名（或题名）	行为习惯				低频词 · 与人相关	337
excel	ɪkˈsel	vi.擅长；善于 vt.胜过平时	行为习惯				低频词 · 与人相关	337
overhear	ˌəʊvəˈhɪə(r)	vt.偶然听到；无意中听到	行为习惯				低频词 · 与人相关	337
persevere	ˌpɜːsɪˈvɪə(r)	vi.坚持；孜孜以求	行为习惯				低频词 · 与人相关	337
reside	rɪˈzaɪd	vi.居住在；定居于	行为习惯				低频词 · 与人相关	337
sip	sɪp	v.小口喝；抿 n.[C]一小口	行为习惯				低频词 · 与人相关	337
speculate	ˈspekjʊleɪt	v.推测；猜测 vi.投机	行为习惯				低频词 · 与人相关	337
utilize	ˈjuːtəlaɪz	（亦作 utilise）vt.利用；使用	行为习惯				低频词 · 与人相关	337
devise	dɪˈvaɪz	vt.发明；设计；想出	行为习惯				低频词 · 与人相关	337
dispose	dɪˈspəʊz	vt.布置；安排；使倾向于	行为习惯				低频词 · 与人相关	337
array	əˈreɪ	vt.布置；排列 n.[常用 sing.]大堆；大量	行为习惯				低频词 · 与人相关	337
forge	fɔːdʒ	vt.艰苦干成；伪造；锻造 n.[C]锻造车间	行为习惯				低频词 · 与人相关	337
furnish	ˈfɜːnɪʃ	vt.布置家具；提供	行为习惯				低频词 · 与人相关	337
allot	əˈlɒt	vt.分配	行为习惯				低频词 · 与人相关	337
counteract	ˌkaʊntərˈækt	vt.抵制；抵消；抵抗	行为习惯				低频词 · 与人相关	337
designate	ˈdezɪgneɪt	vt.指定；选定；标明 a.已任命但未就职的	行为习惯				低频词 · 与人相关	337
disregard	ˌdɪsrɪˈgɑːd	vt.不顾；漠视 n.[U]忽视	行为习惯				低频词 · 与人相关	337
emulate	ˈemjʊleɪt	vt.努力赶上；模仿	行为习惯				低频词 · 与人相关	338
contrive	kənˈtraɪv	vt.设法做到； （克服困难）促成（某事）；策划	行为习惯				低频词 · 与人相关	338
evacuate	ɪˈvækjueɪt	vt.疏散；转移 v.撤出	行为习惯				低频词 · 与人相关	338
flirt	flɜːt	vi.调情 n.[常用 sing.]与多人调情的人	行为习惯				低频词 · 与人相关	338
hibernate	ˈhaɪbəneɪt	vi.冬眠；蛰伏	行为习惯				低频词 · 与人相关	338
huddle	ˈhʌdl	vi.挤在一起；蜷缩 n.[C]拥挤的一群	行为习惯				低频词 · 与人相关	338
hum	hʌm	v.哼（曲子）vi.发嗡嗡声 n.[sing.]嗡嗡声	行为习惯				低频词 · 与人相关	338
humiliate	hjuːˈmɪlieɪt	vt.羞辱；使丧失尊严	行为习惯				低频词 · 与人相关	338
inhibit	ɪnˈhɪbɪt	vt.阻碍；抑制；使拘束	行为习惯				低频词 · 与人相关	338
obstruct	əbˈstrʌkt	vt.阻挡；阻塞；妨碍；阻碍	行为习惯				低频词 · 与人相关	338
mar	mɑː(r)	vt.破坏；毁坏	行为习惯				低频词 · 与人相关	338
mobilize	ˈməʊbəlaɪz	（亦作 mobil is e）v.动员 vt.调动	行为习惯				低频词 · 与人相关	338
nominate	ˈnɒmɪneɪt	vt.提名；任命；指定	行为习惯				低频词 · 与人相关	338
override	ˌəʊvəˈraɪd	vt.否决；推翻；凌驾 n.[C]推翻	行为习惯				低频词 · 与人相关	338
paralyze	ˈpærəlaɪz	(亦作 paralyse）vt.使瘫痪；使不能正常工作	行为习惯				低频词 · 与人相关	338
peddle	ˈpedl	vt.挨户销售；兜售，宣传	行为习惯				低频词 · 与人相关	338
peep	piːp	vi.窥视；微露出 n.[常用 sing.]偷偷一警	行为习惯				低频词 · 与人相关	338
persecute	ˈpɜːsɪkjuːt	vt.迫害；骚扰	行为习惯				低频词 · 与人相关	338
poke	pəʊk	vt.捅；戳；n.[常用 sing.]捅；戳；拨；挑	行为习惯				低频词 · 与人相关	338
preside	prɪˈzaɪd	vi.主持；担任主持	行为习惯				低频词 · 与人相关	338
proofread	ˈpruːfriːd	v.校阅；校对；勘校	行为习惯				低频词 · 与人相关	338
propagate	ˈprɒpəgeɪt	vt.传播；宣传 v.繁殖；增殖	行为习惯				低频词 · 与人相关	338
diffuse	dɪˈfjuːz	v.传播；扩散	行为习惯				低频词 · 与人相关	338
quest	kwest	vi.探索，探求 n.[C]探索，追求	行为习惯				低频词 · 与人相关	338
recede	rɪˈsiːd	vi.逐渐远离；逐渐减弱	行为习惯				低频词 · 与人相关	338
withstand	wɪðˈstænd	vt.承受；经受住	行为习惯				低频词 · 与人相关	338
repress	rɪˈpres	vt.克制；压制；镇压	行为习惯				低频词 · 与人相关	338
stifle	ˈstaɪfl	vt.压制；扼杀；抑制 v.感觉室闷	行为习惯				低频词 · 与人相关	338
reshuffle	ˌriːˈʃʌfl	v.改组 n.[C] 改组	行为习惯				低频词 · 与人相关	338
rig	rɪg	vt.操纵；装配帆及索具 n.[C]钻井设备	行为习惯				低频词 · 与人相关	338
scrub	skrʌb	v.擦洗 vt.取消（计划等）n.[sing.]擦洗；[U]灌木丛	行为习惯				低频词 · 与人相关	338
sprawl	sprɔːl	vi.伸开四肢坐（或躺）；蔓延	行为习惯				低频词 · 与人相关	338
summon	ˈsʌmən	vt.传唤；召唤；召集；请求	行为习惯				低频词 · 与人相关	339
notify	ˈnəʊtɪfaɪ	vt.（正式）通报，通知	行为习惯				低频词 · 与人相关	339
tickle	ˈtɪkl	v.（使）发痒 n.[常用 sing.]痒	行为习惯				低频词 · 与人相关	339
toil	tɔːl	vi.苦干；跋涉 n.[U] 苦工	行为习惯				低频词 · 与人相关	339
induce	ɪnˈdjuːs	vt.劝说；引起；引产	行为习惯				低频词 · 与人相关	339
nourish	ˈnʌrɪʃ	vt.抚养；滋养；培养	行为习惯				低频词 · 与人相关	339
wrench	rentʃ	v.猛拉 vt.扭伤 n.[C]扳钳；[sing.]（离别的）痛苦	行为习惯				低频词 · 与人相关	339
yawn	jɔːn	vi.打哈欠 n.[C]哈欠；[常用 sing.]乏味的事情	行为习惯				低频词 · 与人相关	339
zoom	zuːm	vi.快速移动；急剧增长 n.[C]变焦镜头	行为习惯				低频词 · 与人相关	339
hire	ˈhaɪə(r)	vt.租用 v.聘用 n.[U]租借	行为习惯				低频词 · 与人相关	339
bury	ˈberi	vt.埋葬；丧失；覆盖；掩藏	行为习惯				低频词 · 与人相关	339
dent	dent	vt.使凹陷；损害 n.[C]凹痕；凹坑	行为习惯				低频词 · 与人相关	339
contaminate	kənˈtæmɪneɪt	vt.污染；弄脏；玷污，毒害	行为习惯				低频词 · 与人相关	339
exile	ˈeksaɪl	n.[U,sing.]流放；[C] 流亡国外者 vt.放逐；流放	行为习惯				低频词 · 与人相关	339
grind	graɪnd	vt.磨碎；磨（粉）；使锋利 n.[sing.]苦差事	行为习惯				低频词 · 与人相关	339
shave	ʃeɪv	v.剃须 vt.削减 n.[常用 sing.]刮脸；剃须	行为习惯				低频词 · 与人相关	339
splash	splæʃ	vi.泼洒 vt.朝……上泼（或溅）n.[C]落水声	行为习惯				低频词 · 与人相关	339
torture	ˈtɔːtʃə(r)	vt.拷打；使痛苦 n.[C,U]拷打；折磨	行为习惯				低频词 · 与人相关	339
whip	wɪp	vt.鞭打；除去 v.猛然移动 n.[C] 鞭子	行为习惯				低频词 · 与人相关	339
batter	ˈbætə(r)	v.连续猛击；殴打 n.[C,U] 面糊	行为习惯				低频词 · 与人相关	339
annex	əˈneks	vt.强占，并吞（国家、地区等）	行为习惯				低频词 · 与人相关	339
boycott	ˈbɔɪkɒt	vt.抵制；拒绝参加 n.[C]抵制	行为习惯				低频词 · 与人相关	339
clamp	klæmp	vt.夹紧 v.紧紧抓住 n.[C]夹具；夹子	行为习惯				低频词 · 与人相关	339
clasp	klɑːsp	vt.握紧；抱紧；扣紧 n.[C]扣环；[sing.]紧握	行为习惯				低频词 · 与人相关	339
cleanse	klenz	vt.清洁（皮肤）；清洗 (伤口)	行为习惯				低频词 · 与人相关	339
clench	klentʃ	v.攘紧（拳头）；咬紧（牙齿）vt.握紧	行为习惯				低频词 · 与人相关	339
clutch	klʌtʃ	v.紧握；突然抓住 n.[C] 离合器踏板	行为习惯				低频词 · 与人相关	339
compress	kəmˈpres	v.压缩 vt.浓缩；精简	行为习惯				低频词 · 与人相关	339
congregate	ˈkɒŋgrɪgeɪt	vi.聚集；集合	行为习惯				低频词 · 与人相关	339
convene	kənˈviːn	vt.召集；召开 vi 聚集；集合	行为习惯				低频词 · 与人相关	339
cram	kræm	v.挤满；塞满；挤进 vi．（为应考）临时死记硬背	行为习惯				低频词 · 与人相关	339
dispatch	dɪˈspætʃ	(亦作 despatch）vt.派遣；发出 n.[U]派遣；发送	行为习惯				低频词 · 与人相关	339
disperse	dɪˈspɜːs	v．（使）分散，散开；疏散；散布	行为习惯				低频词 · 与人相关	340
dodge	dɒdʒ	v.躲开；避开 vt.逃避 n.[C]逃避的诡计	行为习惯				低频词 · 与人相关	340
tuck	tʌk	vt.塞进；把……藏入 n.[C]褶	行为习惯				低频词 · 与人相关	340
strangle	ˈstræŋgl	vt.扼死；抑制	行为习惯				低频词 · 与人相关	340
subscribe	səbˈskraɪb	vi.订阅；定期捐款；认购（股份）vt.申请	行为习惯				低频词 · 与人相关	340
suppress	səˈpres	vt.镇压；禁止（发表）；抑制	行为习惯				低频词 · 与人相关	340
ratify	ˈrætɪfaɪ	vt.批准；正式签署	行为习惯				低频词 · 与人相关	340
rattle	ˈrætl	v.（使）咯吱作响 n.[C]嘎嘎声；拨浪鼓	行为习惯				低频词 · 与人相关	340
rotate	rəʊˈteɪt	v.(使）旋转；（使）轮流	行为习惯				低频词 · 与人相关	340
saturate	ˈsætʃəreɪt	vt.使湿透；浸透；使充满，使饱和	行为习惯				低频词 · 与人相关	340
shred	ʃred	vt.切碎；撕碎 n.[常用 pl.]细条；碎片	行为习惯				低频词 · 与人相关	340
invert	ɪnˈvɜːt	vt.（使）倒转，颠倒，倒置	行为习惯				低频词 · 与人相关	340
lash	læʃ	v.猛击 vt.鞭打 n.[C]鞭打；睫毛	行为习惯				低频词 · 与人相关	340
lubricate	ˈluːbrɪkeɪt	vt.给…上润滑油；润滑	行为习惯				低频词 · 与人相关	340
mingle	ˈmɪŋgl	v.使混合 vi.交际	行为习惯				低频词 · 与人相关	340
hoist	hɔɪst	vt.吊起；提升 n.[C]起重机	行为习惯				低频词 · 与人相关	340
howl	haʊl	vi.叫；大声叫喊；呼啸 n.[C]叫；喊叫声	行为习惯				低频词 · 与人相关	340
proclaim	prəˈkleɪm	vt.宣布；声明；明确显示，表明	行为习惯				低频词 · 与人相关	340
smash	smæʃ	v.打碎；（ （使）猛烈撞击 vt.捣毁 n.[sing.]破碎	行为习惯				低频词 · 与人相关	340
spill	spɪl	v.(使）洒出 vi.涌出 n.[C,U]洒出(量)	行为习惯				低频词 · 与人相关	340
strap	stræp	vt.用带子系；包扎 n.[C]带子	行为习惯				低频词 · 与人相关	340
bewilder	bɪˈwɪldə(r)	vt.使迷惑；使糊涂	行为习惯				低频词 · 与人相关	340
wreck	rek	vt.破坏；毁掉；使（船舶）失事 n.[C]沉船；残骸	行为习惯				低频词 · 与人相关	340
defer	dɪˈfɜː(r)	vt.推迟；延缓；展期	行为习惯				低频词 · 与人相关	340
depreciate	dɪˈpriːʃieɪt	vi.贬值；跌价 vt.折 l 旧；贬低	行为习惯				低频词 · 与人相关	340
deregulate	ˌdiːˈregjʊleɪt	vt.解除控制	行为习惯				低频词 · 与人相关	340
detach	dɪˈtætʃ	v.拆卸； （使）分离 vt.挣脱；派遣	行为习惯				低频词 · 与人相关	340
detain	dɪˈteɪn	vt.拘留；扣押；耽搁；阻留	行为习惯				低频词 · 与人相关	340
fabricate	ˈfæbrɪkeɪt	vt.编造；制造	行为习惯				低频词 · 与人相关	340
flare	fleə(r)	vi.燃烧；加剧 n.[常用 sing.]火光；[C]照明弹	行为习惯				低频词 · 与人相关	340
flutter	ˈflʌtə(r)	v.挥动；振（翅）n.[常用 sing.]振动；小赌注	行为习惯				低频词 · 与人相关	340
glide	glaɪd	vi.滑行；滑翔 n.[sing.]滑行；滑动；[C]滑音	行为习惯				低频词 · 与人相关	340
limp	lɪmp	vi.跛行 n.[常用 sing.]玻行 a.无力的；软弱的	行为习惯				低频词 · 与人相关	341
slap	slæp	vt.拍；啪的一声放下 n.[C]拍；[sing.]拍打声	行为习惯				低频词 · 与人相关	341
dismantle	dɪsˈmæntl	vt.拆开，拆卸；废除；取消	行为习惯				低频词 · 与人相关	341
quake	kweɪk	vi.发抖；震动 n.[C]地震	行为习惯				低频词 · 与人相关	341
polish	ˈpɒlɪʃ	v.擦光 vt.润色 n.[C,U]亮光剂；[sing.]抛光	行为习惯				低频词 · 与人相关	341
slam	slæm	v.（使……）砰地关上 vt.用力一放	行为习惯				低频词 · 与人相关	341
topple	ˈtɒpl	v.倒塌 vt.颠覆；推翻	行为习惯				低频词 · 与人相关	341
tumble	ˈtʌmbl	v.摔倒 vi.倒塌 n.[常用 sing.]跌倒；暴跌	行为习惯				低频词 · 与人相关	341
bounce	baʊns	[]]	行为习惯				低频词 · 与人相关	341
choke	tʃəʊk	v.（使）室息，哽噎 vt.阻塞 n.[C]阻风门	行为习惯				低频词 · 与人相关	341
emigrate	ˈemɪgreɪt	vi.移居国外；移民	行为习惯				低频词 · 与人相关	341
gleam	gliːm	vi.发微光；闪烁 n.[常用 sing.]微光；少量	行为习惯				低频词 · 与人相关	341
assemble	əˈsembl	v.集合；收集 vt.装配	行为习惯				低频词 · 与人相关	341
disintegrate	dɪsˈɪntɪgreɪt	vi.碎裂；解体；崩溃	行为习惯				低频词 · 与人相关	341
fragment	frægˈment	V.破裂	行为习惯				低频词 · 与人相关	341
dissolve	dɪˈzɒlv	v．(使）溶解；消除 vt.解除(婚姻关系)	行为习惯				低频词 · 与人相关	341
fluctuate	ˈflʌktʃʊeɪt	vi.波动；（在……之间）起伏不定	行为习惯				低频词 · 与人相关	341
blaze	bleɪz	vi.熊熊燃烧；闪耀；怒视 n.[C]烈火；[sing.]火焰	行为习惯				低频词 · 与人相关	341
clog	klɒg	V. （使）阻塞 n.[常用 pl.]木底鞋；木屐	行为习惯				低频词 · 与人相关	341
decay	dɪˈkeɪ	v.腐朽 vi.破败；衰弱 n.[U]腐烂；衰败	行为习惯				低频词 · 与人相关	341
leak	liːk	v. 漏 vi.渗入 vt.泄露 n.[C] 漏洞；裂缝	行为习惯				低频词 · 与人相关	341
swell	swel	vi.膨胀 v.鼓出；增大	行为习惯				低频词 · 与人相关	341
conceive	kənˈsiːv	v.想象；构想；怀孕	行为习惯				低频词 · 与人相关	341
deduct	dɪˈdʌkt	vt.扣除，减去	行为习惯				低频词 · 与人相关	341
antagonism	ænˈtægənɪzəm	n.[U,pl.]对抗情绪，对立	心理感受				低频词 · 与人相关	341
awesome	ˈɔːsəm	a.令人惊叹的；令人畏惧的；很好的	心理感受				低频词 · 与人相关	341
adore	əˈdɔː(r)	vt.爱慕(某人）；喜爱(某事物)	心理感受				低频词 · 与人相关	341
ardent	ˈɑːdnt	a.热烈的；激情的	心理感受				低频词 · 与人相关	341
cult	kʌlt	n.[常用 sing.]狂热；[C]异教 a.受到狂热崇拜的	心理感受				低频词 · 与人相关	341
jolly	ˈdʒɒli	a.愉快的；惬意的 ad.非常，很	心理感受				低频词 · 与人相关	341
lyric	ˈlɪrɪk	a.抒情的；吟唱的 n.[C]抒情诗；[pl.]歌词	心理感受				低频词 · 与人相关	342
rejoice	rɪˈdʒɔɪs	v.非常高兴；深感欣喜	心理感受				低频词 · 与人相关	342
heartfelt	ˈhɑːtfelt	a.真诚的；衷心的	心理感受				低频词 · 与人相关	342
calling	ˈkɔːlɪŋ	n.[C]使命感；职业	心理感受				低频词 · 与人相关	342
dignity	ˈdɪgnəti	n.[U]庄重；尊贵；尊严；自尊	心理感受				低频词 · 与人相关	342
esteem	ɪˈstiːm	n.[U] 尊敬，敬重 vt.敬重；认为	心理感受				低频词 · 与人相关	342
subjective	səbˈdʒektɪv	a.主观的；主语的；主格的	心理感受				低频词 · 与人相关	342
pessimism	ˈpesɪmɪzəm	n.[U] 悲观；悲观情绪；悲观主义	心理感受				低频词 · 与人相关	342
blush	blʌʃ	vi.脸红； （因某事）羞愧 n.[C]脸红	心理感受				低频词 · 与人相关	342
trauma	ˈtrɔːmə	n.[U] 精神创伤；[C,U] 痛苦经历；外伤	心理感受				低频词 · 与人相关	342
turmoil	ˈtɜːmɔɪl	n.[U,sing.]混乱；骚乱	心理感受				低频词 · 与人相关	342
dread	dred	vt.非常害怕；极为担心 n.[U,常用 sing.]恐惧	心理感受				低频词 · 与人相关	342
appal	əˈpɔːl	（亦作 appall）vt.使惊骇；使大为震惊	心理感受				低频词 · 与人相关	342
terror	ˈterə(r)	n.[U,sing.]惊恐；[C] 恐怖的事；[U] 恐怖行动	心理感受				低频词 · 与人相关	342
dismay	dɪsˈmeɪ	n.[U] 惊愣；灰心 vt.使惊愣	心理感受				低频词 · 与人相关	342
brood	bruːd	vi.焦虑；沉思；忧思 v.孵（蛋）n.[C]一窝鸟	心理感受				低频词 · 与人相关	342
gloom	gluːm	n.[U,sing.]忧郁；愁闷；昏暗	心理感受				低频词 · 与人相关	342
distress	dɪˈstres	n.[U]忧虑；痛苦；贫困 vt.使忧虑；使悲伤	心理感受				低频词 · 与人相关	342
dizzy	ˈdɪzi	a.眩晕的；使人头昏眼花的	心理感受				低频词 · 与人相关	342
ail	eɪl	vt.困扰；使患病	心理感受				低频词 · 与人相关	342
beset	bɪˈset	vt.困扰；威胁	心理感受				低频词 · 与人相关	342
fuss	fʌs	n.[U,sing]大惊小怪；[sing.]大发牢骚 vi.忧虑	心理感受				低频词 · 与人相关	342
miserable	ˈmɪzrəbl	a.痛苦的；使难受的；乖戾的	心理感受				低频词 · 与人相关	342
anguish	ˈæŋgwɪʃ	n.[U] 剧痛；苦恼	心理感受				低频词 · 与人相关	342
weary	ˈwɪəri	a.疲劳的；令人疲倦的 vt.使疲劳	心理感受				低频词 · 与人相关	342
illusion	ɪˈluːʒn	n.[C,U] 幻想；[C] 错觉	心理感受				低频词 · 与人相关	342
nasty	ˈnɑːsti	a.极差的；不友好的；严重的；无礼的	心理感受				低频词 · 与人相关	342
complacent	kəmˈpleɪsnt	a.自满的；自鸣得意的	心理感受				低频词 · 与人相关	342
cynical	ˈsɪnɪkl	a.愤世嫉俗的；悲观的；见利忘义的	心理感受				低频词 · 与人相关	342
despise	dɪˈspaɪz	vt.鄙视；蔑视；看不起	心理感受				低频词 · 与人相关	342
scorn	skɔːn	n.[U]轻蔑；鄙视 vt.轻蔑；鄙视；不屑于（接受或做）	心理感受				低频词 · 与人相关	342
indignant	ɪnˈdɪgnənt	a.愤慨的，愤怒的，义愤的	心理感受				低频词 · 与人相关	342
outrage	ˈaʊtreɪdʒ	n.[U] 愤怒；[C] 暴行 vt.使震怒	心理感受				低频词 · 与人相关	343
resent	rɪˈzent	vt.愤恨；感到气愤	心理感受				低频词 · 与人相关	343
malice	ˈmælɪs	n.[U] 恶意；怨恨	心理感受				低频词 · 与人相关	343
numb	nʌm	a.麻木的；呆滞的 vt.使麻木；使迟钝	心理感受				低频词 · 与人相关	343
perplex	pəˈpleks	vt.迷惑，使困惑	心理感受				低频词 · 与人相关	343
restless	ˈrestləs	a.坐立不安的；不耐烦的；没有睡眠的	心理感受				低频词 · 与人相关	343
stigma	ˈstɪgmə	n.[U,常用 sing.]耻辱；[C]（植物的）柱头	心理感受				低频词 · 与人相关	343
tentative	ˈtentətɪv	a.不确定的；的	心理感受				低频词 · 与人相关	343
bold	bəʊld	a.大胆自信的；明显的 n.[U]黑体；粗体	性格爱好				低频词 · 与人相关	343
considerate	kənˈsɪdərət	a.考虑周到的；为（他人）着想的；体谅的	性格爱好				低频词 · 与人相关	343
earnest	ˈɜːnɪst	a.诚实的；真诚的；认真的	性格爱好				低频词 · 与人相关	343
hospitable	hɒˈspɪtəbl	a.好客的；殷勤的；适宜的	性格爱好				低频词 · 与人相关	343
integrity	ɪnˈtegrəti	n.[U] 诚实正直；完整	性格爱好				低频词 · 与人相关	343
noble	ˈnəʊbl	a.崇高的；宏伟的；贵族的 n.[C] 贵族成员	性格爱好				低频词 · 与人相关	343
innocent	ˈɪnəsnt	a.天真无邪的；清白的；无辜受害的 n.[C]无辜者	性格爱好				低频词 · 与人相关	343
amiable	ˈeɪmiəbl	a.和蔼可亲的；亲切友好的	性格爱好				低频词 · 与人相关	343
cordial	ˈkɔːdiəl	a.热情友好的；和蔼可亲的	性格爱好				低频词 · 与人相关	343
animate	ˈænɪmət	a.有活力的；有生气的	性格爱好				低频词 · 与人相关	343
benevolent	bəˈnevələnt	a.慈善的；仁慈的；乐善好施的	性格爱好				低频词 · 与人相关	343
humane	hjuːˈmeɪn	a.仁慈的；人道的	性格爱好				低频词 · 与人相关	343
lenient	ˈliːniənt	a.宽大的，宽容的，仁慈的	性格爱好				低频词 · 与人相关	343
courtesy	ˈkɜːtəsi	n.[U] 礼貌；谦恭 a.免费乘坐 （或使用）的	性格爱好				低频词 · 与人相关	343
hardy	ˈhɑːdi	a.能吃苦耐劳的；强壮的；耐寒的	性格爱好				低频词 · 与人相关	343
zeal	ziːl	n.[C,U] 热情，激情	性格爱好				低频词 · 与人相关	343
implicit	ɪmˈplɪsɪt	a.含蓄的；内含的；完全的	性格爱好				低频词 · 与人相关	343
timid	ˈtɪmɪd	a.羞怯的；胆怯的；缺乏自信的	性格爱好				低频词 · 与人相关	343
shrewd	ʃruːd	a.精明的；敏锐的；判断得准的	性格爱好				低频词 · 与人相关	343
discreet	dɪˈskriːt	a.谨慎的；慎重的	性格爱好				低频词 · 与人相关	343
drastic	ˈdræstɪk	a.极端的；严厉的；激烈的	性格爱好				低频词 · 与人相关	343
stern	stɜːn	a.严厉的；严峻的 n.[C]船尾	性格爱好				低频词 · 与人相关	343
solemn	ˈsɒləm	a.冷峻的；庄严的；隆重的	性格爱好				低频词 · 与人相关	344
idle	ˈaɪdl	a.邂怠的；闲置的；闲散的	性格爱好				低频词 · 与人相关	344
arbitrary	ˈɑːbɪtrəri	a.武断的；任意的；主观的；专制的	性格爱好				低频词 · 与人相关	344
coward	ˈkaʊəd	n.[C]胆小鬼；懦夫；胆怯者	性格爱好				低频词 · 与人相关	344
brutal	ˈbruːtl	a.残暴的；直截了当的	性格爱好				低频词 · 与人相关	344
arrogant	ˈærəgənt	a.傲慢的；自大的	性格爱好				低频词 · 与人相关	344
conceit	kənˈsiːt	n.[U] 自负；骄傲自大；[C]别出心裁的比喻	性格爱好				低频词 · 与人相关	344
cunning	ˈkʌnɪŋ	a.狡猾的；灵巧的 n.[U]狡猾；诡诈	性格爱好				低频词 · 与人相关	344
disposition	ˌdɪspəˈzɪʃn	n.[常用 sing.]性格；倾向；排列；[C,U]处置	性格爱好				低频词 · 与人相关	344
greed	griːd	n.[U]贪婪；贪心；贪食	性格爱好				低频词 · 与人相关	344
hypocrisy	hɪˈpɒkrəsi	n.[C,U] 伪善；虚伪	性格爱好				低频词 · 与人相关	344
meticulous	məˈtɪkjələs	a.细心的，小心翼翼的	性格爱好				低频词 · 与人相关	344
militant	ˈmɪlɪtənt	a.好斗的；激进的	性格爱好				低频词 · 与人相关	344
rash	ræʃ	a.轻率的；鲁莽的 n.[常用 sing.]皮疹；[sing.]大量	性格爱好				低频词 · 与人相关	344
ruthless	ˈruːθləs	a.残酷无情的，残忍的；坚决的	性格爱好				低频词 · 与人相关	344
temperament	ˈtemprəmənt	n.[C,U]气质，性情；[U]喜怒无常	性格爱好				低频词 · 与人相关	344
explicit	ɪkˈsplɪsɪt	a.清楚明白的；坦率的；直截了当的	性格爱好				低频词 · 与人相关	344
insane	ɪnˈseɪn	a.精神错乱的；疯狂的	性格爱好				低频词 · 与人相关	344
peculiar	pɪˈkjuːliə(r)	] a.怪异的；特有的；特殊的	性格爱好				低频词 · 与人相关	344
mute	mjuːt	a.沉默的；哑的 n.[C]弱音器 vt.消音；减弱	性格爱好				低频词 · 与人相关	344
retarded	rɪˈtɑːdɪd	a.迟钝的，智力发育迟缓的	性格爱好				低频词 · 与人相关	344
vulgar	ˈvʌlgə(r)	a.庸俗的；粗俗的；粗野的	性格爱好				低频词 · 与人相关	344
wicked	ˈwɪkɪd	a.邪恶的；缺德的；淘气的；危险的	性格爱好				低频词 · 与人相关	344
curl	kɜːl	n.[C]卷发；螺旋状物 v.卷；蜷缩； （使）旋绕	外貌特征				低频词 · 与人相关	344
fringe	frɪndʒ	n.[常用 sing]刘海儿；[C]边缘 vt.在……的边缘	外貌特征				低频词 · 与人相关	344
gorgeous	ˈgɔːdʒəs	a.美丽动人的；华丽的	外貌特征				低频词 · 与人相关	344
lame	leɪm	a.的，跛的；站不住脚的	外貌特征				低频词 · 与人相关	344
obese	əʊˈbiːs	a.臃肿的；病态肥胖的	外貌特征				低频词 · 与人相关	344
stout	staʊt	a.肥胖的；粗壮结实的；顽强的 n.[C,U] 黑啤酒	外貌特征				低频词 · 与人相关	344
slender	ˈslendə(r)	] a.苗条的；细的；微弱的	外貌特征				低频词 · 与人相关	344
wrinkle	ˈrɪŋkl	n.[C]皱纹；[常用 pl.]皱痕 v.起皱纹	外貌特征				低频词 · 与人相关	345
complexion	kəmˈplekʃn	n.[C]面色；肤色；[常用 sing.]性质，特性	外貌特征				低频词 · 与人相关	345
flush	flʌʃ	v.脸红；冲洗 n.[常用 sing.]脸红；一阵激情	外貌特征				低频词 · 与人相关	345
sturdy	ˈstɜːdi	a.结实的；强壮的；坚决的	外貌特征				低频词 · 与人相关	345
allege	əˈledʒ	vt.（未提出证据）断言，指称，声称	日常交流				低频词 · 日常生活	345
gossip	ˈgɒsɪp	n.[U]流言语；[常用 sing.]说长道短 vi.说长道短	日常交流				低频词 · 日常生活	345
oral	ˈɔːrəl	a.口头的；口腔的 n.[C] 口试	日常交流				低频词 · 日常生活	345
rumour	ˈruːmə(r)	n.[C,U]谣言；传闻 vt.谣传	日常交流				低频词 · 日常生活	345
whisper	ˈwɪspə(r)	v.低语 vt.私下说 n.[C]耳语；传闻	日常交流				低频词 · 日常生活	345
affirm	əˈfɜːm	vt.断言；申明；肯定属实	日常交流				低频词 · 日常生活	345
agitate	ˈædʒɪteɪt	vi.煽动，鼓动 vt.激怒；使不安；搅动	日常交流				低频词 · 日常生活	345
allude	əˈluːd	vi.暗指；影射	日常交流				低频词 · 日常生活	345
articulate	ɑːˈtɪkjuleɪt	vt.明确表达 v.口齿清楚	日常交流				低频词 · 日常生活	345
articulate	ɑːˈtɪkjuleɪt	a.善于表达的；口齿清楚的	日常交流				低频词 · 日常生活	345
beckon	ˈbekən	v.招手示意；吸引引，诱惑	日常交流				低频词 · 日常生活	345
compliment	ˈkɒmplɪmənt	n.[C]赞扬；[pl.]致意	日常交流				低频词 · 日常生活	345
compliment	ˈkɒmplɪmənt	vt.赞美；称赞	日常交流				低频词 · 日常生活	345
concede	kənˈsiːd	v.承认 vt.让与；让步	日常交流				低频词 · 日常生活	345
confide	kənˈfaɪd	v.吐露 (秘密等)	日常交流				低频词 · 日常生活	345
console	kənˈsəʊl	vt.安慰；抚慰	日常交流				低频词 · 日常生活	345
converse	kənˈvɜːs	vi. 交谈	日常交流				低频词 · 日常生活	345
delude	dɪˈluːd	vt.欺骗；哄骗	日常交流				低频词 · 日常生活	345
deplore	dɪˈplɔː(r)	vt.公开谴责；强烈反对	日常交流				低频词 · 日常生活	345
eloquent	ˈeləkwənt	a.雄辩的；有口才的；传神的	日常交流				低频词 · 日常生活	345
exposition	ˌekspəˈzɪʃn	n.[C,U]解释，阐述；[C]展览会	日常交流				低频词 · 日常生活	345
flatter	ˈflætə(r)	vt.奉承；自以为是；使显得更漂亮	日常交流				低频词 · 日常生活	345
intercourse	ˈɪntəkɔːs	n.[U]（想法、感情等的）交流；性交	日常交流				低频词 · 日常生活	345
mock	mɒk	v.嘲笑 a.虚假的；模拟的 n.[pl.]模拟考试	日常交流				低频词 · 日常生活	345
murmur	ˈmɜːmə(r)	v.低语 vi.发出轻柔低沉的声音 n.[C]低语	日常交流				低频词 · 日常生活	345
mutter	ˈmʌtə(r)	v.嘀咕 vi.抱怨 n.[常用 sing.]嘀咕	日常交流				低频词 · 日常生活	346
pretext	ˈpriːtekst	n.[C]借口，托词	日常交流				低频词 · 日常生活	346
reproach	rɪˈprəʊtʃ	n.[U]责备；羞耻；[C] 责备的话语 vt.责备	日常交流				低频词 · 日常生活	346
sarcasm	ˈsɑːkæzəm	n.[U] 讽刺，嘲讽；挖苦	日常交流				低频词 · 日常生活	346
satire	ˈsætaɪə(r)	n.[U] 讽刺；[C] 讽刺作品	日常交流				低频词 · 日常生活	346
seduce	sɪˈdjuːs	vt.诱骗；唆使；诱奸	日常交流				低频词 · 日常生活	346
soothe	suːð	vt.安慰；缓和 (疼痛)	日常交流				低频词 · 日常生活	346
stammer	ˈstæmə(r)	v.口吃，结结巴巴地说 n.[sing]口吃，结巴	日常交流				低频词 · 日常生活	346
tease	tiːz	v.取笑 vt.招惹；梳理 n.[C]取笑者；戏弄	日常交流				低频词 · 日常生活	346
vow	vaʊ	n.[C] 誓言；诺言 vt.起誓，发誓	日常交流				低频词 · 日常生活	346
petty	ˈpeti	a.小的；琐碎的；狭隘的	日常交流				低频词 · 日常生活	346
trifle	ˈtraɪfl	n.[sing.]稍微；一点儿；[C]琐事	日常交流				低频词 · 日常生活	346
bin	bɪn	n.[C]垃圾箱；箱 vt.扔掉	日常用品				低频词 · 日常生活	346
bucket	ˈbʌkɪt	n.[C]桶；一桶（的量）；[pl]大量	日常用品				低频词 · 日常生活	346
cupboard	ˈkʌbəd	n.[C]橱柜；衣柜；壁橱	日常用品				低频词 · 日常生活	346
fireplace	ˈfaɪəpleɪs	n.[C]壁炉	日常用品				低频词 · 日常生活	346
grill	grɪl	n.[C] 烤架 v.烧烤 vt.追问	日常用品				低频词 · 日常生活	346
furnace	ˈfɜːnɪs	n.[C]熔炉；锅炉	日常用品				低频词 · 日常生活	346
stool	stuːl	n.[C]凳子；粪便	日常用品				低频词 · 日常生活	346
kettle	ˈketl	n.[C]（烧水用的）壶，水壶	日常用品				低频词 · 日常生活	346
mop	mɒp	n.[C]拖把；洗碗刷 vt.用拖把擦；擦干	日常用品				低频词 · 日常生活	346
tray	treɪ	n.[C]盘；托盘	日常用品				低频词 · 日常生活	346
mug	mʌg	n.[C]马克杯，大杯；一大杯 vt.打劫	日常用品				低频词 · 日常生活	346
lid	lɪd	n.[C]盖子；眼脸	日常用品				低频词 · 日常生活	346
sponge	spʌndʒ	n.[C] 海绵块；[U]人造海绵 vt.用湿布（或海绵）擦	日常用品				低频词 · 日常生活	346
wax	wæks	n.[U] 蜡；耳垢 vt.给…打蜡； （用蜡）去毛	日常用品				低频词 · 日常生活	346
pesticide	ˈpestɪsaɪd	n.[C,U]杀虫剂；除害药物	日常用品				低频词 · 日常生活	346
blade	bleɪd	n.[C]刀刃；刀片；桨叶	日常用品				低频词 · 日常生活	346
screw	skruː	n.[C]螺丝钉 v.用螺钉固定；拧紧	日常用品				低频词 · 日常生活	346
spade	speɪd	n.[C]锹；铲；[pl.,U]黑桃	日常用品				低频词 · 日常生活	346
bolt	bəʊlt	n.[C]插销；螺栓 v.用插销门上 vi.脱缰；跑开	日常用品				低频词 · 日常生活	347
socket	ˈsɒkɪt	n.[C]插座；插口；窝，臼	日常用品				低频词 · 日常生活	347
fuse	fjuːz	n.[C]保险丝；导火线 v.（使）融合； （使）熔化	日常用品				低频词 · 日常生活	347
bumper	ˈbʌmpə(r)	n.[C] 保险杠 a.异常大的；丰盛的	日常用品				低频词 · 日常生活	347
cardboard	ˈkɑːdbɔːd	n.[U] 硬纸板 a.不真实的；虚假的	日常用品				低频词 · 日常生活	347
panel	ˈpænl	n.[C] 镶板；金属板；讨论小组 vt.镶板	日常用品				低频词 · 日常生活	347
cord	kɔːd	n.[C,U]（结实的）粗线；细绳；电线	日常用品				低频词 · 日常生活	347
string	strɪŋ	n.[C,U]线；[C]一连串 vt.悬挂；用线串 a.线的	日常用品				低频词 · 日常生活	347
rope	rəʊp	n.[C,U]粗绳 vt.用绳子捆；捆紧	日常用品				低频词 · 日常生活	347
elastic	ɪˈlæstɪk	n.[U]松紧带 a.有弹性的；灵活的	日常用品				低频词 · 日常生活	347
hose	həʊz	n.[C,U]橡皮管 vt.用软管浇水	日常用品				低频词 · 日常生活	347
foam	fəʊm	n.[U] 泡沫橡胶；泡沫 vi.起泡沫	日常用品				低频词 · 日常生活	347
cork	kɔːk	n.[U] 软木；[C] 软木塞 vt.塞住	日常用品				低频词 · 日常生活	347
hinge	hɪndʒ	n.[C]铰链；合叶 vt.给……装铰链	日常用品				低频词 · 日常生活	347
cushion	ˈkʊʃn	n.[C]垫子；缓冲物 vt.缓冲；减轻……的影响	日常用品				低频词 · 日常生活	347
facility	fəˈsɪləti	n.[pl]设施；[C]特别装置；场所；[sing.,U]天赋	日常用品				低频词 · 日常生活	347
console	ˈkɒnsəʊl	n.[C]控制台	日常用品				低频词 · 日常生活	347
cement	sɪˈment	n.[U] 水泥；胶合剂 vt.胶合；巩固(关系等)	日常用品				低频词 · 日常生活	347
brick	brɪk	n.[C,U]砖，砖块；[C]积木	日常用品				低频词 · 日常生活	347
tile	taɪl	n.[C]瓷砖；瓦片 vt.铺瓦；贴瓷砖	日常用品				低频词 · 日常生活	347
kit	kɪt	n.[C] 配套元件；[C,U]成套工具；成套设备	日常用品				低频词 · 日常生活	347
mould	məʊld	（亦作 mold）n.[C]模具；[常用 sing.]类型 vt.塑造	日常用品				低频词 · 日常生活	347
wedge	wedʒ	n.[C]楔子；楔形物 vt……将……挤入；把…楔牢	日常用品				低频词 · 日常生活	347
peg	peg	n.[C]钉子；衣夹 vt.用夹子夹住；与…挂钩	日常用品				低频词 · 日常生活	347
plough	plaʊ	n.[C]犁 v.犁 (田)	日常用品				低频词 · 日常生活	347
pump	pʌmp	n.[C]抽水机；泵 v.用泵输送 vi.涌出	日常用品				低频词 · 日常生活	347
trolley	ˈtrɒli	n.[C]手推车；有轨电车	日常用品				低频词 · 日常生活	347
tyre	ˈtaɪə(r)	n.[C]轮胎	日常用品				低频词 · 日常生活	347
rack	ræk	n.[C] 架子 vt.使痛苦不堪	日常用品				低频词 · 日常生活	347
torch	tɔːtʃ	n.[C]手电筒；火炬；火把 vt.放火烧	日常用品				低频词 · 日常生活	347
sack	sæk	n.[C] 麻袋；一满袋 vt.解雇；破坏	日常用品				低频词 · 日常生活	347
bead	biːd	n.[C]（有孔的）珠子；（液体的）小滴	日常用品				低频词 · 日常生活	347
portfolio	ˌpɔːtˈfəʊliəʊ	n.[C]文件夹；作品选集；投资组合	日常用品				低频词 · 日常生活	348
clip	klɪp	n.[C]回形针；电影片段 v.夹住 vt.剪(掉)	日常用品				低频词 · 日常生活	348
stationery	ˈsteɪʃənri	n.[U]文具；信纸	日常用品				低频词 · 日常生活	348
reel	riːl	n.[C] 卷轴 vi.跟跎；感到震惊	日常用品				低频词 · 日常生活	348
keyboard	ˈkiːbɔːd	n.[C]键盘；琴键；键盘乐器 v.用键盘输入	日常用品				低频词 · 日常生活	348
log	lɒg	n.[C]原木；航海日志 vt.记录；行驶；伐木	日常用品				低频词 · 日常生活	348
cosmetic	ˌkɒzˈmetɪk	n.[常用 pl]化妆品 a.表面的；整容的	日常用品				低频词 · 日常生活	348
makeup	ˈmeɪkʌp	n.[U]化妆品；性格；构造	日常用品				低频词 · 日常生活	348
lipstick	ˈlɪpstɪk	n.[C,U] 口红，唇膏	日常用品				低频词 · 日常生活	348
lotion	ˈləʊʃn	n.[C,U] 洁肤液；护肤液；润肤乳	日常用品				低频词 · 日常生活	348
perfume	ˈpɜːfjuːm	n.[C,U]香水；芳香 vt.使香气弥漫；抹香水	日常用品				低频词 · 日常生活	348
spotlight	ˈspɒtlaɪt	n.[C]聚光灯 vt.使受注意；用聚光灯照	日常用品				低频词 · 日常生活	348
banner	ˈbænə(r)	n.[C] 横幅	日常用品				低频词 · 日常生活	348
cradle	ˈkreɪdl	n.[C]摇篮；[常用 sing.]发祥地 vt.轻轻抱着	日常用品				低频词 · 日常生活	348
thermometer	θəˈmɒmɪtə(r)	n. [C] 温度计；体温计	日常用品				低频词 · 日常生活	348
crate	kreɪt	n.[C]大木箱 vt.把……装入大木箱	日常用品				低频词 · 日常生活	348
appetite	ˈæpɪtaɪt	n.[U,sing]食欲；胃口；[C]欲望	日常饮食				低频词 · 日常生活	348
buffet	ˈbʊfeɪ	n.[C] 自助餐	日常饮食				低频词 · 日常生活	348
cracker	ˈkrækə(r)	n.[C]薄脆饼干；彩色爆竹	日常饮食				低频词 · 日常生活	348
flesh	fleʃ	n.[U] 肉；果肉；皮肤	日常饮食				低频词 · 日常生活	348
roast	rəʊst	n.[C]烤肉 v.烤 vt.炒 a.烤的	日常饮食				低频词 · 日常生活	348
toast	təʊst	n.[U] 烤面包片；[C]干杯 v.烤 vt.为……干杯	日常饮食				低频词 · 日常生活	348
carbohydrate	ˌkɑːbəʊˈhaɪdreɪt	n.[C,U]碳水化合物；糖类；[常用 pl]淀粉质食物	日常饮食				低频词 · 日常生活	348
cauliflower	ˈkɒlɪflaʊə(r)	n.[C,U] 花椰菜，菜花	日常饮食				低频词 · 日常生活	348
coconut	ˈkəʊkənʌt	n.[C]椰子；[U]椰肉；椰蓉	日常饮食				低频词 · 日常生活	348
crisp	krɪsp	n.[C]炸薯片 a.脆的，鲜脆的 v.（使）变脆	日常饮食				低频词 · 日常生活	348
crust	krʌst	n.[C,U]面包皮；硬表面 n.[常用 sing.]酥皮	日常饮食				低频词 · 日常生活	348
dough	dəʊ	n.[sing,U]生面团；[U]钱	日常饮食				低频词 · 日常生活	348
jelly	ˈdʒeli	n.[C,U] 果冻；果酱；[U] 肉冻	日常饮食				低频词 · 日常生活	348
lime	laɪm	n.[C,U]酸橙；[U]石灰 vt.撒石灰	日常饮食				低频词 · 日常生活	348
mint	mɪnt	n.[U]薄荷；[C]薄荷糖；铸币厂 vt.铸(币)	日常饮食				低频词 · 日常生活	349
pasta	ˈpæstə	n.[U] 意大利面食	日常饮食				低频词 · 日常生活	349
pastry	ˈpeɪstri	n.[U] 油酥面团；[C] 油酥糕点	日常饮食				低频词 · 日常生活	349
porridge	ˈpɒrɪdʒ	n.[U]麦片粥；粥	日常饮食				低频词 · 日常生活	349
pudding	ˈpʊdɪŋ	n.[C,U]布丁；甜食，甜点	日常饮食				低频词 · 日常生活	349
pumpkin	ˈpʌmpkɪn	n. [C,U]南瓜	日常饮食				低频词 · 日常生活	349
spaghetti	spəˈgeti	n.[U] 意大利细面条	日常饮食				低频词 · 日常生活	349
corn	kɔːn	n.[U]谷物；谷粒；玉米；[C]鸡眼	日常饮食				低频词 · 日常生活	349
garlic	ˈgɑːlɪk	n.[U]蒜，大蒜	日常饮食				低频词 · 日常生活	349
spice	spaɪs	n.[C,U] 香料；[U] 额外的趣味 vt.在…中加香料	日常饮食				低频词 · 日常生活	349
vinegar	ˈvɪnɪgə(r)	n.[U] 醋	日常饮食				低频词 · 日常生活	349
pepper	ˈpepə(r)	n.[U]胡椒粉；[C]椒类 vt.（在食物上）撒胡椒粉	日常饮食				低频词 · 日常生活	349
ale	eɪl	n.[C,U]麦芽啤酒	日常饮食				低频词 · 日常生活	349
brandy	ˈbrændi	n.[C,U] 白兰地 (酒)	日常饮食				低频词 · 日常生活	349
cocktail	ˈkɒkteɪl	n.[C]鸡尾酒；[C,U] 凉菜；冷盘	日常饮食				低频词 · 日常生活	349
champagne	ʃæmˈpeɪn	n.[C,U] 香槟酒	日常饮食				低频词 · 日常生活	349
liquor	ˈlɪkə(r)	n.[U] 烈性酒	日常饮食				低频词 · 日常生活	349
costume	ˈkɒstjuːm	n.[C,U]（某地或某历史时期的）服装，装束；戏装	服装穿戴				低频词 · 日常生活	349
gown	gaʊn	n.[C]女礼服；长袍	服装穿戴				低频词 · 日常生活	349
leather	ˈleðə(r)	n.[C,U] 皮革；[pl.]皮衣	服装穿戴				低频词 · 日常生活	349
overcoat	ˈəʊvəkəʊt	n.[C] 长大衣	服装穿戴				低频词 · 日常生活	349
sleeve	sliːv	n.[C]袖子；唱片套	服装穿戴				低频词 · 日常生活	349
underwear	ˈʌndəweə(r)	n.[U] 内衣；衬衣	服装穿戴				低频词 · 日常生活	349
veil	veɪl	n.[C]面纱；头巾；[sing.]掩饰 vt.戴面纱；遮掩	服装穿戴				低频词 · 日常生活	349
apron	ˈeɪprən	n.[C]围裙；停机坪	服装穿戴				低频词 · 日常生活	349
armour	ˈɑːmə(r)	n.[U]盔甲；装甲；装甲部队	服装穿戴				低频词 · 日常生活	349
cloak	kləʊk	n.[C]披风，斗篷；[sing.]遮盖物 vt.遮盖	服装穿戴				低频词 · 日常生活	349
helmet	ˈhelmɪt	n.[C]头盔；防护帽	服装穿戴				低频词 · 日常生活	349
linen	ˈlɪnɪn	n.[U]亚麻布；亚麻织品	服装穿戴				低频词 · 日常生活	349
vest	vest	n.[C]背心；马甲	服装穿戴				低频词 · 日常生活	349
pearl	pɜːl	n.[C]珍珠；极有价值的东西；[常用 sing.]像珍珠之物	服装穿戴				低频词 · 日常生活	350
lace	leɪs	n.[U] 花边；蕾丝；[C]鞋带 v.由带子系紧	服装穿戴				低频词 · 日常生活	350
ribbon	ˈrɪbən	n.[C,U]丝带；[C]绶带；带状物	服装穿戴				低频词 · 日常生活	350
velvet	ˈvelvɪt	n.[U]丝绒，天鹅绒	服装穿戴				低频词 · 日常生活	350
vessel	ˈvesl	n.[C]船，舰；血管；容器	旅游出行				低频词 · 日常生活	350
yacht	jɒt	n.[C]帆船；游艇	旅游出行				低频词 · 日常生活	350
anchor	ˈæŋkə(r)	n.[C]锚 v.抛锚；下锚 vt.使固定	旅游出行				低频词 · 日常生活	350
shuttle	ˈʃʌtl	n.[C]穿梭班车；航天飞机 vi.频繁往来 vt.往返运送	旅游出行				低频词 · 日常生活	350
caravan	ˈkærəvæn	n.[C]旅行拖车；大篷车；旅行队	旅游出行				低频词 · 日常生活	350
tram	træm	n.[C]有轨电车	旅游出行				低频词 · 日常生活	350
wagon	ˈwægən	(亦作 waggon）n.[C]四轮运货马车；车皮	旅游出行				低频词 · 日常生活	350
cart	kɑːt	n.[C]运货马车；手推车 vt.用车装运	旅游出行				低频词 · 日常生活	350
brake	breɪk	n.[C]刹车；阻力 v.刹（车）	旅游出行				低频词 · 日常生活	350
horsepower	ˈhɔːspaʊə(r)	n.[C,U]马力(功率单位)	旅游出行				低频词 · 日常生活	350
cabin	ˈkæbɪn	n.[C]隔间；座舱；小屋	旅游出行				低频词 · 日常生活	350
excursion	ɪkˈskɜːʃn	n.[C]远足，短途旅行；涉足，涉猎	旅游出行				低频词 · 日常生活	350
hike	haɪk	n.[C]远足；猛增 v.远足	旅游出行				低频词 · 日常生活	350
motel	məʊˈtel	n.[C]汽车旅馆	旅游出行				低频词 · 日常生活	350
motorway	ˈməʊtəweɪ	n.[C,U]（英国）高速公路	旅游出行				低频词 · 日常生活	350
panorama	ˌpænəˈrɑːmə	n.[C]全景；全面叙述	旅游出行				低频词 · 日常生活	350
gorge	gɔːdʒ	n.[C] 峡谷 v.狼吞虎咽	旅游出行				低频词 · 日常生活	350
ridge	rɪdʒ	n.[C]山脊；隆起 vt.使隆起	旅游出行				低频词 · 日常生活	350
canal	kəˈnæl	n.[C]运河；食道；气管	旅游出行				低频词 · 日常生活	350
cottage	ˈkɒtɪdʒ	n.[C]小屋；（ （尤指）村舍；小别墅	地点场所				低频词 · 日常生活	350
hut	hʌt	n.[C]简陋的小房子(或棚、舍)	地点场所				低频词 · 日常生活	350
lodge	lɒdʒ	n.[C]小舍；门房 vt.正式提出；安置 v.租住	地点场所				低频词 · 日常生活	350
aisle	aɪl	n.[C]走道，过道	地点场所				低频词 · 日常生活	351
corridor	ˈkɒrɪdɔː(r)	n.[C]走廊，过道； (火车上的）走道	地点场所				低频词 · 日常生活	351
porch	pɔːtʃ	n.[C]门廊；走廊	地点场所				低频词 · 日常生活	351
attic	ˈætɪk	n.[C] 阁楼，顶楼	地点场所				低频词 · 日常生活	351
booth	buːð	n.[C]小隔间；摊位；雅座	地点场所				低频词 · 日常生活	351
cellar	ˈselə(r)	n.[C]地窖；地下室；酒窖	地点场所				低频词 · 日常生活	351
lavatory	ˈlævətri	n.[C]卫生间；公共厕所	地点场所				低频词 · 日常生活	351
mill	mɪl	n.[C]磨坊；工厂 vt.磨成粉	地点场所				低频词 · 日常生活	351
nursery	ˈnɜːsəri	n.[C]托儿所；婴儿室 a.幼儿教育的	地点场所				低频词 · 日常生活	351
realm	relm	n.[C] 领域；场所；王国	地点场所				低频词 · 日常生活	351
slope	sləʊp	n.[C]斜坡；[常用 pl.]山坡；[sing.,U]斜度 vi.倾斜	地点场所				低频词 · 日常生活	351
suburb	ˈsʌbɜːb	n.[C] 郊区；城外	地点场所				低频词 · 日常生活	351
tunnel	ˈtʌnl	n.[C]隧道；（动物的）洞穴通道 v.挖地道	地点场所				低频词 · 日常生活	351
runway	ˈrʌnweɪ	n.[C]飞机跑道；T 台	地点场所				低频词 · 日常生活	351
archive	ˈɑːkaɪv	n.[C]档案馆；档案 vt.把…存档	地点场所				低频词 · 日常生活	351
barn	bɑːn	n.[C]谷仓；畜棚；简陋的大房子	地点场所				低频词 · 日常生活	351
cathedral	kəˈθiːdrəl	n.[C]大教堂；主教座堂	地点场所				低频词 · 日常生活	351
cemetery	ˈsemətri	n.[C]墓地，公墓	地点场所				低频词 · 日常生活	351
consulate	ˈkɒnsjələt	n.[C] 领事馆	地点场所				低频词 · 日常生活	351
depot	ˈdepəʊ	n.[C]库房；车库；火车站	地点场所				低频词 · 日常生活	351
fort	fɔːt	n.[C]要塞；堡垒；兵营，军营	地点场所				低频词 · 日常生活	351
isle	aɪl	n. [C] 岛	地点场所				低频词 · 日常生活	351
mansion	ˈmænʃn	n.[C]公馆，宅第；大厦	地点场所				低频词 · 日常生活	351
meadow	ˈmedəʊ	n.[C]草地；牧场	地点场所				低频词 · 日常生活	351
barracks	ˈbærəks	n.[C]营房，兵营	地点场所				低频词 · 日常生活	351
parish	ˈpærɪʃ	n.[C]教区；行政小区	地点场所				低频词 · 日常生活	351
plaza	ˈplɑːzə	n.[C]露天广场；购物中心	地点场所				低频词 · 日常生活	351
ranch	rɑːntʃ	n.[C] 牧场；大农场	地点场所				低频词 · 日常生活	351
reservoir	ˈrezəvwɑː(r)	n.[C]水库，蓄水池；储藏	地点场所				低频词 · 日常生活	351
salon	ˈsælɒn	n.[C]美发厅；（大宅中的）客厅；沙龙	地点场所				低频词 · 日常生活	351
shipyard	ˈʃɪpjɑːd	n.[C]船坞；造船厂	地点场所				低频词 · 日常生活	351
strait	streɪt	n.[C] 海峡；[pl.]困境	地点场所				低频词 · 日常生活	351
terrain	təˈreɪn	n.[C,U]地形；地势	地点场所				低频词 · 日常生活	352
venue	ˈvenjuː	n.[C]举办地点；聚会地点	地点场所				低频词 · 日常生活	352
wharf	wɔːf	n.[C]码头	地点场所				低频词 · 日常生活	352
pilot	ˈpaɪlət	n.[C]飞行员；领航员 vt.驾驶；引导；试行 a.试点的	身份职业				低频词 · 社会政经	352
broker	ˈbrəʊkə(r)	n.[C]经纪人 vt.安排	身份职业				低频词 · 社会政经	352
butcher	ˈbʊtʃə(r)	n.[C]屠夫；肉店 vt.屠杀；宰杀	身份职业				低频词 · 社会政经	352
cashier	kæˈʃɪə(r)	n.[C]出纳员 vt.开除……的军职	身份职业				低频词 · 社会政经	352
landlord	ˈlændlɔːd	n.[C]业主；房东；店主	身份职业				低频词 · 社会政经	352
peasant	ˈpeznt	n.[C]农民，小农	身份职业				低频词 · 社会政经	352
sponsor	ˈspɒnsə(r)	n.[C] 赞助者；资助者；发起人 vt.赞助；主办	身份职业				低频词 · 社会政经	352
vendor	ˈvendə(r)	n.[C]小贩；销售公司；卖主	身份职业				低频词 · 社会政经	352
censor	ˈsensə(r)	n.[C]审查员 vt.审查（信件或媒体）	身份职业				低频词 · 社会政经	352
clergy	ˈklɜːdʒi	n.[pl.]圣职人员，神职人员	身份职业				低频词 · 社会政经	352
jargon	ˈdʒɑːgən	n.[U]行话，术语 (常含贬义)	身份职业				低频词 · 社会政经	352
jockey	ˈdʒɒki	n.[C]（尤指职业的）赛马骑师 vi.要各种手腕获取	身份职业				低频词 · 社会政经	352
midwife	ˈmɪdwaɪf	n.[C]助产士，接生员	身份职业				低频词 · 社会政经	352
missionary	ˈmɪʃənri	n.[C]传教士 a.传教的	身份职业				低频词 · 社会政经	352
plumber	ˈplʌmə(r)	n.[C]水暖工，管子工，铅管工	身份职业				低频词 · 社会政经	352
referee	ˌrefəˈriː	n.[C]裁判；推荐人 v.担任裁判	身份职业				低频词 · 社会政经	352
steward	ˈstjuːəd	n.[C]男乘务员；组织者；负责人	身份职业				低频词 · 社会政经	352
superintendent	ˌsuːpərɪnˈtendənt	n.[C]主管人；警司；管理员	身份职业				低频词 · 社会政经	352
mistress	ˈmɪstrəs	n.[C]情妇；女教师；女主人	身份职业				低频词 · 社会政经	352
overtime	ˈəʊvətaɪm	n.[U]加班；加班的时间；加班费	身份职业				低频词 · 社会政经	352
payroll	ˈpeɪrəʊl	n.[C]工资名单；[常用 sing.]（公司的）工资总支出	身份职业				低频词 · 社会政经	352
wage	weɪdʒ	n.[C]工资，工钱 vt.开始，发动	身份职业				低频词 · 社会政经	352
senate	ˈsenət	n.[sing.]参议院；[常用 sing., U]大学评议会	国家政经				低频词 · 社会政经	352
federation	ˌfedəˈreɪʃn	n.[C]联邦；联合会；[U]联盟	国家政经				低频词 · 社会政经	352
cabinet	ˈkæbɪnət	n.[C] 内阁；储藏柜	国家政经				低频词 · 社会政经	353
commonwealth	ˈkɒmənwelθ	n.[sing.][the C-]英联邦；州	国家政经				低频词 · 社会政经	353
treasury	ˈtreʒəri	n.[sing.][the T-]财政部；[C]宝库	国家政经				低频词 · 社会政经	353
confederation	kənˌfedəˈreɪʃn	n.[C] 联盟	国家政经				低频词 · 社会政经	353
customs	ˈkʌstəmz	n.[pl.]海关；关税	国家政经				低频词 · 社会政经	353
audit	ˈɔːdɪt	n.[C,U]审计；审查 vt.审计；旁听(大学课程)	国家政经				低频词 · 社会政经	353
colony	ˈkɒləni	n.[C]殖民地；聚居区；群落	国家政经				低频词 · 社会政经	353
ballot	ˈbælət	n.[C,U]投票选举；[C] 选票 vt.要求某人无记名投票	国家政经				低频词 · 社会政经	353
referendum	ˌrefəˈrendəm	n.[C,U]全民投票，全民公决	国家政经				低频词 · 社会政经	353
constituent	kənˈstɪtjuənt	n.[C]选民；成分 a.组成的	国家政经				低频词 · 社会政经	353
autonomous	ɔːˈtɒnəməs	a.自治的；自主的	国家政经				低频词 · 社会政经	353
ultra	ˈʌltrə	n.[C]（尤指政治上的）过激分子	国家政经				低频词 · 社会政经	353
rebel	ˈrebl	n.[C] 造反者；叛逆者	国家政经				低频词 · 社会政经	353
rebel	ˈrebl	vi.造反；反抗	国家政经				低频词 · 社会政经	353
overthrow	ˌəʊvəˈθrəʊ	vt.推翻	国家政经				低频词 · 社会政经	353
overthrow	ˌəʊvəˈθrəʊ	n.[常用 sing.]推翻	国家政经				低频词 · 社会政经	353
coup	kuː	n.[C]政变；（克服很大困难的）成功之举	国家政经				低频词 · 社会政经	353
uprising	ˈʌpraɪzɪŋ	n.[C]起义；暴动	国家政经				低频词 · 社会政经	353
agenda	əˈdʒendə	n.[C] 议程表；议事日程	国家政经				低频词 · 社会政经	353
buck	bʌk	n.[C]美元；澳元；雄鹿 vi.腾跃 vt.抵制	国家政经				低频词 · 社会政经	353
bulletin	ˈbʊlətɪn	n.[C]新闻简报；公告；布告；简报，会刊	国家政经				低频词 · 社会政经	353
corrupt	kəˈrʌpt	a.贪污的；受贿的；不诚实的 vt.使腐化；破坏	国家政经				低频词 · 社会政经	353
bribe	braɪb	vt.行贿 n.[C]贿赂	国家政经				低频词 · 社会政经	353
flourish	ˈflʌrɪʃ	vi.繁荣；茁壮成长 n.[常用 sing.]夸张动作	国家政经				低频词 · 社会政经	353
underdeveloped	ˌʌndədɪˈveləpt	a.工业不发达的；生活水平低的	国家政经				低频词 · 社会政经	353
asylum	əˈsaɪləm	n.[U]（政治）庇护；[C]精神病院	国家政经				低频词 · 社会政经	353
auction	ˈɔːkʃn	n.[C,U] 拍卖 vt.拍卖	国家政经				低频词 · 社会政经	353
bloc	blɒk	n.[C](政治利益一致的) 国家集	国家政经				低频词 · 社会政经	353
bureaucrat	ˈbjʊərəkræt	n.[C]官僚主义者；官僚	国家政经				低频词 · 社会政经	353
deport	dɪˈpɔːt	vt.把…驱逐出境	国家政经				低频词 · 社会政经	353
dissident	ˈdɪsɪdənt	n.[C]持不同政见者	国家政经				低频词 · 社会政经	353
dividend	ˈdɪvɪdend	n.[C]红利，股息； （足球赌博的）彩金	国家政经				低频词 · 社会政经	353
allowance	əˈlaʊəns	n.[C]津贴，补助；限额，定量	国家政经				低频词 · 社会政经	354
dole	dəʊl	n.[sing.,U] 失业救济金	国家政经				低频词 · 社会政经	354
electoral	ɪˈlektərəl	a.有关选举的	国家政经				低频词 · 社会政经	354
envoy	ˈenvɔɪ	n.[C]使者，使节	国家政经				低频词 · 社会政经	354
fascist	ˈfæʃɪst	n.[C] 法西斯主义者；极右分子	国家政经				低频词 · 社会政经	354
monarchy	ˈmɒnəki	n.[sing.,U][the~]君主制；君主政体；[C]君主国	国家政经				低频词 · 社会政经	354
reign	reɪn	n.[C] 统治时期；任期 vi.统治；为王	国家政经				低频词 · 社会政经	354
knight	naɪt	n.[C]骑士；爵士 vt.封（某人）为爵士	国家政经				低频词 · 社会政经	354
lucrative	ˈluːkrətɪv	a.赚大钱的，获利多的	国家政经				低频词 · 社会政经	354
majesty	ˈmædʒəsti	n.[U]雄伟；庄严；王权	国家政经				低频词 · 社会政经	354
patriot	ˈpeɪtriət	n.[C]爱国者	国家政经				低频词 · 社会政经	354
subsidy	ˈsʌbsədi	n.[C,U]津贴，补贴，补助金	国家政经				低频词 · 社会政经	354
tariff	ˈtærɪf	n.[C]关税；价目表；量刑标准	国家政经				低频词 · 社会政经	354
tenure	ˈtenjə(r)	n.[U]任期；终身职位；居住权	国家政经				低频词 · 社会政经	354
tribune	ˈtrɪbjuːn	n.[C]（古罗马）护民官	国家政经				低频词 · 社会政经	354
voucher	ˈvaʊtʃə(r)	n.[C]代金券；收据	国家政经				低频词 · 社会政经	354
pact	pækt	n.[C]条约，协议；公约	国家政经				低频词 · 社会政经	354
ace	eɪs	n.[C]A 纸牌；擅长……的人 a.第一流的；极好的	商业娱乐				低频词 · 社会政经	354
auditorium	ˌɔːdɪˈtɔːriəm	n.[C]观众席；礼堂	商业娱乐				低频词 · 社会政经	354
bait	beɪt	n.[C,U]鱼饵；诱饵 vt.下诱饵	商业娱乐				低频词 · 社会政经	354
cargo	ˈkɑːgəʊ	n.[C,U] 货物	商业娱乐				低频词 · 社会政经	354
commodity	kəˈmɒdəti	n.[C] 商品；有用的东西	商业娱乐				低频词 · 社会政经	354
freight	freɪt	n.[U] 货物；货运 vt.寄送	商业娱乐				低频词 · 社会政经	354
instalment	ɪnˈstɔːlmənt	（亦作 installment）n.[C]一期付款；一集	商业娱乐				低频词 · 社会政经	354
lease	liːs	n.[C]租约，租契 vt.租用，租借	商业娱乐				低频词 · 社会政经	354
textile	ˈtekstaɪl	n.[C]纺织品；[pl.]纺织业	商业娱乐				低频词 · 社会政经	354
token	ˈtəʊkən	n.[C]代币；代价券 a.装样子的；象征性的	商业娱乐				低频词 · 社会政经	354
warehouse	ˈweəhaʊs	n.[C]仓库；货栈；货仓	商业娱乐				低频词 · 社会政经	354
webcast	ˈwebkɑːst	n.[C] 网络直播	商业娱乐				低频词 · 社会政经	354
casino	kəˈsiːnəʊ	n.[C]赌场	商业娱乐				低频词 · 社会政经	354
comic	ˈkɒmɪk	a.滑稽的；喜剧的 n.[C]喜剧演员；连环漫画	商业娱乐				低频词 · 社会政经	355
feast	fiːst	n.[C]盛宴；宗教节日 vi.尽情地吃	商业娱乐				低频词 · 社会政经	355
rap	ræp	n.[C,U]说唱乐；[C] 叩击 v.敲击	商业娱乐				低频词 · 社会政经	355
solo	ˈsəʊləʊ	a.独自的；独唱的 n.[C] 独唱；单人表演	商业娱乐				低频词 · 社会政经	355
stall	stɔːl	n.[C] 货摊；牲畜棚 v.抛锚 vi.故意拖延	商业娱乐				低频词 · 社会政经	355
serial	ˈsɪəriəl	n.[C] 电视连续剧；连载小说 a.连续的；连载的	商业娱乐				低频词 · 社会政经	355
scout	skaʊt	n.[C]侦察员；[pl.][the S-]童子军 v.侦察；物色	军事法律				低频词 · 社会政经	355
brigade	brɪˈgeɪd	n.[C]旅（陆军编制单位）；[常用 sing.]帮，伙	军事法律				低频词 · 社会政经	355
corps	kɔː(r)	n.[pl]兵团； （陆军）特种部队	军事法律				低频词 · 社会政经	355
battalion	bəˈtæliən	n.[C]（军队的）营；（有组织的）队伍	军事法律				低频词 · 社会政经	355
regiment	ˈredʒɪmənt	n.[C]（军队的）团；大量	军事法律				低频词 · 社会政经	355
militia	məˈlɪʃə	n.[C]民兵组织；国民卫队	军事法律				低频词 · 社会政经	355
marshal	ˈmɑːʃl	n.[C]元帅；司仪 vt.结集；维持秩序	军事法律				低频词 · 社会政经	355
lieutenant	lefˈtenənt	n.[C]（陆军）中尉；（海军或空军）上尉	军事法律				低频词 · 社会政经	355
colonel	ˈkɜːnl	n.[C] 上校	军事法律				低频词 · 社会政经	355
sergeant	ˈsɑːdʒənt	n.[C]陆军（或空军）中士；警官	军事法律				低频词 · 社会政经	355
corporal	ˈkɔːpərəl	n.[C] 下士	军事法律				低频词 · 社会政经	355
magistrate	ˈmædʒɪstreɪt	n.[C]地方执法官	军事法律				低频词 · 社会政经	355
martyr	ˈmɑːtə(r)	n.[C]烈士；殉道者；乞怜者 vt.使殉难	军事法律				低频词 · 社会政经	355
salute	səˈluːt	v.敬礼 vt.致敬 n.[C]敬礼；[C,U]致敬	军事法律				低频词 · 社会政经	355
convoy	ˈkɒnvɔɪ	n.[C]车队；船队 vt.护送	军事法律				低频词 · 社会政经	355
constitution	ˌkɒnstɪˈtjuːʃn	n.[C]宪法；章程；身体素质；[C,U] 构成	军事法律				低频词 · 社会政经	355
statute	ˈstætʃuːt	n.[C]法令，法规；章程；条例	军事法律				低频词 · 社会政经	355
decree	dɪˈkriː	n.[C,U] 法令；[C]裁定 v.裁定，判决	军事法律				低频词 · 社会政经	355
loophole	ˈluːphəʊl	n.[C]（法律上的）漏洞，空子	军事法律				低频词 · 社会政经	355
valid	ˈvælɪd	a.（法律上）有效的；合理的	军事法律				低频词 · 社会政经	355
judicial	dʒuˈdɪʃl	a.法庭的；法官的；审判的；司法的	军事法律				低频词 · 社会政经	355
judiciary	dʒuˈdɪʃəri	n.[sing.]（统称）审判人员；司法部；司法系统	军事法律				低频词 · 社会政经	355
interrogate	ɪnˈterəgeɪt	vt.讯问，审问，盘问	军事法律				低频词 · 社会政经	355
indict	ɪnˈdaɪt	vt.控告；起诉	军事法律				低频词 · 社会政经	355
plaintiff	ˈpleɪntɪf	n.[C]原告；起诉人	军事法律				低频词 · 社会政经	356
prosecute	ˈprɒsɪkjuːt	v.起诉；控告；检举；担任控方律师	军事法律				低频词 · 社会政经	356
enact	ɪˈnækt	vt.通过（法律）；扮演	军事法律				低频词 · 社会政经	356
outlaw	ˈaʊtlɔː	vt.宣布……不合法 n.[C]不法之徒，逃犯	军事法律				低频词 · 社会政经	356
infringe	ɪnˈfrɪndʒ	vt.违背，违反 v.侵犯	军事法律				低频词 · 社会政经	356
illicit	ˈɪlɪsɪt	a.非法的；不正当的	军事法律				低频词 · 社会政经	356
bail	beɪl	n.[U] 保释金；保释 vt.保释 vi.离开	军事法律				低频词 · 社会政经	356
verdict	ˈvɜːdɪkt	n.[C]裁决；意见	军事法律				低频词 · 社会政经	356
imprison	ɪmˈprɪzn	vt.监禁，关押	军事法律				低频词 · 社会政经	356
custody	ˈkʌstədi	n.[U]监护；监护权；拘留，羁押	军事法律				低频词 · 社会政经	356
sin	sɪn	n.[C,U]罪，罪过；[常用 sing.]过错 vi.犯罪	军事法律				低频词 · 社会政经	356
forfeit	ˈfɔːfɪt	vt.（因违反规定等）丧失，被没收 n.[C]罚金 a.被罚	军事法律				低频词 · 社会政经	356
gaol	dʒeɪl	(亦作 jail) n. [C, U] 监狱 vt. 监禁	军事法律				低频词 · 社会政经	356
convict	kənˈvɪkt	vt.定罪	军事法律				低频词 · 社会政经	356
convict	kənˈvɪkt	n.[C]囚犯	军事法律				低频词 · 社会政经	356
parole	pəˈrəʊl	n.[U] 假释；言语 vt.假释	军事法律				低频词 · 社会政经	356
jurisdiction	ˌdʒʊərɪsˈdɪkʃn	n.[C,U]司法权；管辖权；[C]管辖区域	军事法律				低频词 · 社会政经	356
copyright	ˈkɒpiraɪt	n.[C,U]版权；著作权	军事法律				低频词 · 社会政经	356
patent	ˈpætnt	n. [C,U] 专利权 vt.获得专利权	军事法律				低频词 · 社会政经	356
missile	ˈmɪsaɪl	n.[C]导弹；发射物	军事法律				低频词 · 社会政经	356
cannon	ˈkænən	n.[C]大炮，加农炮 vi.猛撞；碰撞	军事法律				低频词 · 社会政经	356
artillery	ɑːˈtɪləri	n.[U] 火炮；[sing.][the～炮兵部队	军事法律				低频词 · 社会政经	356
pistol	ˈpɪstl	n.[C]手枪	军事法律				低频词 · 社会政经	356
sword	sɔːd	n.[C]剑；刀	军事法律				低频词 · 社会政经	356
rifle	ˈraɪfl	n.[C] 步枪，来复枪 v.快速搜寻 vt.偷窃	军事法律				低频词 · 社会政经	356
arrow	ˈærəʊ	n.[C]箭，矢；箭头	军事法律				低频词 · 社会政经	356
spear	spɪə(r)	n.[C]矛；标枪；嫩枝 vt.用矛刺	军事法律				低频词 · 社会政经	356
warfare	ˈwɔːfeə(r)	n.[U]作战；斗争	军事法律				低频词 · 社会政经	356
raid	reɪd	n.[C]突袭；突然搜查 vt.突袭；突击搜捕	军事法律				低频词 · 社会政经	356
siege	siːdʒ	n.[C,U] 围困，包围	军事法律				低频词 · 社会政经	356
loot	luːt	v.抢劫，劫掠 n.[U]战利品；赃物	军事法律				低频词 · 社会政经	356
assassinate	əˈsæsɪneɪt	vt.（尤为政治目的）暗杀，行刺	军事法律				低频词 · 社会政经	357
disarm	dɪsˈɑːm	vt.解除（某人）的武装；使消解怒气 vi.解除武装	军事法律				低频词 · 社会政经	357
breach	briːtʃ	n.[C,U] 违背；破坏 vt.违背；攻破	军事法律				低频词 · 社会政经	357
violate	ˈvaɪələnt	vt.违反；搅扰；亵渎	军事法律				低频词 · 社会政经	357
crackdown	ˈkrækdaʊn	n.[常用 sing.]严厉的打击；镇压	军事法律				低频词 · 社会政经	357
atrocity	əˈtrɒsəti	n.[常用 pl.,U]（尤指战争中的）残暴行为	军事法律				低频词 · 社会政经	357
massacre	ˈmæsəkə(r)	n.[C,U]屠杀；惨败 vt.屠杀；使惨败	军事法律				低频词 · 社会政经	357
kidnap	ˈkɪdnæp	vt.劫持；绑架	军事法律				低频词 · 社会政经	357
smuggle	ˈsmʌgl	v.走私，偷运	军事法律				低频词 · 社会政经	357
rape	reɪp	vt.强奸 n.[C,U]强奸罪；[sing.]躁	军事法律				低频词 · 社会政经	357
heroin	ˈherəʊɪn	n.[U] 海洛因	军事法律				低频词 · 社会政经	357
cholesterol	kəˈlestərɒl	n.[U] 胆固醇	疾病医疗				低频词 · 社会政经	357
protein	ˈprəʊtiːn	n.[C,U] 蛋白质	疾病医疗				低频词 · 社会政经	357
vitamin	ˈvɪtəmɪn	n.[C] 维生素；维他命	疾病医疗				低频词 · 社会政经	357
calcium	ˈkælsiəm	n.[U]钙	疾病医疗				低频词 · 社会政经	357
diabetes	ˌdaɪəˈbiːtiːz	n.[U] 糖尿病；多尿症	疾病医疗				低频词 · 社会政经	357
tumour	ˈtjuːmə(r)	n.[C]肿瘤	疾病医疗				低频词 · 社会政经	357
germ	dʒɜːm	n.[常用 pl.]细菌，病菌；[sing.]起源；发端	疾病医疗				低频词 · 社会政经	357
fracture	ˈfræktʃə(r)	n.[C]骨折，断裂 v.折断； （使）分裂	疾病医疗				低频词 · 社会政经	357
plague	pleɪg	n.[C]瘟疫；灾难 vt.困扰；纠缠	疾病医疗				低频词 · 社会政经	357
clinic	ˈklɪnɪk	n.[C] 诊所；门诊时间	疾病医疗				低频词 · 社会政经	357
ward	wɔːd	n.[C]病房；选区；被监护人	疾病医疗				低频词 · 社会政经	357
pharmacy	ˈfɑːməsi	n.[C]药房；药店；[U] 药剂学	疾病医疗				低频词 · 社会政经	357
invalid	ɪnˈvælɪd	n.[C] 病弱者	疾病医疗				低频词 · 社会政经	357
salvage	ˈsælvɪdʒ	n.[U]（对财物等的）抢救 vt.打捞；挽救	疾病医疗				低频词 · 社会政经	357
prescribe	prɪˈskraɪb	vt.开（处方）；规定	疾病医疗				低频词 · 社会政经	357
inject	ɪnˈdʒekt	vt.给……注射；增加（某品质）；投入（资金)	疾病医疗				低频词 · 社会政经	357
pulse	pʌls	n.[常用 sing.]脉搏；[C,U]拍子 vi.搏动；洋溢着	疾病医疗				低频词 · 社会政经	357
capsule	ˈkæpsjuːl	n.[C]（装药物的）胶囊；太空舱	疾病医疗				低频词 · 社会政经	357
herb	hɜːb	n.[C] 药草；香草；草本植物	疾病医疗				低频词 · 社会政经	357
bandage	ˈbændɪdʒ	n.[C] 绷带 vt.用绷带包扎	疾病医疗				低频词 · 社会政经	358
psychiatry	saɪˈkaɪətri	n.[U] 精神病学；精神病治疗	疾病医疗				低频词 · 社会政经	358
rehabilitate	ˌriːəˈbɪlɪteɪt	vt.使康复；恢复……名誉；修复	疾病医疗				低频词 · 社会政经	358
immune	ɪˈmjuːn	a.有免疫力的；不受影响的；免除的	疾病医疗				低频词 · 社会政经	358
feeble	ˈfiːbl	a.虚弱的；无效的；无力的	疾病医疗				低频词 · 社会政经	358
tan	tæn	n.[U] 黄褐色 a.棕黄色的 v.晒黑	颜色形状				低频词 · 物体描述	358
hollow	ˈhɒləʊ	a.中空的，空心的；凹陷的 n.[C] 凹陷处；洞 vt.挖	颜色形状				低频词 · 物体描述	358
oval	ˈəʊvl	a.椭圆形的；卵形的 n.[C]椭圆形；卵形	颜色形状				低频词 · 物体描述	358
cylinder	ˈsɪlɪndə(r)	n.[C]圆柱；圆筒状物；气缸	颜色形状				低频词 · 物体描述	358
arc	ɑːk	n.[C]弧形；弧 vi.作弧形运动	颜色形状				低频词 · 物体描述	358
immense	ɪˈmens	a.极大的，巨大的	大小数量				低频词 · 物体描述	358
infinite	ˈɪnfɪnət	a.极大的；无限的	大小数量				低频词 · 物体描述	358
heap	hiːp	n.[C]一堆；[常用 pl]许多 vt.堆放	大小数量				低频词 · 物体描述	358
batch	bætʃ	n.[C]一批；一组 v.分批处理	大小数量				低频词 · 物体描述	358
bundle	ˈbʌndl	n.[C]捆；一批 vt.匆匆送走 vi.匆忙赶往	大小数量				低频词 · 物体描述	358
stack	stæk	n.[C]一叠；一；许多 v．（使）放成整齐的一叠	大小数量				低频词 · 物体描述	358
innumerable	ɪˈnjuːmərəbl	a.数不清的，无数的，很多的	大小数量				低频词 · 物体描述	358
hectare	ˈhekteə(r)	n.[C]公顷	大小数量				低频词 · 物体描述	358
loaf	ləʊf	n.[C] 一条（面包）vi.游手好闲；闲荡	大小数量				低频词 · 物体描述	358
pint	paɪnt	n.[C] 品脱；一品脱啤酒	大小数量				低频词 · 物体描述	358
quart	kwɔːt	n.[C]夸脱（容量单位，等于 2 品脱）	大小数量				低频词 · 物体描述	358
volt	vəʊlt	(abbr.V）n.[C]伏特，伏(电压单位)	大小数量				低频词 · 物体描述	358
sodium	ˈsəʊdiəm	n.[U]钠	资源景观				低频词 · 自然科学	358
aluminum	ˌæljəˈmɪniəm	(亦作 aluminium）n.[U] 铝	资源景观				低频词 · 自然科学	358
mercury	ˈmɜːkjəri	n.[U]汞，水银	资源景观				低频词 · 自然科学	359
uranium	juˈreɪniəm	n.[U] 铀	资源景观				低频词 · 自然科学	359
brass	brɑːs	n.[U]黄铜；[sing.]铜管乐器	资源景观				低频词 · 自然科学	359
bronze	brɒnz	n.[U] 青铜；青铜色 a.青铜色的	资源景观				低频词 · 自然科学	359
nickel	ˈnɪkl	n.[U]镍；[C]（美国或加拿大的）五分硬币	资源景观				低频词 · 自然科学	359
foil	fɔɪl	n.[U]箔；箔纸 vt.挫败，阻止	资源景观				低频词 · 自然科学	359
alloy	ˈælɔɪ	n.[C,U] 合金	资源景观				低频词 · 自然科学	359
alloy	ˈælɔɪ	vt.把…铸成合金	资源景观				低频词 · 自然科学	359
sulfur	ˈsʌlfə(r)	n.[U]硫；硫黄	资源景观				低频词 · 自然科学	359
nitrogen	ˈnaɪtrədʒən	n.[U] 氮；氮气	资源景观				低频词 · 自然科学	359
ore	ɔː(r)	n.[C,U]矿石；矿砂；矿	资源景观				低频词 · 自然科学	359
crystal	ˈkrɪstl	n.[C] 晶体；[C,U] 水晶；[U] 水晶玻璃	资源景观				低频词 · 自然科学	359
petrol	ˈpetrəl	n.[U] 汽油	资源景观				低频词 · 自然科学	359
plateau	ˈplætəʊ	n.[C]高原；稳定期 vi.保持稳定水平	资源景观				低频词 · 自然科学	359
cliff	klɪf	n.[C]悬崖，峭壁	资源景观				低频词 · 自然科学	359
valley	ˈvæli	n.[C]谷；山谷	资源景观				低频词 · 自然科学	359
jungle	ˈdʒʌŋgl	n.[C,U] 丛林；[sing.]危险地带；一团糟	资源景观				低频词 · 自然科学	359
marsh	mɑːʃ	n.[C,U] 湿地；沼泽	资源景观				低频词 · 自然科学	359
paddy	ˈpædi	n.[C]稻田；水田；[常用 sing]发火；发怒	资源景观				低频词 · 自然科学	359
tide	taɪd	n.[C,U]潮汐；潮水；[常用 sing.]潮流；恶潮	资源景观				低频词 · 自然科学	359
coral	ˈkɒrəl	n.[U] 珊瑚 a.珊瑚色的	资源景观				低频词 · 自然科学	359
dew	djuː	n.[U] 露水	资源景观				低频词 · 自然科学	359
volcano	vɒlˈkeɪnəʊ	n. [C] 火山	资源景观				低频词 · 自然科学	359
ozone	ˈəʊzəʊn	n.[U] 臭氧；海边的清新空气	资源景观				低频词 · 自然科学	359
ecology	iˈkɒlədʒi	n.[U]生态；生态学	资源景观				低频词 · 自然科学	359
clay	kleɪ	n.[U]黏土；陶土	资源景观				低频词 · 自然科学	359
eclipse	ɪˈklɪps	n.[C]日食；月食；[sing.,U]暗淡 vt.使相形见出	资源景观				低频词 · 自然科学	359
marble	ˈmɑːbl	n.[U]大理石；[C]（玻璃）弹子	资源景观				低频词 · 自然科学	359
damp	dæmp	a.潮湿的 n.[U] 潮湿 vt.弄潮；使潮湿	天气气候				低频词 · 自然科学	359
moist	mɔɪst	a.微湿的；湿润的	天气气候				低频词 · 自然科学	359
humid	ˈhjuːmɪd	a.温暖潮湿的；湿热的	天气气候				低频词 · 自然科学	360
frost	frɒst	n.[C,U]霜冻；[U]霜 v.结霜 v.（使）蒙上霜	天气气候				低频词 · 自然科学	360
haze	heɪz	n.[C,U] 薄雾；霾；[sing.]烟雾；迷蒙 v.使朦胧	天气气候				低频词 · 自然科学	360
mist	mɪst	n.[C,U]薄雾；水汽 v.（使）蒙上水汽	天气气候				低频词 · 自然科学	360
chill	tʃɪl	n.[sing.]寒冷 vt.使冰冷 v.（使）冷却 a.寒冷的	天气气候				低频词 · 自然科学	360
barometer	bəˈrɒmɪtə(r)	n.[C]气压计；晴雨表；变化的标志	天气气候				低频词 · 自然科学	360
centigrade	ˈsentɪgreɪd	a.摄氏度的	天气气候				低频词 · 自然科学	360
observatory	əbˈzɜːvətri	n.[C]天文台；气象台	天气气候				低频词 · 自然科学	360
tornado	tɔːˈneɪdəʊ	n.[C] 龙卷风	天气气候				低频词 · 自然科学	360
cosmos	ˈkɒzmɒs	n.[sing.] [the ~]宇宙	时间空间				低频词 · 自然科学	360
countdown	ˈkaʊntdaʊn	n.[sing.,U]倒数读秒，倒计时；[sing.]临近时期	时间空间				低频词 · 自然科学	360
duration	ˌdjuˈreɪʃn	n.[U]持续时间；期间	时间空间				低频词 · 自然科学	360
span	spæn	n.[C]持续时间；范围；跨度 vt.持续；包括；横跨	时间空间				低频词 · 自然科学	360
session	ˈseʃn	n.[C]一段时间；一节；一场；会议；开庭；学年	时间空间				低频词 · 自然科学	360
fortnight	ˈfɔːtnaɪt	n.[常用 sing.]两星期	时间空间				低频词 · 自然科学	360
interval	ˈɪntəvl	n.[C]间隔，间隙；幕间休息	时间空间				低频词 · 自然科学	360
intermittent	ˌɪntəˈmɪtənt	a.断断续续的；间歇的	时间空间				低频词 · 自然科学	360
elapse	ɪˈlæps	vi.（时间）消逝，流逝	时间空间				低频词 · 自然科学	360
interior	ɪnˈtɪəriə(r)	n.[常用 sing.]内部；[sing.][the~]内陆 a.内部的	时间空间				低频词 · 自然科学	360
exterior	ɪkˈstɪəriə(r)	n.[C]外部；[sing.]（人的）外貌 a.外面的	时间空间				低频词 · 自然科学	360
aloft	əˈlɒft	ad.在高空	时间空间				低频词 · 自然科学	360
epoch	ˈiːpɒk	n.[C]时代；纪元；时期	时间空间				低频词 · 自然科学	360
precede	prɪˈsiːd	v.先于 v……走在…前面	时间空间				低频词 · 自然科学	360
proximate	ˈprɒksɪmət	a. （时间、顺序等）最接近的，最邻近的	时间空间				低频词 · 自然科学	360
perpetual	pəˈpetʃuəl	a.持续的；无尽无休的；终身的	时间空间				低频词 · 自然科学	360
interim	ˈɪntərɪm	a.暂时的；过渡的	时间空间				低频词 · 自然科学	360
transient	ˈtrænziənt	a.短暂的；暂住的 n.[C] 暂住某地的人；过往旅客	时间空间				低频词 · 自然科学	360
clockwise	ˈklɒkwaɪz	a.顺时针方向的 ad.顺时针方向	方位方向				低频词 · 自然科学	360
inland	ˌɪnˈlænd	ad.在内地；向内陆	方位方向				低频词 · 自然科学	361
inland	ˌɪnˈlænd	a.内地的；内陆的	方位方向				低频词 · 自然科学	361
intermediate	ˌɪntəˈmiːdiət	a.中间的；中级的 n.[C]中级学生	方位方向				低频词 · 自然科学	361
outward	ˈaʊtwəd	a.向外的；表面的；外出的	方位方向				低频词 · 自然科学	361
overhead	ˌəʊvəˈhed	ad.在头上方	方位方向				低频词 · 自然科学	361
overhead	ˌəʊvəˈhed	a.头上方的	方位方向				低频词 · 自然科学	361
sideways	ˈsaɪdweɪz	ad.往一侧；侧着	方位方向				低频词 · 自然科学	361
adjacent	əˈdʒeɪsnt	a.与……毗连的，邻近的	方位方向				低频词 · 自然科学	361
flank	flæŋk	n.[C]（建筑物、山等的）侧面 vt.侧面有	方位方向				低频词 · 自然科学	361
junction	ˈdʒʌŋkʃn	n.[C]汇合处，交叉路口	方位方向				低频词 · 自然科学	361
coordinate	kəʊˈɔːdɪnət	n.[C]坐标；[pl.]套装	方位方向				低频词 · 自然科学	361
latitude	ˈlætɪtjuːd	n.[C,U] 纬度；[pl.]纬度地区；[U] 自由度	方位方向				低频词 · 自然科学	361
longitude	ˈlɒŋgɪtjuːd	n. [C,U] 经度	方位方向				低频词 · 自然科学	361
organism	ˈɔːgənɪzəm	n.[C]生物；有机体；有机组织	动物植物				低频词 · 自然科学	361
beast	biːst	n.[C]动物，兽；性情凶残的人	动物植物				低频词 · 自然科学	361
poultry	ˈpəʊltri	n.[pl.]家禽；[U] 家禽肉	动物植物				低频词 · 自然科学	361
dolphin	ˈdɒlfɪn	n. [C] 海豚	动物植物				低频词 · 自然科学	361
turtle	ˈtɜːtl	n.[C]海龟；龟	动物植物				低频词 · 自然科学	361
buffalo	ˈbʌfələʊ	n. [C] 水牛	动物植物				低频词 · 自然科学	361
penguin	ˈpeŋgwɪn	n.[C]企鹅	动物植物				低频词 · 自然科学	361
salmon	ˈsæmən	n.[C] 鲑鱼，三文鱼；[U] 鲑鱼肉，三文鱼肉	动物植物				低频词 · 自然科学	361
dinosaur	ˈdaɪnəsɔː(r)	n.[C]恐龙；守旧落伍的人	动物植物				低频词 · 自然科学	361
snail	sneɪl	n.[C]蜗牛	动物植物				低频词 · 自然科学	361
spider	ˈspaɪdə(r)	n.[C] 蜘蛛	动物植物				低频词 · 自然科学	361
calf	kɑːf	n.[C]小牛; （象、鲸等的）崽；小腿肚	动物植物				低频词 · 自然科学	361
hound	haʊnd	n.[C] 猎犬 vt.追踪；纠缠	动物植物				低频词 · 自然科学	361
mule	mjuːl	n.[C] 骡子	动物植物				低频词 · 自然科学	361
worm	wɜːm	n.[C]蠕虫；幼虫；[pl]寄生虫；[常用 sing]懦夫	动物植物				低频词 · 自然科学	361
beetle	ˈbiːtl	n.[C] 甲虫 vi.快速移动	动物植物				低频词 · 自然科学	361
hawk	hɔːk	n.[C]鹰；鹰派分子 vt.沿街叫卖 v.咳痰	动物植物				低频词 · 自然科学	361
parrot	ˈpærət	n.[C]鹦鹉 vt.鹦鹉学舌般地重复	动物植物				低频词 · 自然科学	362
crow	krəʊ	n.[C]乌鸦 vi.打鸣 v.洋洋自得地夸口	动物植物				低频词 · 自然科学	362
mosquito	məˈskiːtəʊ	n.[C]蚊子	动物植物				低频词 · 自然科学	362
cub	kʌb	n.[C]（狮、熊等的）幼兽，崽	动物植物				低频词 · 自然科学	362
ivory	ˈaɪvəri	n.[U]象牙；象牙色；[C]象牙制品	动物植物				低频词 · 自然科学	362
antenna	ænˈtenə	n.[C]触角；触须；天线	动物植物				低频词 · 自然科学	362
beak	biːk	n.[C]鸟喙；鹰钩鼻	动物植物				低频词 · 自然科学	362
claw	klɔː	n.[C]爪，脚爪 v.抓，撕	动物植物				低频词 · 自然科学	362
paw	pɔː	n.[C]爪；手 v.（不断地）挠，抓	动物植物				低频词 · 自然科学	362
peck	pek	v.啄 vt.匆匆地轻吻 n.[C]匆匆的吻；啄	动物植物				低频词 · 自然科学	362
flap	flæp	v.振（翅）；拍打 n.[C]封盖；[常用 sing.]拍打	动物植物				低频词 · 自然科学	362
hatch	hætʃ	v.孵出；孵化 vt.策划 n.[C]舱口	动物植物				低频词 · 自然科学	362
perch	ˈpɜːtʃ	vi.栖息 v.（使）坐 n.[C]栖木；高座	动物植物				低频词 · 自然科学	362
parasite	ˈpærəsaɪt	n.[C]寄生生物；靠他人为生的人；寄生虫	动物植物				低频词 · 自然科学	362
vegetation	ˌvedʒəˈteɪʃn	n.[U]植物，草木(总称)	动物植物				低频词 · 自然科学	362
cereal	ˈsɪəriəl	n.[C] 谷类植物；[U]谷物；[C,U]谷类食物	动物植物				低频词 · 自然科学	362
bloom	bluːm	n.[C]花 vi.开花	动物植物				低频词 · 自然科学	362
blossom	ˈblɒsəm	n.[C,U] 花朵，花簇 vi.开花	动物植物				低频词 · 自然科学	362
shrub	ʃrʌb	n.[C]灌木	动物植物				低频词 · 自然科学	362
hedge	hedʒ	n.[C] 树篱 vi.拐弯抹角 vt.用树篱围住；包围	动物植物				低频词 · 自然科学	362
oak	əʊk	n.[C,U] 栎树；橡树；[U] 橡木	动物植物				低频词 · 自然科学	362
berry	ˈberi	n. [C] 浆果	动物植物				低频词 · 自然科学	362
bud	bʌd	n.[C]芽；花蕾 vi.发芽	动物植物				低频词 · 自然科学	362
timber	ˈtɪmbə(r)	n.[U] 树木；木材	动物植物				低频词 · 自然科学	362
trunk	trʌŋk	n.[C]树干；后备厢；象鼻	动物植物				低频词 · 自然科学	362
cane	keɪn	n.[C]茎；手杖；[U]竹竿，藤条 vt.用藤杖打	动物植物				低频词 · 自然科学	362
stem	stem	n.[C]茎；（高脚酒杯的）脚；词干 vt.阻止；封堵	动物植物				低频词 · 自然科学	362
straw	strɔː	n.[U]麦秆，稻草；[C]（单根的）麦秆；吸管	动物植物				低频词 · 自然科学	362
thorn	θɔːn	n. [C]刺;[C, U] 荆棘	动物植物				低频词 · 自然科学	362
hay	heɪ	n.[U] 干草	动物植物				低频词 · 自然科学	362
bouquet	buˈkeɪ	n.[C]花束；[C,U]（尤指酒的）香味	动物植物				低频词 · 自然科学	362
ripe	raɪp	a.成熟的；口味浓郁的；难闻的	动物植物				低频词 · 自然科学	362
scent	sent	n.[C,U]香味；[常用 sing., U]气味 vt.闻到	动物植物				低频词 · 自然科学	363
corrode	kəˈrəʊd	v.腐蚀；侵蚀；损害	动物植物				低频词 · 自然科学	363
rot	rɒt	v.（使）腐烂 n.[U]腐烂；[sing.]腐化	动物植物				低频词 · 自然科学	363
erode	ɪˈrəʊd	v.侵蚀；逐渐毁坏	动物植物				低频词 · 自然科学	363
molecule	ˈmɒlɪkjuːl	n.[C]分子	科学技术				低频词 · 自然科学	363
atom	ˈætəm	n.[C]原子	科学技术				低频词 · 自然科学	363
electron	ɪˈlektrɒn	n.[C]电子	科学技术				低频词 · 自然科学	363
apparatus	ˌæpəˈreɪtəs	n.[U]仪器；[常用 sing.]机构，组织	科学技术				低频词 · 自然科学	363
cyberspace	ˈsaɪbəspeɪs	n.[U] 网络空间	科学技术				低频词 · 自然科学	363
hardware	ˈhɑːdweə(r)	n.[U] 硬件；五金制品；装备	科学技术				低频词 · 自然科学	363
radar	ˈreɪdɑː(r)	n.[U] 雷达	科学技术				低频词 · 自然科学	363
vacuum	ˈvækjuəm	n.[C]真空；[常用 sing.]空白 v.用真空吸尘器清扫	科学技术				低频词 · 自然科学	363
biotechnology	baɪəʊtekˈnɒlədʒi	n.[U]生物科技	科学技术				低频词 · 自然科学	363
binoculars	bɪˈnɒkjələz	n.[pl.]双筒望远镜	科学技术				低频词 · 自然科学	363
galaxy	ˈgæləksi	n.[C]星系；群英；[sing.][the G-]银河	科学技术				低频词 · 自然科学	363
comet	ˈkɒmɪt	n.[C]彗星；扫帚星	科学技术				低频词 · 自然科学	363
equator	ɪˈkweɪtə(r)	n.[sing.] [the ~]赤道	科学技术				低频词 · 自然科学	363
orbit	ˈɔːbɪt	n.[C,U] 轨道；[sing.]影响范围 v.沿轨道运行	科学技术				低频词 · 自然科学	363
petrochemical	ˌpetrəʊˈkemɪkl	n.[C]石油化学产品	科学技术				低频词 · 自然科学	363
spectrum	ˈspektrəm	n.[C]（pl.spectra）光谱；[常用 sing.]范围	科学技术				低频词 · 自然科学	363
laser	ˈleɪzə(r)	n.[C] 激光器；激光	科学技术				低频词 · 自然科学	363
transistor	trænˈzɪstə(r)	n.[C]晶体管；晶体管收音机	科学技术				低频词 · 自然科学	363
watt	wɒt	(abbr.W）n.[C]瓦，瓦特(电功率单位)	科学技术				低频词 · 自然科学	363
arithmetic	əˈrɪθmətɪk	n.[U]算术；计算	课程学习				低频词 · 文体教育	363
algebra	ˈældʒɪbrə	n.[U] 代数	课程学习				低频词 · 文体教育	363
digit	ˈdɪdʒɪt	n.[C]数字，数位；手指；脚趾	课程学习				低频词 · 文体教育	363
singular	ˈsɪŋgjələ(r)	n.[sing.]单数形式	课程学习				低频词 · 文体教育	363
decimal	ˈdesɪml	a.十进位的；小数的 n.[C]小数	课程学习				低频词 · 文体教育	364
biochemistry	ˌbaɪəʊˈkemɪstri	n.[U]生物化学	课程学习				低频词 · 文体教育	364
geometry	dʒiˈɒmətri	n.[U]几何（学）；[sing]几何形状	课程学习				低频词 · 文体教育	364
linguistic	lɪŋˈgwɪstɪk	a.语言的；语言学的	课程学习				低频词 · 文体教育	364
clause	klɔːz	n.[C]从句；分句；条款	课程学习				低频词 · 文体教育	364
conjunction	kənˈdʒʌŋkʃn	n.[C]连词；同时发生，同地发生	课程学习				低频词 · 文体教育	364
plural	ˈplʊərəl	(abbr.pl.）n.[C]复数；复数形式 a.复数的	课程学习				低频词 · 文体教育	364
preposition	ˌprepəˈzɪʃn	n.[C]介词	课程学习				低频词 · 文体教育	364
antonym	ˈæntənɪm	n.[C]反义词	课程学习				低频词 · 文体教育	364
glossary	ˈglɒsəri	n.[C]词汇表；术语汇编	课程学习				低频词 · 文体教育	364
sociology	ˌsəʊsiˈɒlədʒi	n.[U] 社会学	课程学习				低频词 · 文体教育	364
zoology	zəʊˈɒlədʒi	n.[U] 动物学	课程学习				低频词 · 文体教育	364
botany	ˈbɒtəni	n.[U] 植物学	课程学习				低频词 · 文体教育	364
quiz	kwɪz	n.[C] 知识竞赛；小测验 vt.盘问；测验	课程学习				低频词 · 文体教育	364
assimilate	əˈsɪməleɪt	vt.透彻理解 v．（使）同化	课程学习				低频词 · 文体教育	364
manuscript	ˈmænjuskrɪpt	n.[C]手稿；原稿；手写本	课程学习				低频词 · 文体教育	364
polytechnic	ˌpɒliˈteknɪk	n.[C]理工学院	课程学习				低频词 · 文体教育	364
shorthand	ˈʃɔːthænd	n.[U]速记（法）；[C,U]（对某事）简略的表达方式	课程学习				低频词 · 文体教育	364
dissertation	ˌdɪsəˈteɪʃn	n.[C]专题论文；学位论文	课程学习				低频词 · 文体教育	364
abbreviation	əˌbriːviˈeɪʃn	n.[C]缩写词；缩写形式；[U]缩写	课程学习				低频词 · 文体教育	364
bracket	ˈbrækɪt	n.[常用 pl.]括号；[C]等级；支架 vt.用括弧括上	课程学习				低频词 · 文体教育	364
colon	ˈkəʊlən	n.[C]冒号；结肠	课程学习				低频词 · 文体教育	364
comma	ˈkɒmə	n. [C] 逗号	课程学习				低频词 · 文体教育	364
hyphen	ˈhaɪfn	n.[C]连字符	课程学习				低频词 · 文体教育	364
stadium	ˈsteɪdiəm	n.[C]体育场；运动场	体育运动				低频词 · 文体教育	364
pitch	pɪtʃ	n.[C]球场 vt.投；抛	体育运动				低频词 · 文体教育	364
tournament	ˈtʊənəmənt	n.[C] 锦标赛	体育运动				低频词 · 文体教育	364
cricket	ˈkrɪkɪt	n.[U]板球（运动）；[C]蟋蟀	体育运动				低频词 · 文体教育	364
hockey	ˈhɒki	n.[U] 曲棍球；冰球	体育运动				低频词 · 文体教育	364
nil	nɪl	n.[U]（体育比赛中的）零分；零；无	体育运动				低频词 · 文体教育	365
ballet	ˈbæleɪ	n.[U] 芭蕾舞；[C] 芭蕾舞剧；芭蕾舞	文化艺术				低频词 · 文体教育	365
chord	kɔːd	n.[C]和弦；和音	文化艺术				低频词 · 文体教育	365
chorus	ˈkɔːrəs	n.[C]副歌；合唱曲；合唱团 vt.合唱；齐声说	文化艺术				低频词 · 文体教育	365
choir	ˈkwaɪə(r)	n.[C] 唱诗班；合唱	文化艺术				低频词 · 文体教育	365
symphony	ˈsɪmfəni	n.[C] 交响乐，交响曲	文化艺术				低频词 · 文体教育	365
orchestra	ˈɔːkɪstrə	n.[C] 管弦乐队	文化艺术				低频词 · 文体教育	365
instrument	ˈɪnstrəmənt	n.[C]乐器；器械，仪器；手段	文化艺术				低频词 · 文体教育	365
melody	ˈmelədi	n.[C]旋律；曲调	文化艺术				低频词 · 文体教育	365
tempo	ˈtempəʊ	n.[C,U]速度，拍子；节奏	文化艺术				低频词 · 文体教育	365
literary	ˈlɪtərəri	a.文学的；适于文学作品的；爱好文学的	文化艺术				低频词 · 文体教育	365
preface	ˈprefəs	n.[C]前言 v.为…写序言；以…为开端	文化艺术				低频词 · 文体教育	365
fable	ˈfeɪbl	n.[C,U] 寓言；无稽之谈	文化艺术				低频词 · 文体教育	365
script	skrɪpt	n.[C] 剧本；[U]笔迹 vt.为电影写剧本	文化艺术				低频词 · 文体教育	365
fairy	ˈfeəri	n.[C]仙子，小精灵	文化艺术				低频词 · 文体教育	365
witch	wɪtʃ	n.[C]女巫；巫婆	文化艺术				低频词 · 文体教育	365
tale	teɪl	n.[C]故事；讲述	文化艺术				低频词 · 文体教育	365
compile	kəmˈpaɪl	vt.编写；编纂；编译	文化艺术				低频词 · 文体教育	365
folklore	ˈfəʊklɔː(r)	n.[U]民俗；民间传说	文化艺术				低频词 · 文体教育	365
verse	vɜːs	n.[U]诗；[C]诗节	文化艺术				低频词 · 文体教育	365
epic	ˈepɪk	n.[C,U] 史诗 a.史诗般的	文化艺术				低频词 · 文体教育	365
riddle	ˈrɪdl	n.[C] 谜；谜语；神秘事件 vt.使布满窟窿	文化艺术				低频词 · 文体教育	365
autobiography	ˌɔːtəbaɪˈɒgrəfi	n.[C,U] 自传	文化艺术				低频词 · 文体教育	365
proverb	ˈprɒvɜːb	n.[C] 谚语；格言	文化艺术				低频词 · 文体教育	365
genre	ˈʒɒnrə	n.[C] 体裁；类型	文化艺术				低频词 · 文体教育	365
episode	ˈepɪsəʊd	n.[C]片段，插曲；一段经历；一集	文化艺术				低频词 · 文体教育	365
excerpt	ˈeksɜːpt	n.[C]摘录；节选	文化艺术				低频词 · 文体教育	365
index	ˈɪndeks	n.[C] 索引 l；指数；指标 vt.为……编索引	文化艺术				低频词 · 文体教育	365
handwriting	ˈhændraɪtɪŋ	n.[U]手写；笔迹；书法	文化艺术				低频词 · 文体教育	365
analogy	əˈnælədʒi	n.[C]比喻；类比；[U]类推；比拟	文化艺术				低频词 · 文体教育	365
porcelain	ˈpɔːsəlɪn	n.[C,U]瓷；瓷器	文化艺术				低频词 · 文体教育	366
pottery	ˈpɒtəri	n.[U]陶器；陶土；制陶技艺；[C] 陶窑	文化艺术				低频词 · 文体教育	366
ceramic	səˈræmɪk	n.[常用 pl]陶瓷制品；陶瓷器	文化艺术				低频词 · 文体教育	366
carve	kɑːv	v.雕刻；把（熟肉）切成块 vt.刻	文化艺术				低频词 · 文体教育	366
bishop	ˈbɪʃəp	n.[C]主教	文化艺术				低频词 · 文体教育	366
Buddhism	ˈbʊdɪzəm	n.[U] 佛教	文化艺术				低频词 · 文体教育	366
gospel	ˈgɒspl	n.[C]福音书；[sing.]福音；[常用 sing.]信念，信仰	文化艺术				低频词 · 文体教育	366
doctrine	ˈdɒktrɪn	n.[C,U]教义；主义；学说；教条	文化艺术				低频词 · 文体教育	366
miracle	ˈmɪrəkl	n.[C]圣迹；[sing.]奇迹	文化艺术				低频词 · 文体教育	366
preach	priːtʃ	v.布道；宣传 vi.说教	文化艺术				低频词 · 文体教育	366
holy	ˈhəʊli	a.神圣的；有关上帝的；圣洁的	文化艺术				低频词 · 文体教育	366
saint	seɪnt	n.[C]圣人；圣徒；圣人般的人	文化艺术				低频词 · 文体教育	366
pilgrim	ˈpɪlgrɪm	n.[C] 朝圣者	文化艺术				低频词 · 文体教育	366
Easter	ˈiːstə(r)	n.[C,U]复活节；复活节期间	文化艺术				低频词 · 文体教育	366
protocol	ˈprəʊtəkɒl	n.[U]礼仪；[C]议定书；协议	文化艺术				低频词 · 文体教育	366
convention	kənˈvenʃn	n.[C,U]习俗；常规；[C]集会；公约，协议	文化艺术				低频词 · 文体教育	366
podcast	ˈpɒdkɑːst	n.[C] 播客	文化艺术				低频词 · 文体教育	366
preview	ˈpriːvjuː	n.[C]预映；预演；预告 vt.写预评；概述	文化艺术				低频词 · 文体教育	366
artifact	ˈɑːtɪfækt	（亦作 artefact）n.[C]人工制品，手工艺品	文化艺术				低频词 · 文体教育	366
canvas	ˈkænvəs	n.[U] 帆布；[C] 画布；油画	文化艺术				低频词 · 文体教育	366
embroidery	ɪmˈbrɔɪdəri	n.[C,U] 绣花；刺绣品；[U] 刺绣	文化艺术				低频词 · 文体教育	366
encyclopaedia	enˌsaɪkləˈpiːdiə	(亦作 encyclopedia）n.[C]百科全书	文化艺术				低频词 · 文体教育	366
paperback	ˈpeɪpəbæk	n.[C,U]平装书；简装书	文化艺术				低频词 · 文体教育	366
specimen	ˈspesɪmən	n.[C]标本；样本；样品	文化艺术				低频词 · 文体教育	366
acute	əˈkjuːt	a．（情况）严重的；急性的；灵敏的	常见形容词				低频词 · 其他	366
aerial	ˈeəriəl	a.航空的；飞机的；空气中的 n.[C]天线	常见形容词				低频词 · 其他	366
approximate	əˈprɒksɪmət	a.大约的；近似的	常见形容词				低频词 · 其他	366
audio	ˈɔːdiəʊ	a.声音的；录音的	常见形容词				低频词 · 其他	366
parallel	ˈpærəlel	a.平行的；极相似的 n.[C]类似物 vt.与……相似	常见形容词				低频词 · 其他	366
authentic	ɔːˈθentɪk	a.真正的；真品的；真实的；逼真的	常见形容词				低频词 · 其他	367
clear-cut	ˌklɪəˈkʌt	] a.明确的；明显的；易辨认的	常见形容词				低频词 · 其他	367
coarse	kɔːs	a.粗糙的；粗的；粗鲁无礼的	常见形容词				低频词 · 其他	367
commonplace	ˈkɒmənpleɪs	a.平凡的；普通的；普遍的 n.[常用 sing.]常见的事	常见形容词				低频词 · 其他	367
deficient	dɪˈfɪʃnt	a.缺乏的，缺少的；有缺点的	常见形容词				低频词 · 其他	367
definite	ˈdefɪnət	a.肯定的；清楚的 n.[sing.]肯定的事（或人)	常见形容词				低频词 · 其他	367
dense	dens	a.密集的；浓密的；愚笨的；难懂的	常见形容词				低频词 · 其他	367
durable	ˈdjuərəbl	a.耐用的；持久的	常见形容词				低频词 · 其他	367
editorial	ˌedɪˈtɔːriəl	a.编辑的；编者的；主编的 n.[C]社论	常见形容词				低频词 · 其他	367
equivalent	ɪˈkwɪvələnt	a.相等的 n.[C]等价物；对应物	常见形容词				低频词 · 其他	367
fertile	ˈfɜːtaɪl	a.肥沃的；能生育的；促进的；主意多的	常见形容词				低频词 · 其他	367
foremost	ˈfɔːməʊst	a.最重要的；最前的	常见形容词				低频词 · 其他	367
handy	ˈhændi	a.方便的，便利的；手边的；手巧的	常见形容词				低频词 · 其他	367
intact	ɪnˈtækt	a.完好无损的；未受损伤的	常见形容词				低频词 · 其他	367
intangible	ɪnˈtændʒəbl	a.难以形容的（或理解）；无形的	常见形容词				低频词 · 其他	367
magnificent	mægˈnɪfɪsnt	a.壮丽的；宏伟的	常见形容词				低频词 · 其他	367
mutual	ˈmjuːtʃuəl	a.相互的；共有的	常见形容词				低频词 · 其他	367
overdue	ˌəʊvəˈdjuː	a.未付的；过期的；早应完成的	常见形容词				低频词 · 其他	367
preliminary	prɪˈlɪmɪnəri	a.预备性的；初步的 n.[C] 初步行动	常见形容词				低频词 · 其他	367
punctual	ˈpʌŋktʃuəl	a.按时的；准时的；守时的	常见形容词				低频词 · 其他	367
respective	rɪˈspektɪv	a.分别的；各自的	常见形容词				低频词 · 其他	367
smooth	smuːð	a.平坦的；光滑的；混合均匀的；平稳的 vt.使平滑	常见形容词				低频词 · 其他	367
spontaneous	spɒnˈteɪniəs	a.自发的；自然的	常见形容词				低频词 · 其他	367
superb	suːˈpɜːb	a.极佳的；卓越的；质量极高的	常见形容词				低频词 · 其他	367
superficial	ˌsuːpəˈfɪʃl	a.粗略的；肤浅的；表面的；表层的	常见形容词				低频词 · 其他	367
tedious	ˈtiːdiəs	a.冗长的；单调乏味的	常见形容词				低频词 · 其他	367
terrific	təˈrɪfɪk	] a.极好的；很大的	常见形容词				低频词 · 其他	367
utmost	ˈʌtməʊst	a.极度的；最大的 n.[sing.]极限	常见形容词				低频词 · 其他	367
vertical	ˈvɜːtɪkl	a.垂直的；纵向的 n.[C]垂直线；垂直面	常见形容词				低频词 · 其他	367
waterproof	ˈwɔːtəpruːf	a.防水的 n.[常用 pl.]雨衣 vt.使防水	常见形容词				低频词 · 其他	367
watertight	ˈwɔːtətaɪt	a.不透水的；严密的	常见形容词				低频词 · 其他	367
lunar	ˈluːnə(r)	a.月球的；月亮的	常见形容词				低频词 · 其他	368
subsequent	ˈsʌbsɪkwənt	a.随后的；后来的；之后的	常见形容词				低频词 · 其他	368
abrupt	əˈbrʌpt	a.突然的；唐突的	常见形容词				低频词 · 其他	368
absurd	əbˈsɜːd	a.荒谬的；荒唐的	常见形容词				低频词 · 其他	368
afloat	əˈfləʊt	] a.漂浮的；经济上周转得开的	常见形容词				低频词 · 其他	368
airborne	ˈeəbɔːn	a.升空的；空气传播的； （士兵）空降的	常见形容词				低频词 · 其他	368
akin	əˈkɪn	a.相似的，类似的	常见形容词				低频词 · 其他	368
almighty	ɔːlˈmaɪti	a.全能的；极大的	常见形容词				低频词 · 其他	368
alternate	ɔːlˈtɜːnət	a.交替的	常见形容词				低频词 · 其他	368
analogue	ˈænəlɒg	a.模拟的 n.[C] 相似物	常见形容词				低频词 · 其他	368
anonymous	əˈnɒnɪməs	a.不知姓名的；匿名的；无特色的	常见形容词				低频词 · 其他	368
assorted	əˈsɔːtɪd	a.各种各样的；混杂的；什锦的	常见形容词				低频词 · 其他	368
auxiliary	ɔːgˈzɪliəri	a.辅助的；备用的 n.[C]辅助人员；助动词	常见形容词				低频词 · 其他	368
bilateral	ˌbaɪˈlætərəl	a.双方的；双边的	常见形容词				低频词 · 其他	368
blunt	blʌnt	a.钝的；直率的 vt.使减弱；使迟钝	常见形容词				低频词 · 其他	368
captive	ˈkæptɪv	a.被监禁的；受控制的 n.[C] 囚徒；战俘	常见形容词				低频词 · 其他	368
composite	ˈkɒmpəzɪt	a.合成的 n.[C]合成物；混合物	常见形容词				低频词 · 其他	368
concurrent	kənˈkʌrənt	a.并存的；同时发生的	常见形容词				低频词 · 其他	368
cosmopolitan	ˌkɒzməˈpɒlɪtən	a.世界性的；见识广的 n.[C]周游世界的人	常见形容词				低频词 · 其他	368
counterfeit	ˈkaʊntəfɪt	a.伪造的；假冒的 vt.伪造；制假	常见形容词				低频词 · 其他	368
desolate	ˈdesələt	a.荒凉的；凄凉的	常见形容词				低频词 · 其他	368
diffuse	dɪˈfjuːs	a.弥漫的；冗长的	常见形容词				低频词 · 其他	368
divine	dɪˈvaɪn	a.上帝的；绝妙的 vt.猜到；领悟	常见形容词				低频词 · 其他	368
dubious	ˈdjuːbiəs	a.可疑的；不可信的；不确定的	常见形容词				低频词 · 其他	368
exquisite	ɪkˈskwɪzɪt	a.精美的；剧烈的；敏锐的	常见形容词				低频词 · 其他	368
fabulous	ˈfæbjələs	a.极好的；巨大的；寓言中的	常见形容词				低频词 · 其他	368
feminine	ˈfemənɪn	a.女性的；阴性的 n.[C] 阴性词	常见形容词				低频词 · 其他	368
formidable	ˈfɔːmɪdəbl	a.可怕的；令人敬畏的	常见形容词				低频词 · 其他	368
degenerate	dɪˈdʒenərət	a.堕落的	常见形容词				低频词 · 其他	368
fragrant	ˈfreɪgrənt	a.香的；芳香的	常见形容词				低频词 · 其他	368
futile	ˈfjuːtaɪl	a.徒然的；徒劳的；无效的	常见形容词				低频词 · 其他	368
hysterical	hɪˈsterɪkl	a.歇斯底里的；极其可笑的	常见形容词				低频词 · 其他	368
impromptu	ɪmˈprɒmptjuː	a.无准备的；即兴的	常见形容词				低频词 · 其他	369
imminent	ˈɪmɪnənt	a.即将发生的；临近的	常见形容词				低频词 · 其他	369
inborn	ˌɪnˈbɔːn	a.天生的；先天的	常见形容词				低频词 · 其他	369
ingenious	ɪnˈdʒiːniəs	a.精巧的；心灵手巧的	常见形容词				低频词 · 其他	369
inherent	ɪnˈhɪərənt	a.固有的；内在的	常见形容词				低频词 · 其他	369
invalid	ɪnˈvælɪd	a.无效的；站不住脚的	常见形容词				低频词 · 其他	369
irrespective	ˌɪrɪˈspektɪv	a.不考虑…的；不顾……的	常见形容词				低频词 · 其他	369
luminous	ˈluːmɪnəs	a.发光的；鲜亮的	常见形容词				低频词 · 其他	369
malignant	məˈlɪgnənt	a.恶性的；恶意的，恶毒的	常见形容词				低频词 · 其他	369
masculine	ˈmæskjəlɪn	a.男子汉的；阳性的 n.[C]阳性词	常见形容词				低频词 · 其他	369
maternal	məˈtɜːnl	a.母亲的；母系的	常见形容词				低频词 · 其他	369
multilateral	ˌmʌltiˈlætərəl	a.多边的；多国的	常见形容词				低频词 · 其他	369
noteworthy	ˈnəʊtwɜːði	a.值得注意的；显著的	常见形容词				低频词 · 其他	369
obscene	əbˈsiːn	a.淫秽的；骇人听闻的	常见形容词				低频词 · 其他	369
opaque	əʊˈpeɪk	a.不透明的；难懂的	常见形容词				低频词 · 其他	369
optic	ˈɒptɪk	a.眼的；视觉的	常见形容词				低频词 · 其他	369
overt	əʊˈvɜːt	a.公开的；明显的；不隐瞒的	常见形容词				低频词 · 其他	369
partisan	ˌpɑːtɪˈzæn	a.偏的 n.[C]坚定的支持者；游击队员	常见形容词				低频词 · 其他	369
pathetic	pəˈθetɪk	a.可怜的；不成功的	常见形容词				低频词 · 其他	369
plausible	ˈplɔːzəbl	a.可信的；花言巧语的	常见形容词				低频词 · 其他	369
prone	prəʊn	a.易于……的；有……倾向的；俯卧的	常见形容词				低频词 · 其他	369
radioactive	ˌreɪdiəʊˈæktɪv	a.放射性的	常见形容词				低频词 · 其他	369
reciprocal	rɪˈsɪprəkl	a.互惠的；相应的	常见形容词				低频词 · 其他	369
reminiscent	ˌremɪˈnɪsnt	a.使人想起的；怀旧的	常见形容词				低频词 · 其他	369
savage	ˈsævɪdʒ	a.凶恶的；猛烈击的 n.[C]野蛮人 vt.残害	常见形容词				低频词 · 其他	369
secular	ˈsekjələ(r)	ej ely os,] a.世俗的；现世的；教区的	常见形容词				低频词 · 其他	369
shabby	ˈʃæbi	a.破旧的；衣衫槛楼的；不公正的	常见形容词				低频词 · 其他	369
sober	ˈsəʊbə(r)	] a.未喝醉的；冷静的；素净的 v．（使）变得冷静	常见形容词				低频词 · 其他	369
solitary	ˈsɒlɪtəri	a.独自的；喜欢独处的；孤零零的 n.[C]隐士	常见形容词				低频词 · 其他	369
stark	stɑːk	a.荒凉的；严酷的	常见形容词				低频词 · 其他	369
static	ˈstætɪk	a.静止的；静力的 n.[U]天电（干扰）；静电	常见形容词				低频词 · 其他	369
tertiary	ˈtɜːʃəri	a.第三的；第三位的	常见形容词				低频词 · 其他	370
tranquil	ˈtræŋkwɪl	a.安静的；平静的	常见形容词				低频词 · 其他	370
unanimous	juˈnænɪməs	a.一致通过的；意见一致的	常见形容词				低频词 · 其他	370
unilateral	ˌjuːnɪˈlætərəl	a.单方面的	常见形容词				低频词 · 其他	370
volatile	ˈvɒlətaɪl	a.易变的；不稳定的；易挥发的	常见形容词				低频词 · 其他	370
wholesale	ˈhəʊlseɪl	a.批发的；大规模的	常见形容词				低频词 · 其他	370
wholesome	ˈhəʊlsəm	a.有益健康的；有道德的	常见形容词				低频词 · 其他	370
wretched	ˈretʃɪd	a.感到不适的；极坏的；可怜的	常见形容词				低频词 · 其他	370
degrade	dɪˈgreɪd	vt.降低……身份；使恶化 v.降解	常见动词				低频词 · 其他	370
desolate	ˈdesələt	vt.使悲伤	常见动词				低频词 · 其他	370
coil	kɔɪl	v.（使）缠绕，盘绕 n.[C]圈，卷，盘；一圈	常见动词				低频词 · 其他	370
condense	kənˈdens	v.(使）冷凝； (使）浓缩 vt.简缩，压缩	常见动词				低频词 · 其他	370
inflate	ɪnˈfleɪt	v.（使）充气； (使）涨价 vt.鼓吹	常见动词				低频词 · 其他	370
twist	twɪst	vt.使弯曲 v.（使）扭曲变形；转动 n.[C]转动；转变	常见动词				低频词 · 其他	370
bleach	bliːtʃ	v.（使）变白；晒白 n.[C,U]漂白剂	常见动词				低频词 · 其他	370
erupt	ɪˈrʌpt	v.爆发 vi.突然发生	常见动词				低频词 · 其他	370
bump	bʌmp	vi.碰，撞 vt.碰上 n.[C]碰撞（声）；肿块	常见动词				低频词 · 其他	370
commence	kəˈmens	v.开始；开始发生；着手	常见动词				低频词 · 其他	370
consolidate	kənˈsɒlɪdeɪt	v．（使）加强；（使）巩固；合并	常见动词				低频词 · 其他	370
animate	ˈænɪmeɪt	vt.使具活力；使有生气	常见动词				低频词 · 其他	370
correspond	ˌkɒrəˈspɒnd	vi.符合；相当于；通信	常见动词				低频词 · 其他	370
elevate	ˈelɪveɪt	vt.提拔；举起；提高；使情绪高昂	常见动词				低频词 · 其他	370
emit	iˈmɪt	vt.发出，射出，散发（光、热、声音、气等）	常见动词				低频词 · 其他	370
erase	ɪˈreɪz	vt.清除；擦掉；抹去	常见动词				低频词 · 其他	370
haul	hɔːl	vt.（用力）拖，拉；传讯 n.[C]大批赃物	常见动词				低频词 · 其他	370
haunt	hɔːnt	vt.（鬼魂）出没；长期困扰；萦绕在心头	常见动词				低频词 · 其他	370
penetrate	ˈpenɪtreɪt	v.穿过；渗透 vt.看透；洞察	常见动词				低频词 · 其他	370
reinforce	ˌriːɪnˈfɔːs	vt.加强；加固；使更强大	常见动词				低频词 · 其他	370
reunite	ˌriːjuːˈnaɪt	v．（使）重聚； （使）再联合	常见动词				低频词 · 其他	370
soar	sɔː(r)	vi.急升；升空；翱翔；高耸； （音乐）升高	常见动词				低频词 · 其他	370
stain	steɪn	v. （被）玷污；留下污渍 vt.给……染色 n.[C]污渍	常见动词				低频词 · 其他	371
subtract	səbˈtrækt	v.减去	常见动词				低频词 · 其他	371
amplify	ˈæmplɪfaɪ	vt.放大，增强（声音等）v.阐发	常见动词				低频词 · 其他	371
approximate	əˈprɒksɪmeɪt	v.近似；接近	常见动词				低频词 · 其他	371
ascribe	əˈskraɪb	vt.把……归因于；认为是……所写	常见动词				低频词 · 其他	371
avail	əˈveɪl	vt.有帮助；有益	常见动词				低频词 · 其他	371
avert	əˈvɜːt	vt.防止，避免 (危险、坏事)	常见动词				低频词 · 其他	371
besiege	bɪˈsiːdʒ	vt.围困；包围	常见动词				低频词 · 其他	371
beware	bɪˈweə(r)	v.当心；小心；提防	常见动词				低频词 · 其他	371
coexist	ˌkəʊɪgˈzɪst	vi.共存；（尤指）和平共处	常见动词				低频词 · 其他	371
commemorate	kəˈmeməreɪt	vt.纪念；作为……的纪念	常见动词				低频词 · 其他	371
crumble	ˈkrʌmbl	v.（使）破碎 vi.坍塌；衰退；崩溃；消亡	常见动词				低频词 · 其他	371
curtail	kɜːˈteɪl	vt.限制；缩短；减缩	常见动词				低频词 · 其他	371
deduce	dɪˈdjuːs	vt.推论；推断；演绎	常见动词				低频词 · 其他	371
deviate	ˈdiːvieɪt	vi.背离；偏离	常见动词				低频词 · 其他	371
differentiate	ˌdɪfəˈrenʃieɪt	v.区别 vt 表明……间的差别 vi 区别对待	常见动词				低频词 · 其他	371
discern	dɪˈsɜːn	vt.觉察出；分辨出	常见动词				低频词 · 其他	371
emancipate	ɪˈmænsɪpeɪt	vt.解放	常见动词				低频词 · 其他	371
ensue	ɪnˈsjuː	vi.接着发生；因而产生	常见动词				低频词 · 其他	371
equate	iˈkweɪt	vt.同等看待；使等同	常见动词				低频词 · 其他	371
escalate	ˈeskəleɪt	v．（使）逐步扩大; （使）不断恶化，加剧	常见动词				低频词 · 其他	371
exempt	ɪgˈzempt	vt.免除；豁免 a.被豁免的	常见动词				低频词 · 其他	371
fortify	ˈfɔːtɪfaɪ	vt.筑防于；增强；坚定……的信心	常见动词				低频词 · 其他	371
foster	ˈfɒstə(r)	vt.促进；培养 v.代养，抚育	常见动词				低频词 · 其他	371
glitter	ˈglɪtə(r)	vi.闪亮；闪现 n.[U] 闪烁；[sing]闪现	常见动词				低频词 · 其他	371
herald	ˈherəld	vt.预示；宣布 n.[C]预兆	常见动词				低频词 · 其他	371
intrigue	ɪnˈtriːg	vt.激起……的兴趣 vi 密谋	常见动词				低频词 · 其他	371
predominate	prɪˈdɒmɪneɪt	vi. （数量上）占大多数；占主导地位	常见动词				低频词 · 其他	371
recur	rɪˈkɜː(r)	vi.再发生；反复出现	常见动词				低频词 · 其他	371
solicit	səˈlɪsɪt	v.请求给予（金钱、帮助、支持等）；筹集	常见动词				低频词 · 其他	371
syndicate	ˈsɪndɪkeɪt	vt.出售给多个媒体	常见动词				低频词 · 其他	371
stagnate	stægˈneɪt	vi.停滞；不发展；不进步	常见动词				低频词 · 其他	371
stipulate	ˈstɪpjuleɪt	vt.规定；明确要求	常见动词				低频词 · 其他	372
stitch	stɪtʃ	vt.缝，缝补；缝合（伤口）n.[C]缝；缝线	常见动词				低频词 · 其他	372
streamline	ˈstriːmlaɪn	vt.使成流线型；提高…效率	常见动词				低频词 · 其他	372
swap	swɒp	v.交换 vt.用……替换 n.[常用 sing.]交换	常见动词				低频词 · 其他	372
alternate	ˈɔːltəneɪt	v．（使）交替	常见动词				低频词 · 其他	372
terminate	ˈtɜːmɪneɪt	v.（使）停止 vi.到达终点站	常见动词				低频词 · 其他	372
underlie	ˌʌndəˈlaɪ	vt.构成……的基础；作为……的原因	常见动词				低频词 · 其他	372
unify	ˈjuːnɪfaɪ	vt.统一；使成一体；使一元化	常见动词				低频词 · 其他	372
unveil	ˌʌnˈveɪl	vt.为……揭幕；（首次）展示；推出	常见动词				低频词 · 其他	372
vibrate	vaɪˈbreɪt	v．（使）振动，颤动	常见动词				低频词 · 其他	372
buckle	ˈbʌkl	v．（使）搭扣扣住; (被）压弯 n.[C]搭扣	常见动词				低频词 · 其他	372
conceal	kənˈsiːl	vt.隐藏；隐瞒；掩盖	常见动词				低频词 · 其他	372
withhold	wɪðˈhəʊld	vt.拒绝给予；扣留	常见动词				低频词 · 其他	372
mechanize	ˈmekənaɪz	vt.使机械化	常见动词				低频词 · 其他	372
provoke	prəˈvəʊk	vt.激起；引起；挑畔；刺激	常见动词				低频词 · 其他	372
affiliate	əˈfɪlieɪt	vt.使隶属 v.加入	常见动词				低频词 · 其他	372
appraise	əˈpreɪz	vt.估量；估价；评价	常见动词				低频词 · 其他	372
credential	krəˈdenʃl	vt.提供证明书 (或证件)	常见动词				低频词 · 其他	372
degenerate	dɪˈdʒenəreɪt	vi.恶化	常见动词				低频词 · 其他	372
wield	wiːld	vt.支配（权力等）；挥，使用（武器、工具等)	常见动词				低频词 · 其他	372
inaugurate	ɪˈnɔːgjəreɪt	vt.为…举行就职典礼；为…举行落成仪式	常见动词				低频词 · 其他	372
inflict	ɪnˈflɪkt	vt.使遭受打击；使吃苦头	常见动词				低频词 · 其他	372
incline	ɪnˈklaɪn	v.（使）倾向于，有……的趋势；（使）倾斜 vt.点头	常见动词				低频词 · 其他	372
negate	nɪˈgeɪt	vt.取消；使无效；否定	常见动词				低频词 · 其他	372
overflow	ˌəʊvəˈfləʊ	v.溢出 vi.挤满了人	常见动词				低频词 · 其他	372
permeate	ˈpɜːmieɪt	v.渗透；弥漫；感染	常见动词				低频词 · 其他	372
amateur	ˈæmətə(r)	n.[C]业余爱好者 a.业余爱好的	常见名词				低频词 · 其他	372
layman	ˈleɪmən	n.[C]外行，门外汉；在俗教徒	常见名词				低频词 · 其他	372
pedestrian	pəˈdestriən	n.[C]行人，步行者 a.行人的	常见名词				低频词 · 其他	372
passer-by	ˌpɑːsəˈbaɪ	n.[C]路人，过路人，经过者	常见名词				低频词 · 其他	372
exponent	ɪkˈspəʊnənt	n.[C]倡导者；大师	常见名词				低频词 · 其他	373
alternate	ˈɔːltɜːnət	n.[C] 代替者	常见名词				低频词 · 其他	373
snob	snɒb	n.[C]势利小人；自以为优越的人	常见名词				低频词 · 其他	373
idiot	ˈɪdiət	n.[C]蠢人；笨蛋	常见名词				低频词 · 其他	373
inmate	ˈɪnmeɪt	n.[C] 同狱犯人；同病房者	常见名词				低频词 · 其他	373
lad	læd	n.[C]男孩儿；小伙子	常见名词				低频词 · 其他	373
lass	læs	n.[C]女孩；少女	常见名词				低频词 · 其他	373
lesbian	ˈlezbiən	n.[C]女同性恋者	常见名词				低频词 · 其他	373
homosexual	ˌhəʊməˈsekʃuəl	n.[C] 同性恋者 a.同性恋的	常见名词				低频词 · 其他	373
hostage	ˈhɒstɪdʒ	n.[C]人质	常见名词				低频词 · 其他	373
casualty	ˈkæʒuəlti	n.[C]死伤者；受害者	常见名词				低频词 · 其他	373
corpse	kɔːps	n.[C] 尸体	常见名词				低频词 · 其他	373
aptitude	ˈæptɪtjuːd	n.[C,U]天资；天生的才能；天赋	常见名词				低频词 · 其他	373
intellect	ˈɪntəlekt	n.[C,U]智力；领悟力；[C] 智力高的人	常见名词				低频词 · 其他	373
instinct	ˈɪnstɪŋkt	n.[C,U] 本能；天性	常见名词				低频词 · 其他	373
backup	ˈbækʌp	n.[C,U]增援；备份	常见名词				低频词 · 其他	373
beam	biːm	n.[C]光线; （粒子的）束；梁 v.眉开眼笑 vt.发射	常见名词				低频词 · 其他	373
blast	blɑːst	n.[C]爆炸；一阵疾风；一股气流 v.爆破；轰鸣	常见名词				低频词 · 其他	373
blur	blɜː(r)	n.[常用 sing]模糊形状 v.（使）变得模糊不清	常见名词				低频词 · 其他	373
bystander	ˈbaɪstændə(r)	n.[C]旁观者	常见名词				低频词 · 其他	373
chimney	ˈtʃɪmni	n.[C] 烟肉；烟道	常见名词				低频词 · 其他	373
circuit	ˈsɜːkɪt	n.[C]环行；环行路线；电路；巡回	常见名词				低频词 · 其他	373
climax	ˈklaɪmæks	n.[C]高潮，极点 v．（使）达到高潮	常见名词				低频词 · 其他	373
cohesion	kəʊˈhiːʒn	n.[U]黏合；凝聚性；内聚力	常见名词				低频词 · 其他	373
commune	ˈkɒmjuːn	n.[C]群居团体；社群；公社	常见名词				低频词 · 其他	373
conscience	ˈkɒnʃəns	n.[C,U] 良心，良知；内疚	常见名词				低频词 · 其他	373
cornerstone	ˈkɔːnəstəʊn	n.[C] 基石；基础；最重要的部分	常见名词				低频词 · 其他	373
plea	pliː	n.[C]恳求；抗辩；借口	常见名词				低频词 · 其他	373
propaganda	ˌprɒpəˈgændə	n.[U]（政治组织的）宣传；鼓吹	常见名词				低频词 · 其他	373
whereabouts	ˈweərəbaʊts	n.[U] 下落	常见名词				低频词 · 其他	373
sum	sʌm	n.[C]金额；算术；[常用 sing.]总和；[sing]全部	常见名词				低频词 · 其他	373
slogan	ˈsləʊgən	n.[C]口号；标语	常见名词				低频词 · 其他	373
transcript	ˈtrænskrɪpt	n.[C]抄本；誉本；笔录本	常见名词				低频词 · 其他	374
chant	tʃɑːnt	n.[C]重复的话语；圣歌 v.反复唱；反复呼喊	常见名词				低频词 · 其他	374
summary	ˈsʌməri	n.[C] 总结；概括 a.总结性的；草草的	常见名词				低频词 · 其他	374
bout	baʊt	n.[C]一阵；一场；（疾病的）发作	常见名词				低频词 · 其他	374
vogue	vəʊg	n.[常用 sing.,U]时尚，时髦，风行	常见名词				低频词 · 其他	374
crane	kreɪn	n.[C]起重机；吊车；鹤 v.伸长(脖子)	常见名词				低频词 · 其他	374
criterion	kraɪˈtɪəriən	n.[pl]标准，准则	常见名词				低频词 · 其他	374
diagram	ˈdaɪəgræm	n.[C]简图；图解；示意图	常见名词				低频词 · 其他	374
doom	duːm	n.[U]死亡；毁灭；劫数 vt.使……注定失败	常见名词				低频词 · 其他	374
ethic	ˈeθɪk	n.[pl.]道德准则；[sing.]道德体系；[U] [-s] 伦理学	常见名词				低频词 · 其他	374
famine	ˈfæmɪn	n.[C,U] 饥荒	常见名词				低频词 · 其他	374
fingerprint	ˈfɪŋgəprɪnt	n.[C]指纹	常见名词				低频词 · 其他	374
flaw	flɔː	n.[C]错误；缺点；裂痕	常见名词				低频词 · 其他	374
fluid	ˈfluːɪd	n.[C,U] 液体 a.流畅优美的；易变的；流动的	常见名词				低频词 · 其他	374
fragment	ˈfrægmənt	n.[C]碎片；片段	常见名词				低频词 · 其他	374
haste	heɪst	n.[U]急速；匆忙；仓促	常见名词				低频词 · 其他	374
impulse	ˈɪmpʌls	n.[常用 sing.,U]冲动；刺激；[C]脉冲	常见名词				低频词 · 其他	374
know-how	ˈnəʊhaʊ	n.[U] 技巧，技能	常见名词				低频词 · 其他	374
layout	ˈleɪaʊt	n.[常用 sing]布局；设计	常见名词				低频词 · 其他	374
liberty	ˈlɪbəti	n.[C,U] 自由；[sing.]冒犯行为	常见名词				低频词 · 其他	374
marvel	ˈmɑːvl	n.[C] 奇迹 vi.感到惊奇；大为赞叹	常见名词				低频词 · 其他	374
massage	ˈmæsɑːʒ	n.[C,U]按摩 vt.按摩；用……揉擦	常见名词				低频词 · 其他	374
memorial	məˈmɔːriəl	n.[C] 纪念碑；[sing.]纪念物 a.纪念的	常见名词				低频词 · 其他	374
merit	ˈmerɪt	n.[U]优点；[常用 pl.]功绩 vt.应得；值得	常见名词				低频词 · 其他	374
motive	ˈməʊtɪv	n.[C]动机；目的 a.导致运动的	常见名词				低频词 · 其他	374
intrigue	ˈɪntriːg	n.[C,U] 阴谋，密谋	常见名词				低频词 · 其他	374
nuisance	ˈnjuːsns	n.[常用 sing.]麻烦事；[C,U]妨害行为	常见名词				低频词 · 其他	374
odour	ˈəʊdə(r)	n.[C,U]（尤指难闻的）气味；臭味	常见名词				低频词 · 其他	374
ornament	ˈɔːnəmənt	n.[C]装饰品；首饰；[U]装饰	常见名词				低频词 · 其他	374
outlet	ˈaʊtlet	n.[C]出路；专营店；出口	常见名词				低频词 · 其他	374
oversight	ˈəʊvəsaɪt	n.[C,U]疏忽；[U]负责；照管	常见名词				低频词 · 其他	374
paradox	ˈpærədɒks	n.[C]矛盾的人；[C,U]论	常见名词				低频词 · 其他	374
parade	pəˈreɪd	n.[C] 游行；[C,U] 检阅 vi.游行；招摇过市	常见名词				低频词 · 其他	375
pause	pɔːz	n.[C] 停顿；[U] 暂停键 vi.暂停 vt.暂停放音	常见名词				低频词 · 其他	375
penalty	ˈpenəlti	n.[C]惩罚；害处；处罚	常见名词				低频词 · 其他	375
peril	ˈperəl	n.[U]严重危险；[常用 pl.]祸害；险情	常见名词				低频词 · 其他	375
pillar	ˈpɪlə(r)	n.[C]柱子；纪念柱；主心骨；核心	常见名词				低频词 · 其他	375
precaution	prɪˈkɔːʃn	n.[常用 pl.]预防措施；[pl.]避孕措施	常见名词				低频词 · 其他	375
procession	prəˈseʃn	n.[C,U]队列，行列；[C]一队人	常见名词				低频词 · 其他	375
rally	ˈræli	n.[C]公众集会；拉力赛 v.召集 vi.复原	常见名词				低频词 · 其他	375
refreshment	rɪˈfreʃmənt	n.[pl.]茶点；[U]食物和饮料；恢复活力	常见名词				低频词 · 其他	375
riot	ˈraɪət	n.[C]暴乱；骚乱；[sing.]丰富多彩 vi.闹事	常见名词				低频词 · 其他	375
skyline	ˈskaɪlaɪn	n.[C] 轮廓线	常见名词				低频词 · 其他	375
spite	spaɪt	n.[U] 恶意；怨恨 vt.故意使烦恼	常见名词				低频词 · 其他	375
storey	ˈstɔːri	n. [C] 楼层	常见名词				低频词 · 其他	375
surplus	ˈsɜːpləs	n.[C,U] 过剩；盈余 a.过剩的；剩余的	常见名词				低频词 · 其他	375
trash	træʃ	n.[U]废物；劣质品 vt.损坏；击；丢弃	常见名词				低频词 · 其他	375
discharge	ˈdɪstʃɑːdʒ	n.[C,U]排出物；免职	常见名词				低频词 · 其他	375
vapor	ˈveɪpə	(亦作 vapour）n.[C,U] 蒸汽；潮气；雾气	常见名词				低频词 · 其他	375
ware	weə(r)	n.[U]用某材料制造的物品；作…用的器皿	常见名词				低频词 · 其他	375
accessory	əkˈsesəri	n.[常用 pl.]配件；配饰 a.辅助的	常见名词				低频词 · 其他	375
aftermath	ˈɑːftəmæθ	n.[常用 sing]后果；创伤	常见名词				低频词 · 其他	375
ammunition	ˌæmjuˈnɪʃn	n.[U] 弹药；（可用于争辩的）论据	常见名词				低频词 · 其他	375
ape	eɪp	n. [C] 类人猿 vt.模仿	常见名词				低频词 · 其他	375
appendix	əˈpendɪks	n.[C] 阑尾；附录	常见名词				低频词 · 其他	375
arch	ɑːtʃ	n.[C]拱；拱门；拱形 v.（使）成弓形 a.调皮的	常见名词				低频词 · 其他	375
assortment	əˈsɔːtmənt	n.[常用 sing.]各种各样	常见名词				低频词 · 其他	375
blunder	ˈblʌndə(r)	n.[C] 愚蠢的错误 vi.犯愚蠢的错误	常见名词				低频词 · 其他	375
brace	breɪs	n.[C]支架；大括号 vt.使做好准备；抵住；加固	常见名词				低频词 · 其他	375
brink	brɪŋk	n.[sing.]边缘	常见名词				低频词 · 其他	375
buffer	ˈbʌfə(r)	n.[C]缓冲物 vt.减缓（伤害）；保护	常见名词				低频词 · 其他	375
burglar	ˈbɜːglə(r)	n.[C] 入室窃贼	常见名词				低频词 · 其他	375
degenerate	dɪˈdʒenərət	n.[C] 败类	常见名词				低频词 · 其他	375
cavity	ˈkævəti	n.[C]洞；孔；腔	常见名词				低频词 · 其他	375
clearance	ˈklɪərəns	n.[C,U]清除；间距；许可	常见名词				低频词 · 其他	376
compartment	kəmˈpɑːtmənt	n.[C] 隔间；隔层	常见名词				低频词 · 其他	376
condolence	kənˈdəʊləns	n.[常用 pl.,U]吊	常见名词				低频词 · 其他	376
contingent	kənˈtɪndʒənt	n.[C]代表团；小分队 a.依情况而定的	常见名词				低频词 · 其他	376
crunch	krʌntʃ	n.[常用 sing]压碎声；（突发的）不足 v.发出嘎吱声	常见名词				低频词 · 其他	376
curfew	ˈkɜːfjuː	n.[C,U] 宵禁；宵禁时间	常见名词				低频词 · 其他	376
deadlock	ˈdedlɒk	n.[sing.,U]僵持；僵局	常见名词				低频词 · 其他	376
debut	ˈdeɪbjuː	n.[C]首次亮相；初次登台	常见名词				低频词 · 其他	376
destiny	ˈdestəni	n.[C]命运，天命，定数；[U]命运之神	常见名词				低频词 · 其他	376
detriment	ˈdetrɪmənt	n.[U,常用 sing.]伤害；损害	常见名词				低频词 · 其他	376
directory	dəˈrektəri	n.[C]名录；（计算机文件或程序的）目录	常见名词				低频词 · 其他	376
discord	ˈdɪskɔːd	n.[U]不和；纷争	常见名词				低频词 · 其他	376
discrepancy	dɪsˈkrepənsi	n.[C,U]差异，不符，不一致	常见名词				低频词 · 其他	376
dissent	dɪˈsent	n.[U]异议，不同意见 vi.不同意，持异议	常见名词				低频词 · 其他	376
drawback	ˈdrɔːbæk	n.[C]缺点；不利条件	常见名词				低频词 · 其他	376
ego	ˈiːgəʊ	n.[C,U] 自我价值感；自我	常见名词				低频词 · 其他	376
embargo	ɪmˈbɑːgəʊ	n.[C]禁运；禁止贸易令 vt.禁运	常见名词				低频词 · 其他	376
errand	ˈerənd	n.[C]（短程的）差事；跑腿	常见名词				低频词 · 其他	376
facet	ˈfæsɪt	n.[C]（事物的）部分，方面；琢面	常见名词				低频词 · 其他	376
faction	ˈfækʃn	n.[C] 派系，派别；[U] 内江	常见名词				低频词 · 其他	376
franchise	ˈfræntʃaɪz	n.[C,U]特许经营权 vt.出售……的特许经营权	常见名词				低频词 · 其他	376
friction	ˈfrɪkʃn	n.[U]摩擦；摩擦力；[C,U] 争执；分歧	常见名词				低频词 · 其他	376
fusion	ˈfjuːʒn	n.[U,sing.]融合；熔接；结合	常见名词				低频词 · 其他	376
gauge	geɪdʒ	n.[C]计量器；宽度；厚度 vt.判定；测量	常见名词				低频词 · 其他	376
grease	griːs	n.[U] 油脂；润滑油 vt.给…加润滑油	常见名词				低频词 · 其他	376
groove	gruːv	n.[C]槽；沟；辙；（流行音乐的）节奏	常见名词				低频词 · 其他	376
boom	buːm	n.[C] 激增；繁荣 vi.轰鸣，轰响	常见名词				低频词 · 其他	376
cliche	ˈkliːʃeɪ	n.[C] 陈词滥调	常见名词				低频词 · 其他	376
wardrobe	ˈwɔːdrəʊb	n.[C]衣柜；[常用 sing]（某人的）全部服装	常见名词				低频词 · 其他	376
havoc	ˈhævək	n.[U] 灾害；祸患	常见名词				低频词 · 其他	376
hive	haɪv	n.[C]蜂房，蜂箱；蜂群；[常用 sing.]忙碌的场所	常见名词				低频词 · 其他	376
hurdle	ˈhɜːdl	n.[C]跨栏；障碍 v.（奔跑中）跨越	常见名词				低频词 · 其他	376
impetus	ˈɪmpɪtəs	n.[U,sing.]动力；推动；[U]惯性；动量	常见名词				低频词 · 其他	377
inventory	ˈɪnvəntri	n.[C] 清单；[U] 存货 vt.开列清单	常见名词				低频词 · 其他	377
jack	dʒæk	n.[C]千斤顶；插座；J 牌；杰克	常见名词				低频词 · 其他	377
knob	nɒb	n.[C]旋钮；球形把手；疙瘩	常见名词				低频词 · 其他	377
limelight	ˈlaɪmlaɪt	n.[U] 公众注意的中心	常见名词				低频词 · 其他	377
logistics	ləˈdʒɪstɪks	n.[U]后勤；物流；组织工作	常见名词				低频词 · 其他	377
lottery	ˈlɒtəri	n.[C]彩票抽奖；[sing.]碰运气的事	常见名词				低频词 · 其他	377
maneuver	məˈnuːvə(r)	n.[C,U]策略 v.移动；操纵	常见名词				低频词 · 其他	377
menace	ˈmenəs	n.[常用 sing]威胁；[U]威胁性；危险气氛 vt.威胁	常见名词				低频词 · 其他	377
mindset	ˈmaɪndset	n.[C] 思维模式；思想倾向	常见名词				低频词 · 其他	377
monotony	məˈnɒtəni	n.[U]单调乏味，千篇一律	常见名词				低频词 · 其他	377
nickname	ˈnɪkneɪm	n.[C]绰号，外号 vt.给……起绰号	常见名词				低频词 · 其他	377
oar	ɔː(r)	n.[C]橹，桨	常见名词				低频词 · 其他	377
onset	ˈɒnset	n.[sing.]开端，发生，肇始（尤指不快的事件)	常见名词				低频词 · 其他	377
pamphlet	ˈpæmflət	n.[C]小册子；手册	常见名词				低频词 · 其他	377
parachute	ˈpærəʃuːt	n.[C] 降落伞 vi.跳伞 vt.伞降；空投	常见名词				低频词 · 其他	377
paradigm	ˈpærədaɪm	n.[C] 范例；典范；样式	常见名词				低频词 · 其他	377
partition	pɑːˈtɪʃn	n.[C] 隔断；[U]分割 vt.分割；使分裂	常见名词				低频词 · 其他	377
pedal	ˈpedl	n.[C] 踏板 v.骑自行车；踩踏板	常见名词				低频词 · 其他	377
petition	pəˈtɪʃn	n.[C] 请愿书；申请书；祈祷 v.请求	常见名词				低频词 · 其他	377
plight	plaɪt	n.[sing.]困境，苦境	常见名词				低频词 · 其他	377
predecessor	ˈpriːdɪsesə(r)	n.[C]前任；前身	常见名词				低频词 · 其他	377
prerequisite	ˌpriːˈrekwəzɪt	n.[常用 sing.]先决条件，前提	常见名词				低频词 · 其他	377
prop	prɒp	n.[C] 支柱；支持者 vt.支撑	常见名词				低频词 · 其他	377
prototype	ˈprəʊtətaɪp	n.[C]原型；雏形；典型	常见名词				低频词 · 其他	377
ration	ˈræʃn	n.[C] 配给量，定量；[pl.] 口粮 vt.定量供应	常见名词				低频词 · 其他	377
repertoire	ˈrepətwɑː(r)	n.[C]全部节目；[sing.]全部技能	常见名词				低频词 · 其他	377
repute	rɪˈpjuːt	n.[U]名声，名誉	常见名词				低频词 · 其他	377
retrospect	ˈretrəspekt	n.[U]回顾，回想	常见名词				低频词 · 其他	377
rim	rɪm	n.[C] 边缘 vt……形成……的边沿	常见名词				低频词 · 其他	377
rust	rʌst	n.[U]锈，铁锈 v.（使）生锈	常见名词				低频词 · 其他	377
saddle	ˈsædl	n.[C]马鞍；车座 vt.给（马）备鞍	常见名词				低频词 · 其他	378
salvation	sælˈveɪʃn	n.[U]得救；解救途径	常见名词				低频词 · 其他	378
shaft	ʃɑːft	n.[C]（电梯等的）升降机井；杆； （光的）一道	常见名词				低频词 · 其他	378
slaughter	ˈslɔːtə(r)	n.[U] 屠宰；杀戮 vt.屠宰；杀戮	常见名词				低频词 · 其他	378
slot	slɒt	n.[C]狭缝；时段 v.投放；插入	常见名词				低频词 · 其他	378
spectacle	ˈspektəkl	n.[pl]眼镜；[C] 壮观的景象；[C,U] 精彩的表演	常见名词				低频词 · 其他	378
spiral	ˈspaɪrəl	n.螺旋形 a.螺旋形的 vi.螺旋式上升(或下降)	常见名词				低频词 · 其他	378
squad	skwɒd	n.[C]警察分队；运动队；小队	常见名词				低频词 · 其他	378
standby	ˈstændbaɪ	n.[C]常备物；后备人员 a.最后时刻出售的	常见名词				低频词 · 其他	378
strand	strænd	n.[C]股，缕 vt.使滞留；使搁浅	常见名词				低频词 · 其他	378
superstition	ˌsuːpəˈstɪʃn	n.[C,U] 迷信；迷信观念	常见名词				低频词 · 其他	378
symmetry	ˈsɪmətri	n.[U]对称；相似	常见名词				低频词 · 其他	378
converse	ˈkɒnvɜːs	n.[sing.][the~] 相反的事物 a.相反的	常见名词				低频词 · 其他	378
syndicate	ˈsɪndɪkət	n.[C] 商业财	常见名词				低频词 · 其他	378
synthesis	ˈsɪnθəsɪs	n.[C,U] 综合；综合体；[U] 合成	常见名词				低频词 · 其他	378
taboo	təˈbuː	n.[C]禁忌；避讳	常见名词				低频词 · 其他	378
tack	tæk	n.[U,sing.]方法；大头钉 vt.钉住；用粗线脚缝	常见名词				低频词 · 其他	378
tangle	ˈtæŋgl	n.[C]乱团；混乱；纠纷 v.使缠结	常见名词				低频词 · 其他	378
tanker	ˈtæŋkə(r)	n.[C] 油罐车；油轮	常见名词				低频词 · 其他	378
tract	trækt	n.[C]大片土地； （连通身体组织或器官的）道，束	常见名词				低频词 · 其他	378
trench	trentʃ	n.[C]沟，渠；战壕；海沟	常见名词				低频词 · 其他	378
trophy	ˈtrəʊfi	n.[C]奖杯；战利品	常见名词				低频词 · 其他	378
turnout	ˈtɜːnaʊt	n.[常用 sing.,U]出席人数；投票人数	常见名词				低频词 · 其他	378
urine	ˈjʊərɪn	n.[U]尿，小便	常见名词				低频词 · 其他	378
valve	vælv	n.[C]阀门；瓣（膜）； （铜管乐器的）阀键	常见名词				低频词 · 其他	378
vent	vent	n.[C] 通风孔；排放口 vt.发泄	常见名词				低频词 · 其他	378
void	vɔɪd	n.[常用 sing.]空白；空虚 a.无效的 vt.使无效；排泄	常见名词				低频词 · 其他	378
zigzag	ˈzɪgzæg	n.[C] 之字形 vi.曲折前进	常见名词				低频词 · 其他	378
patch	pætʃ	n.[C]色斑；小片；补丁；眼罩 vt.缝补	常见名词				低频词 · 其他	378
atop	əˈtɒp	prep……在.顶上	介词				低频词 · 其他	378
anew	əˈnjuː	ad.重新；再	副词				低频词 · 其他	379
whereabouts	ˌweərəˈbaʊts	ad.在哪里	副词				低频词 · 其他	379
ashore	əˈʃɔː(r)	ad.向岸上；向陆地	副词				低频词 · 其他	379
hereby	ˌhɪəˈbaɪ	ad.特此，兹；在此	副词				低频词 · 其他	379
invariably	ɪnˈveəriəbli	ad.始终如一地；一贯地	副词				低频词 · 其他	379
namely	ˈneɪmli	ad.即，也就是	副词				低频词 · 其他	379
abreast	əˈbrest	ad.并列；并肩	副词				低频词 · 其他	379
astray	əˈstreɪ	ad.丢失；被盗；误入歧途	副词				低频词 · 其他	379
henceforth	ˌhensˈfɔːθ	ad.此后；从此以后	副词				低频词 · 其他	379
beard	bɪəd	n.[C,U]（人的）胡须	人体构成				简单词 · 与人相关	380
hair	heə(r)	n.[C, U] 头发	人体构成				简单词 · 与人相关	380
head	hed	n.[C]头部；头脑；领导人 vi（朝……）前进	人体构成				简单词 · 与人相关	380
brain	breɪn	n.[C]脑；[常用 pl.,U]智力	人体构成				简单词 · 与人相关	380
forehead	ˈfɔːhed	n.[C]额；前额	人体构成				简单词 · 与人相关	380
face	feɪs	n.[C]脸；面部表情 v.面对 vt.正视	人体构成				简单词 · 与人相关	380
cheek	tʃiːk	n.[C]面颊 vt.对…粗鲁无礼地说	人体构成				简单词 · 与人相关	380
ear	ɪə(r)	n.[C]耳朵；穗；[sing.]辨音力	人体构成				简单词 · 与人相关	380
eye	aɪ	n.[C]眼睛；[sing.]视力 vt.审视	人体构成				简单词 · 与人相关	380
nose	nəʊz	n.[C]鼻子；[sing.]嗅觉	人体构成				简单词 · 与人相关	380
mouth	maʊθ	n. [C] 嘴	人体构成				简单词 · 与人相关	380
lip	lɪp	n.[C] 嘴唇；边沿	人体构成				简单词 · 与人相关	380
tooth	tuːθ	n.[C]牙；齿	人体构成				简单词 · 与人相关	380
gum	gʌm	n.[常用 pl]牙龈；[U]口香糖；黏胶 v.（用胶）黏住	人体构成				简单词 · 与人相关	380
neck	nek	n.[C]脖子；衣领 vi.拥吻	人体构成				简单词 · 与人相关	380
body	ˈbɒdi	n.[C]身体；团体；[sing.]主体	人体构成				简单词 · 与人相关	380
shoulder	ˈʃəʊldə(r)	n.[C]肩；肩膀；（衣服的）肩部 vt.承担	人体构成				简单词 · 与人相关	380
arm	ɑːm	n.[C]手臂；扶手 vt.武装；配备	人体构成				简单词 · 与人相关	380
elbow	ˈelbəʊ	n.[C]肘； （衣服的）肘部 vt.用肘挤	人体构成				简单词 · 与人相关	380
hand	hænd	n.[C]手；[sing.][a~]帮助；[sing.]作用 vt.交	人体构成				简单词 · 与人相关	380
finger	ˈfɪŋgə(r)	n.[C]手指 vt.拨弄；告发	人体构成				简单词 · 与人相关	381
fist	fɪst	n.[C]拳；拳头	人体构成				简单词 · 与人相关	381
nail	neɪl	n.[C]指甲；钉子 vt.钉牢；抓住；揭露	人体构成				简单词 · 与人相关	381
muscle	ˈmʌsl	n.[C,U]肌肉；[U]体力；权力	人体构成				简单词 · 与人相关	381
back	bæk	n.[C]背；后背 a.后面的；后部的	人体构成				简单词 · 与人相关	381
ankle	ˈæŋkl	n.[C]踝；踝关节	人体构成				简单词 · 与人相关	381
lap	læp	n.[常用 sing.]大腿部；[C]（跑道的）一圈 vi.轻拍	人体构成				简单词 · 与人相关	381
knee	niː	n.[C] 膝；膝盖；膝关节 vt.用膝盖顶	人体构成				简单词 · 与人相关	381
blood	blʌd	n.[U] 血，血液；血统	人体构成				简单词 · 与人相关	381
leg	leg	n.[C]腿；裤腿；[C,U] 腿肉	人体构成				简单词 · 与人相关	381
foot	fʊt	n.[C]脚；英尺；[sing.]底部	人体构成				简单词 · 与人相关	381
toe	təʊ	n.[C]脚趾；足尖	人体构成				简单词 · 与人相关	381
skin	skɪn	n.[C,U]皮；皮肤 vt.剥皮	人体构成				简单词 · 与人相关	381
nerve	nɜːv	n.[C] 神经；[pl]神经质 vt.鼓足勇气	人体构成				简单词 · 与人相关	381
organ	ˈɔːgən	n.[C]器官；管风琴；机构	人体构成				简单词 · 与人相关	381
heart	hɑːt	n.[C]心；心脏；胸口；内心	人体构成				简单词 · 与人相关	381
lung	lʌŋ	n.[C]肺	人体构成				简单词 · 与人相关	381
stomach	ˈstʌmək	n.[C]胃；腹部	人体构成				简单词 · 与人相关	381
family	ˈfæməli	n.[C]家；亲属；家族 a.家庭的	人物关系				简单词 · 与人相关	381
parent	ˈpeərənt	n.[常用 pl.]父亲（或母亲）	人物关系				简单词 · 与人相关	381
father	ˈfɑːðə(r)	n.[C]父亲；[pl]祖先 v.成为……的父亲；创造	人物关系				简单词 · 与人相关	381
dad	dæd	(亦作 dady）n.[C]爸爸	人物关系				简单词 · 与人相关	381
mommy	ˈmɒmi	（亦作 mummy）n.[C]（L 语）妈咪	人物关系				简单词 · 与人相关	381
mother	ˈmʌðə(r)	n.[C]母亲，妈妈 vt.像母亲般地照顾	人物关系				简单词 · 与人相关	381
uncle	ˈʌŋkl	n.[C]叔叔；伯父；舅父；姑父；姨父	人物关系				简单词 · 与人相关	381
couple	ˈkʌpl	n.[C]夫妻；[sing.]两个；几个人	人物关系				简单词 · 与人相关	381
wife	waɪf	n.[C]妻子；已婚妇女	人物关系				简单词 · 与人相关	381
husband	ˈhʌzbənd	n.[C]丈夫	人物关系				简单词 · 与人相关	381
daughter	ˈdɔːtə(r)	n. [C]女儿	人物关系				简单词 · 与人相关	381
son	sʌn	n.[C]儿子；[sing.]年轻人；孩子	人物关系				简单词 · 与人相关	381
twin	twɪn	n.[C]孪生儿之一 a.李生儿之一的；成对的	人物关系				简单词 · 与人相关	382
sister	ˈsɪstə(r)	n.[C]姐；妹；姐妹	人物关系				简单词 · 与人相关	382
brother	ˈbrʌðə(r)	n.[C]兄；弟；伙伴	人物关系				简单词 · 与人相关	382
grandchild	ˈgræntʃaɪld	n.[C]孙子(女）；外孙子(女)	人物关系				简单词 · 与人相关	382
grandparent	ˈgrænpeərənt	n.[常用 pl]祖父（母）；外祖父（母)	人物关系				简单词 · 与人相关	382
cousin	ˈkʌzn	n.[C]同辈表亲(或堂亲)	人物关系				简单词 · 与人相关	382
nephew	ˈnefjuː	n.[C]侄子；外甥	人物关系				简单词 · 与人相关	382
niece	niːs	n.[C]侄女；甥女	人物关系				简单词 · 与人相关	382
aunt	ɑːnt	n.[C]姑母；姨母；伯母；婶母；舅母	人物关系				简单词 · 与人相关	382
woman	ˈwʊmən	n.[C]妇女；成年女子；[U]女性	人物关系				简单词 · 与人相关	382
housewife	ˈhaʊswaɪf	n.[C]家庭主妇；家庭妇女	人物关系				简单词 · 与人相关	382
comrade	ˈkɒmreɪd	n.[C]朋友；同事；（共产党或社会主义政党的）同志	人物关系				简单词 · 与人相关	382
friend	frend	n.[C]朋友	人物关系				简单词 · 与人相关	382
mate	meɪt	n.[C]朋友；伙计；同事 vi.交配 vt.使交配	人物关系				简单词 · 与人相关	382
fellow	ˈfeləʊ	n.[C]男人；[pl.]同事 a.同类的；同事的	人物关系				简单词 · 与人相关	382
baby	ˈbeɪbi	n.[C]婴儿；动物幼崽 a．（蔬菜）小型的	人物关系				简单词 · 与人相关	382
member	ˈmembə(r)	n.[C]成员；会员	人物关系				简单词 · 与人相关	382
neighbour	ˈneɪbə(r)	n.[C]邻居；邻国	人物关系				简单词 · 与人相关	382
lord	lɔːd	n.[sing.][the L-]主；上帝；[C] [L-]勋爵；阁下	人物关系				简单词 · 与人相关	382
widow	ˈwɪdəʊ	n.[C]寡妇；遗	人物关系				简单词 · 与人相关	382
host	həʊst	n.[C]主人；主办国；节目主持人 vt.主办；主持	人物关系				简单词 · 与人相关	382
amuse	əˈmjuːz	vt.逗笑；逗乐； (提供）消遣	行为习惯				简单词 · 与人相关	382
applaud	əˈplɔːd	v.鼓掌 vt.称赞；赞许	行为习惯				简单词 · 与人相关	382
clap	klæp	v.鼓掌 n.[sing.]鼓掌；掌声；[C]砰然巨响	行为习惯				简单词 · 与人相关	382
cheer	tʃɪə(r)	v.欢呼；喝彩 vt.鼓励 n.[C] 欢呼声；喝彩声	行为习惯				简单词 · 与人相关	382
bless	bles	vt.祝福	行为习惯				简单词 · 与人相关	382
pray	preɪ	v.祈祷；企盼 ad.请问；请	行为习惯				简单词 · 与人相关	382
beg	beg	v.恳求，祈求；乞讨	行为习惯				简单词 · 与人相关	382
praise	preɪz	vt.表扬；颂扬 n.[U]赞扬；颂扬	行为习惯				简单词 · 与人相关	382
admire	ədˈmaɪə(r)	vt.钦佩，仰慕；赞赏；欣赏	行为习惯				简单词 · 与人相关	382
perfect	pəˈfekt	vt.使完善	行为习惯				简单词 · 与人相关	383
astonish	əˈstɒnɪʃ	vt.使吃惊；使大为惊奇	行为习惯				简单词 · 与人相关	383
awe	ɔː	vt.使敬畏；使惊叹 n.[U]敬畏；惊叹	行为习惯				简单词 · 与人相关	383
amaze	əˈmeɪz	vt.使惊奇，使惊论	行为习惯				简单词 · 与人相关	383
assure	əˈʃʊə(r)	vt.向…保证；确保；查明	行为习惯				简单词 · 与人相关	383
attain	əˈteɪn	vt.（通常经过努力）获得；达到	行为习惯				简单词 · 与人相关	383
await	əˈweɪt	vt.等候；期待；将发生在	行为习惯				简单词 · 与人相关	383
nod	nɒd	v.点头；点头示意 vi.打吨 n.[C]点头	行为习惯				简单词 · 与人相关	383
betray	bɪˈtreɪ	vt.背叛；泄露；辜负；流露出	行为习惯				简单词 · 与人相关	383
defect	dɪˈfekt	vi.背叛；叛变	行为习惯				简单词 · 与人相关	383
cheat	tʃiːt	vt.欺骗 vi.作弊 n.[C] 作弊者；[sing.]欺骗手段	行为习惯				简单词 · 与人相关	383
deceive	dɪˈsiːv	vt.欺骗；蒙骗 v.使人误信	行为习惯				简单词 · 与人相关	383
pardon	ˈpɑːdn	vt.赦免；原谅 n.[C]赦免；[U]原谅	行为习惯				简单词 · 与人相关	383
gaze	geɪz	vi.凝视；注视 n.[常用 sing.]凝视；注视	行为习惯				简单词 · 与人相关	383
stare	steə(r)	vi.盯着看；凝视 n.[C]盯，凝视	行为习惯				简单词 · 与人相关	383
watch	wɒtʃ	v.看；注视 vt.小 v 心；照看 n.[C]手表	行为习惯				简单词 · 与人相关	383
glimpse	glɪmps	vt.警见 n.[常用 sing.]一警；短暂的感受	行为习惯				简单词 · 与人相关	383
grin	grɪn	v.咧着嘴笑 n.[C] 露齿的笑	行为习惯				简单词 · 与人相关	383
smile	smaɪl	vi.笑；微笑 n.[C]笑容；微笑	行为习惯				简单词 · 与人相关	383
laugh	lɑːf	vi.笑；嘲笑 n.[C]笑声；[sing.][a～引 l 人发笑的事（人)	行为习惯				简单词 · 与人相关	383
hear	hɪə(r)	v.听到；听说 vt.倾听；审理	行为习惯				简单词 · 与人相关	383
scream	skriːm	v.尖叫；大声叫 n.[C]尖叫；尖锐刺耳的声音	行为习惯				简单词 · 与人相关	383
call	kɔːl	vt.称呼 v.打电话 n.[C]打电话；短暂拜访；请求	行为习惯				简单词 · 与人相关	383
yell	jel	v.叫喊；吼叫 n.[C]叫喊	行为习惯				简单词 · 与人相关	383
shout	ʃaʊt	v.大声说；vi.呼叫 n.[C]呼喊	行为习惯				简单词 · 与人相关	383
curse	kɜːs	v.诅咒 n.[C]咒骂语；咒语；祸根	行为习惯				简单词 · 与人相关	383
sigh	saɪ	vi.叹气；叹着气说；悲鸣 n.[C]叹气；叹息	行为习惯				简单词 · 与人相关	383
speak	spiːk	vi.讲话；说话；谈；提起 vt.会讲(某种语言)	行为习惯				简单词 · 与人相关	383
dictate	dɪkˈteɪt	v.口述；支配 vt.指使	行为习惯				简单词 · 与人相关	383
dictate	dɪkˈteɪt	n.[常用 pl.]命令	行为习惯				简单词 · 与人相关	383
argue	ˈɑːgjuː	vi.争吵；争论 v.争辩	行为习惯				简单词 · 与人相关	383
complain	kəmˈpleɪn	v.抱怨；埋怨	行为习惯				简单词 · 与人相关	384
ask	ɑːsk	v.询问；请求 vt.邀请；要求	行为习惯				简单词 · 与人相关	384
claim	kleɪm	vt.声称 v.索取 n.[C]声明；索赔	行为习惯				简单词 · 与人相关	384
spit	spɪt	vt.吐 vi.吐唾沫 n.[U]唾液；[常用 sing.]吐痰	行为习惯				简单词 · 与人相关	384
kiss	kɪs	v.亲吻 vt.轻拂 n.[C]吻	行为习惯				简单词 · 与人相关	384
lick	lɪk	vt.舔；轻松战胜 v.（火舌）舔食 n.[C]舔	行为习惯				简单词 · 与人相关	384
suck	sʌk	vt.抽吸 v.吮吸；含在嘴里吸食 n.[常用 sing.]吸，吮	行为习惯				简单词 · 与人相关	384
swallow	ˈswɒləʊ	v.吞下 vt.吞没；用尽 n.[C]燕；咽	行为习惯				简单词 · 与人相关	384
hug	hʌg	v.拥抱 vt.抱紧 n.[C] 拥抱	行为习惯				简单词 · 与人相关	384
bind	baɪnd	vt.捆绑；缠绕 n.[sing.]窘境	行为习惯				简单词 · 与人相关	384
undo	ʌnˈduː	vt.打开；解开；消除	行为习惯				简单词 · 与人相关	384
open	ˈəʊpən	v.打开 a.开放的；张开的 n.[sing.][the~」户外；公开	行为习惯				简单词 · 与人相关	384
attack	əˈtæk	v.袭击；攻击 n.[C,U]攻击；坪击	行为习惯				简单词 · 与人相关	384
beat	biːt	vt.打；打败 n.[C]跳动；节奏	行为习惯				简单词 · 与人相关	384
hit	hɪt	vt.打；碰撞 n.[C]打；命中	行为习惯				简单词 · 与人相关	384
pull	pʊl	v.拉；扯；拔出	行为习惯				简单词 · 与人相关	384
drag	dræg	vt.拖 v.缓慢而费力地移动	行为习惯				简单词 · 与人相关	384
squeeze	skwiːz	v.挤压；（ （使）挤入 vt.挤出 n.[常用 sing]捏；削减	行为习惯				简单词 · 与人相关	384
shake	ʃeɪk	v.摇动 vt.握手；动摇 vi.颤抖 n.[常用 sing.]摇动	行为习惯				简单词 · 与人相关	384
carry	ˈkæri	vt.拿；运送；携带；传播	行为习惯				简单词 · 与人相关	384
wipe	waɪp	vt.擦；拭；抹掉 n.[C]擦；拭；纸巾	行为习惯				简单词 · 与人相关	384
rub	rʌb	v.擦；搓；磨 vt.涂 n.[常用 sing.]擦	行为习惯				简单词 · 与人相关	384
take	teɪk	vt.拿走；取走；带走	行为习惯				简单词 · 与人相关	384
hold	həʊld	vt.拿着；抱住；使保持 n.[sing.,U]抓；支撑	行为习惯				简单词 · 与人相关	384
toss	tɒs	vt.扔；抛 v.（使）摇摆 n.[常用 sing.]掷硬币决定	行为习惯				简单词 · 与人相关	384
catch	kætʃ	vt.接住；抓住；逮住	行为习惯				简单词 · 与人相关	384
cut	kʌt	vt.切；割 n.[C]伤口；缩减	行为习惯				简单词 · 与人相关	384
do	duː	vt.做，干	行为习惯				简单词 · 与人相关	384
fetch	fetʃ	vt.去取；卖得	行为习惯				简单词 · 与人相关	384
seal	siːl	vt.封上；密封；使成定局 n.[C]印章；封蜡；海豹	行为习惯				简单词 · 与人相关	384
stick	stɪk	v.刺；戳；粘贴 n.[C]枝条；棍；条	行为习惯				简单词 · 与人相关	384
sting	stɪŋ	v.刺；（使）感觉刺痛 vt.激怒 n.[C]刺；刺伤	行为习惯				简单词 · 与人相关	384
bow	baʊ	vi.鞠躬 vt.低（头）n.[C]鞠躬	行为习惯				简单词 · 与人相关	385
bend	bend	v.弯腰；弯曲 n.[C]拐弯	行为习惯				简单词 · 与人相关	385
wash	wɒʃ	vt.洗；洗涤 n.[常用 sing.]洗；洗涤	行为习惯				简单词 · 与人相关	385
bathe	beɪð	v.洗澡 vt.用水清洗 n.[sing.]游泳	行为习惯				简单词 · 与人相关	385
push	pʊʃ	v.推；推动；挤开 vt.按 n.[C]推	行为习惯				简单词 · 与人相关	385
put	pʊt	vt.放；安置	行为习惯				简单词 · 与人相关	385
raise	reɪz	vt.举起；升起；起身；提高；筹款	行为习惯				简单词 · 与人相关	385
write	raɪt	v.写；书写；写作；编写	行为习惯				简单词 · 与人相关	385
dial	ˈdaɪəl	v.拨（电话号码）n.[C]钟面；仪表盘	行为习惯				简单词 · 与人相关	385
chase	tʃeɪs	v.追赶；追求 vt.努力获得 n.[C] 追赶	行为习惯				简单词 · 与人相关	385
flee	fliː	v.迅速离开；逃离，逃跑	行为习惯				简单词 · 与人相关	385
kick	kɪk	v.踢 n.[C]踢	行为习惯				简单词 · 与人相关	385
jump	dʒʌmp	v.跳 vi.快速移动 vt.跳过 n.[C]跳	行为习惯				简单词 · 与人相关	385
leap	liːp	v.跳跃 vi.猛冲；骤增 n.[C]跳跃	行为习惯				简单词 · 与人相关	385
dare	deə(r)	vt.敢于 modal v.敢 n.[常用 sing.]激将；挑战	行为习惯				简单词 · 与人相关	385
bargain	ˈbɑːgən	vi.讨价还价 n.[C]便宜货；交易	行为习惯				简单词 · 与人相关	385
compute	kəmˈpjuːt	vt.计算；估算	行为习惯				简单词 · 与人相关	385
delete	dɪˈliːt	vt.删除	行为习惯				简单词 · 与人相关	385
omit	əˈmɪt	vt.省略；删除；漏掉；未 (做)	行为习惯				简单词 · 与人相关	385
cancel	ˈkænsl	v.取消 vt.撤销；注销	行为习惯				简单词 · 与人相关	385
hijack	ˈhaɪdʒæk	vt.劫持；操纵 n.[C]劫持	行为习惯				简单词 · 与人相关	385
immigrate	ˈɪmɪgreɪt	vi.（从外地）移居；移民	行为习惯				简单词 · 与人相关	385
imitate	ˈɪmɪteɪt	vt.模仿；仿效；学……的样子	行为习惯				简单词 · 与人相关	385
transplant	trænsˈplɑːnt	t.移植	行为习惯				简单词 · 与人相关	385
transplant	trænsˈplɑːnt	n.[C,U] 移植	行为习惯				简单词 · 与人相关	385
upload	ˌʌpˈləʊd	vt.上传	行为习惯				简单词 · 与人相关	385
upload	ˌʌpˈləʊd	n.[C]上传	行为习惯				简单词 · 与人相关	385
adjust	əˈdʒʌst	vt.调整，调节；整理 v.适应	行为习惯				简单词 · 与人相关	385
adopt	əˈdɒpt	v.收养，领养 vt.采用，采取	行为习惯				简单词 · 与人相关	385
reach	riːtʃ	vt.到达；达到 v.够得着	行为习惯				简单词 · 与人相关	385
show	ʃəʊ	vt.表明；显示；展示；给·看 n.[C]演出；节目	行为习惯				简单词 · 与人相关	385
damn	ˌdæm	vt.遣责 a.可恶的 ad.十足	行为习惯				简单词 · 与人相关	385
disapprove	ˌdɪsəˈpruːv	vi.不赞成；反对	行为习惯				简单词 · 与人相关	386
object	əbˈdʒekt	vi.反对	行为习惯				简单词 · 与人相关	386
defy	dɪˈfaɪ	vt.违抗；使不可能（理解或解释）；经受住	行为习惯				简单词 · 与人相关	386
depart	dɪˈpɑːt	v.离开；起程；离职	行为习惯				简单词 · 与人相关	386
disguise	dɪsˈgaɪz	vt. 假装；伪装 n.[C,U] 伪装物;[U] 伪装	行为习惯				简单词 · 与人相关	386
disgust	dɪsˈgʌst	vt.使厌恶；使反感 n.[U] 厌恶；反感	行为习惯				简单词 · 与人相关	386
dye	daɪ	vt.染；给……染色 n.[C,U]染料；染液	行为习惯				简单词 · 与人相关	386
edit	ˈedɪt	v.编辑 vt.编选；剪辑；主编	行为习惯				简单词 · 与人相关	386
enquire	ɪnˈkwaɪə(r)	v.询问；打听	行为习惯				简单词 · 与人相关	386
envy	ˈenvi	vt. 羡慕；忌妒 n.[U] 羡慕；忌妒	行为习惯				简单词 · 与人相关	386
exhaust	ɪgˈzɔːst	vt.使筋疲力尽；耗尽 n.[U]废气	行为习惯				简单词 · 与人相关	386
expend	ɪkˈspend	vt.花费；消费；耗费	行为习惯				简单词 · 与人相关	386
foresee	fɔːˈsiː	vt.预料；预见；预知	行为习惯				简单词 · 与人相关	386
fulfil	fʊlˈfɪl	（亦作 fulfill）vt.实现；履行；起……作用；满足	行为习惯				简单词 · 与人相关	386
grab	græb	v.抓住；利用 vi.夺得 vt.匆忙地做；捞取	行为习惯				简单词 · 与人相关	386
hesitate	ˈhezɪteɪt	v.犹豫 vi.顾虑	行为习惯				简单词 · 与人相关	386
inform	ɪnˈfɔːm	vt.通知；了解；对……有影响	行为习惯				简单词 · 与人相关	386
knit	nɪt	v.编织； （使）紧密结合 n.[常用 pl.]编织的衣服	行为习惯				简单词 · 与人相关	386
mend	mend	vt.修理；缝补；弥合（分歧）vi.痊愈	行为习惯				简单词 · 与人相关	386
nap	næp	vi.小睡，打盹 n.[C]小睡，打盹	行为习惯				简单词 · 与人相关	386
protest	prəˈtest	v.抗议 vt.申辩 n.[C,U]抗议	行为习惯				简单词 · 与人相关	386
retell	ˌriːˈtel	vt.复述，重新讲述	行为习惯				简单词 · 与人相关	386
rob	rɒb	vt.抢劫；掠夺；盗取	行为习惯				简单词 · 与人相关	386
sew	səʊ	v.缝；缝补；缝合	行为习惯				简单词 · 与人相关	386
sow	səʊ	v.播种 vt.灌输；激起	行为习惯				简单词 · 与人相关	386
spare	speə(r)	vt.留出；免去 a.闲置的；备用的 n.[C]备用品	行为习惯				简单词 · 与人相关	386
sweat	swet	v.出汗 vi.渗出水分 n.[U]汗；[常用 sing.]出汗	行为习惯				简单词 · 与人相关	386
condemn	kənˈdem	vt.遣责；宣判；使陷入(不愉快的境地)	行为习惯				简单词 · 与人相关	386
pretend	prɪˈtend	v.假装；扮作；自翊 a.假装的；想象的	行为习惯				简单词 · 与人相关	386
abandon	əˈbændən	vt.抛弃；舍弃；放弃 n.[U] 放任，放纵	行为习惯				简单词 · 与人相关	386
accept	əkˈsept	v.接受 vt.同意；承担	行为习惯				简单词 · 与人相关	386
present	prɪˈzent	vt.授予	行为习惯				简单词 · 与人相关	387
achieve	əˈtʃiːv	vt.达到；完成 vi.成功	行为习惯				简单词 · 与人相关	387
acquire	əˈkwaɪə(r)	vt.获得，得到；购得	行为习惯				简单词 · 与人相关	387
afford	əˈfɔːd	vt.买得起；承担得起；提供	行为习惯				简单词 · 与人相关	387
apply	əˈplaɪ	v.申请 vt.使用，应用	行为习惯				简单词 · 与人相关	387
believe	bɪˈliːv	vt.相信；认为；把（某事）当真	行为习惯				简单词 · 与人相关	387
borrow	ˈbɒrəʊ	vt.借；借用 v.借入；引用	行为习惯				简单词 · 与人相关	387
bring	brɪŋ	vt.带来；提供；引起	行为习惯				简单词 · 与人相关	387
buy	baɪ	v.购买	行为习惯				简单词 · 与人相关	387
choose	tʃuːz	v.选择；选取	行为习惯				简单词 · 与人相关	387
collect	kəˈlekt	vt.收集；收藏 vi.聚集	行为习惯				简单词 · 与人相关	387
command	kəˈmɑːnd	v.命令；指挥 n.[C]命令；[U]管辖	行为习惯				简单词 · 与人相关	387
compete	kəmˈpiːt	vi.竞争；对抗；参加比赛	行为习惯				简单词 · 与人相关	387
confuse	kənˈfjuːz	vt.使糊涂；混淆	行为习惯				简单词 · 与人相关	387
consider	kənˈsɪdə(r)	v.仔细考虑 vt.认为	行为习惯				简单词 · 与人相关	387
contribute	kənˈtrɪbjuːt	v.捐助；增加；撰稿 vi.促成	行为习惯				简单词 · 与人相关	387
debate	dɪˈbeɪt	v.讨论，辩论 n.[C,U]辩论，讨论	行为习惯				简单词 · 与人相关	387
decide	dɪˈsaɪd	v.决定；裁决；影响……的结果	行为习惯				简单词 · 与人相关	387
describe	dɪˈskraɪb	vt.描述；形成…形状	行为习惯				简单词 · 与人相关	387
design	dɪˈzaɪn	vt.设计；制订 n.[C,U]设计；[U]构思	行为习惯				简单词 · 与人相关	387
discover	dɪˈskʌvə(r)	vt.发现；找到；了解到	行为习惯				简单词 · 与人相关	387
discuss	dɪˈskʌs	vt.讨论；详述	行为习惯				简单词 · 与人相关	387
drive	draɪv	v.开车 vt.驱动；驱使 n.[C]驱车旅行	行为习惯				简单词 · 与人相关	387
earn	ɜːn	v.挣钱 vt.获（利）；赢得	行为习惯				简单词 · 与人相关	387
enjoy	ɪnˈdʒɔɪ	vt.享受……的乐趣；玩得痛快；享有	行为习惯				简单词 · 与人相关	387
expect	ɪkˈspekt	vt.预期；期待；要求	行为习惯				简单词 · 与人相关	387
explain	ɪkˈspleɪn	v.解释；阐明；说明（……的）原因	行为习惯				简单词 · 与人相关	387
feed	fiːd	vt.喂养 vi.进食 n.[C] 一餐；[C,U] 动物的饲料	行为习惯				简单词 · 与人相关	387
forget	fəˈget	v.忘记；忘记做；不再想	行为习惯				简单词 · 与人相关	387
forgive	fəˈgɪv	v.原谅，宽恕 vt.请原谅	行为习惯				简单词 · 与人相关	387
found	faʊnd	vt.创立；把…建立在	行为习惯				简单词 · 与人相关	387
guess	ges	v.猜测 vt.猜对 n.[C] 猜测	行为习惯				简单词 · 与人相关	387
hate	heɪt	vt.讨厌；憎恶 n.[U]憎恨；[C]所憎恶的人	行为习惯				简单词 · 与人相关	388
help	help	v.帮助；促进 n.[U]帮助；有用；救助	行为习惯				简单词 · 与人相关	388
hide	haɪd	vt.隐藏；遮住 v.躲避 n.[C]隐蔽处	行为习惯				简单词 · 与人相关	388
hope	həʊp	v. 希望 n.[C,U] 希望；[C] 希望的东西	行为习惯				简单词 · 与人相关	388
hurry	ˈhʌri	vi.赶快 vt.催促；仓促 n.[U,sing.]匆忙	行为习惯				简单词 · 与人相关	388
ignore	ɪgˈnɔː(r)	vt.忽视；不予理睬	行为习惯				简单词 · 与人相关	388
insist	ɪnˈsɪst	v.坚决要求；坚持说	行为习惯				简单词 · 与人相关	388
insult	ɪnˈsʌlt	vt.侮辱	行为习惯				简单词 · 与人相关	388
interest	ˈɪntrəst	vt.使感兴趣 n.[sing.,U] 兴趣；[U] 利息	行为习惯				简单词 · 与人相关	388
interrupt	ˌɪntəˈrʌpt	v.打断；打扰 vt.使中断；阻断	行为习惯				简单词 · 与人相关	388
introduce	ˌɪntrəˈdjuːs	vt.介绍；主持；使尝试；推行；引进	行为习惯				简单词 · 与人相关	388
invite	ɪnˈvaɪt	vt.邀请；请求；招致	行为习惯				简单词 · 与人相关	388
invite	ɪnˈvaɪt	n.[C] 邀请；请柬	行为习惯				简单词 · 与人相关	388
know	nəʊ	v.知道；认识到；肯定 vt.熟悉；了解	行为习惯				简单词 · 与人相关	388
lend	lend	vt.借出；增添；提供 v.贷款	行为习惯				简单词 · 与人相关	388
let	let	vt.让；准许 n.[C]出租	行为习惯				简单词 · 与人相关	388
lie	laɪ	vi.躺；平放；说谎 n.[C]谎言	行为习惯				简单词 · 与人相关	388
lift	lɪft	v.举起，抬高 vt.移开；解除 n.[C]电梯	行为习惯				简单词 · 与人相关	388
like	laɪk	vt.喜欢 prep.像 con ji.如同 n.[pl.]喜好 a.类似的	行为习惯				简单词 · 与人相关	388
march	mɑːtʃ	v.行进 vi.前进 n.[C]示威游行；行军	行为习惯				简单词 · 与人相关	388
process	prəˈses	vi.列队行进	行为习惯				简单词 · 与人相关	388
marry	ˈmæri	v.结婚 vt.操办婚礼；把……嫁给	行为习惯				简单词 · 与人相关	388
miss	mɪs	vt.错过；思念 v.未击中 n.[M-]小姐，女士	行为习惯				简单词 · 与人相关	388
murder	ˈmɜːdə(r)	vt.谋杀；糟蹋 n.[C, U] 谋杀；[U] 困难的事	行为习惯				简单词 · 与人相关	388
obtain	əbˈteɪn	vt.获得 vi.存在	行为习惯				简单词 · 与人相关	388
obey	əˈbeɪ	v.服从；听从；遵守	行为习惯				简单词 · 与人相关	388
oppose	əˈpəʊz	vt.反对；与…角逐	行为习惯				简单词 · 与人相关	388
organize	ˈɔːgənaɪz	(亦作 organise）vt.组织；安排；规划	行为习惯				简单词 · 与人相关	388
owe	əʊ	vt.欠（钱）；感激；归因于	行为习惯				简单词 · 与人相关	388
pack	pæk	v.装（箱）vt.包装 n.[C]纸包；全套东西；一包	行为习惯				简单词 · 与人相关	388
pay	peɪ	v.付费 vt.交纳 n.[U]工资，薪水	行为习惯				简单词 · 与人相关	388
plan	plæn	v.计划；打算 n.[C]计划；规划	行为习惯				简单词 · 与人相关	389
project	ˈprɒdʒekt	vt.规划；预测	行为习惯				简单词 · 与人相关	389
prepare	prɪˈpeə(r)	vt.准备；把……预备好 v……使（自己）有准备；筹备	行为习惯				简单词 · 与人相关	389
read	riːd	v.阅读；朗读 n.[sing.]读书	行为习惯				简单词 · 与人相关	389
realize	ˈriːəlaɪz	（亦作 realise）v.意识到 vt.实现	行为习惯				简单词 · 与人相关	389
receive	rɪˈsiːv	vt.收到；受到；接纳；接待	行为习惯				简单词 · 与人相关	389
remember	rɪˈmembə(r)	v.记得；想起 vt.纪念	行为习惯				简单词 · 与人相关	389
repair	rɪˈpeə(r)	vt.修理；修补；补救 n.[C,U] 修理	行为习惯				简单词 · 与人相关	389
repeat	rɪˈpiːt	v.重做；再次发生 vt.重复；跟读；转述	行为习惯				简单词 · 与人相关	389
reply	rɪˈplaɪ	v.回复 vi.回应 n.[C,U]回复	行为习惯				简单词 · 与人相关	389
research	rɪˈsɜːtʃ	v.研究；调查 n.[U]研究	行为习惯				简单词 · 与人相关	389
survey	səˈveɪ	vt.调查；审视	行为习惯				简单词 · 与人相关	389
save	seɪv	vt.拯救；挽救 v.攒钱；节约；保存	行为习惯				简单词 · 与人相关	389
search	sɜːtʃ	v.搜寻；搜查 vt.搜身 n.[C]搜寻；搜查	行为习惯				简单词 · 与人相关	389
seek	siːk	v.寻找；谋求	行为习惯				简单词 · 与人相关	389
send	send	vt.邮寄；发送；传达；派遣	行为习惯				简单词 · 与人相关	389
set	set	vt.放；置；设置 n.[C]一组	行为习惯				简单词 · 与人相关	389
share	ʃeə(r)	v.共享；分享；分担	行为习惯				简单词 · 与人相关	389
smoke	sməʊk	v.吸烟 vi.冒烟 n.[U]烟；[常用 sing.]吸烟	行为习惯				简单词 · 与人相关	389
solve	sɒlv	vt.解决；处理；解答	行为习惯				简单词 · 与人相关	389
suggest	səˈdʒest	vt.建议；提议；推荐；表明	行为习惯				简单词 · 与人相关	389
suppose	səˈpəʊz	v.推断 vt.假定；假设；	行为习惯				简单词 · 与人相关	389
teach	tiːtʃ	vt.教；教育 v.教授；讲授	行为习惯				简单词 · 与人相关	389
think	θɪŋk	v.想；认为；考虑 vt.觉得	行为习惯				简单词 · 与人相关	389
trust	trʌst	vt.相信；信赖 n.[U]相信；信赖	行为习惯				简单词 · 与人相关	389
try	traɪ	v.尝试；试图；努力 n.[常用 sing.]尝试	行为习惯				简单词 · 与人相关	389
understand	ˌʌndəˈstænd	v.懂；理解；了解；体谅	行为习惯				简单词 · 与人相关	389
visit	ˈvɪzɪt	vt.访问；拜访 n.[C]参观；拜访；看望	行为习惯				简单词 · 与人相关	389
wait	weɪt	v.等；等待；等候 n.[常用 sing]等候；等待	行为习惯				简单词 · 与人相关	389
wander	ˈwɒndə(r)	v.漫步；漫游；闲逛	行为习惯				简单词 · 与人相关	389
waste	weɪst	vt.浪费；糟蹋 n.[U,sing.]浪费 a.废弃的	行为习惯				简单词 · 与人相关	389
welcome	ˈwelkəm	v.欢迎 a.受欢迎的	行为习惯				简单词 · 与人相关	389
wonder	ˈwʌndə(r)	v.想知道；想弄明白 n.[U] 惊讶；[C] 奇迹	行为习惯				简单词 · 与人相关	389
doubt	daʊt	vt.怀疑；不相信；不能肯定 n.[C,U]怀疑；不确定	行为习惯				简单词 · 与人相关	390
check	tʃek	vt.检查；核查 n.[C]支票；检查；调查	行为习惯				简单词 · 与人相关	390
create	kriˈeɪt	vt.创造；创作；造成；产生	行为习惯				简单词 · 与人相关	390
touch	tʌtʃ	vt.触摸；感动 v.接触；触及 n.[U]触觉	行为习惯				简单词 · 与人相关	390
count	kaʊnt	vi.数数 v.计算总数 n.[常用 sing.]总数	行为习惯				简单词 · 与人相关	390
good	gʊd	a.好的；令人愉快的；擅长的 n.[U]善行；好处	心理感受				简单词 · 与人相关	390
delight	dɪˈlaɪt	n.[U]高兴；[C]令人高兴的事 vt.使高兴	心理感受				简单词 · 与人相关	390
merry	ˈmeri	a.愉快的；高兴的	心理感受				简单词 · 与人相关	390
glad	glæd	a.高兴的，开心的；乐意的	心理感受				简单词 · 与人相关	390
happy	ˈhæpi	a.高兴的；幸福的；满意的	心理感受				简单词 · 与人相关	390
joy	dʒɔɪ	n.[U]高兴；喜悦；满足；[C] 乐趣	心理感受				简单词 · 与人相关	390
grateful	ˈgreɪtfl	a.感激的；表示感谢的	心理感受				简单词 · 与人相关	390
gratitude	ˈgrætɪtjuːd	n.[U] 感谢；感激之情	心理感受				简单词 · 与人相关	390
excite	ɪkˈsaɪt	vt.使激动；使兴奋；刺激；激发	心理感受				简单词 · 与人相关	390
welfare	ˈwelfeə(r)	n.[U] 幸福；福利	心理感受				简单词 · 与人相关	390
pride	praɪd	n.[U,sing.]自豪；[sing]值得自豪的人（或事物)	心理感受				简单词 · 与人相关	390
glory	ˈglɔːri	n.[U]光荣；赞颂；壮丽	心理感受				简单词 · 与人相关	390
satisfy	ˈsætɪsfaɪ	vt.使满意；使确信；满足(要求、需要等)	心理感受				简单词 · 与人相关	390
love	lʌv	n.[U]爱；热爱；爱情 vt.爱；喜爱	心理感受				简单词 · 与人相关	390
fun	fʌn	a.有趣的 n.[U] 乐趣；嬉戏	心理感受				简单词 · 与人相关	390
sweet	swiːt	a.甜的；香的；好听的 n.[C] 糖果；[C,U]甜食	心理感受				简单词 · 与人相关	390
courage	ˈkʌrɪdʒ	n.[U]勇气；无畏；胆量	心理感受				简单词 · 与人相关	390
ashamed	əˈʃeɪmd	a.惭愧的；羞耻的；害臊的；羞于……的	心理感受				简单词 · 与人相关	390
pity	ˈpɪti	n.[U] 同情；[sing.]遗憾 vt.同情	心理感受				简单词 · 与人相关	390
sympathy	ˈsɪmpəθi	n.[U,常用 pl]同情；赞同；[U]意气相投	心理感受				简单词 · 与人相关	390
anxious	ˈæŋkʃəs	a.渴望的；焦虑的；急切的	心理感受				简单词 · 与人相关	390
uneasy	ʌnˈiːzi	a.担心的；不安的；不稳定的	心理感受				简单词 · 与人相关	390
dislike	dɪsˈlaɪk	vt.厌恶 n.[U,sing.]不喜爱；[常用 pl.]讨厌的事物	心理感受				简单词 · 与人相关	390
despair	dɪˈspeə(r)	n.[U]绝望 vi.绝望；失去希望	心理感受				简单词 · 与人相关	390
dull	dʌl	a.无聊的；不明亮的；阴沉的；迟钝的	心理感受				简单词 · 与人相关	390
fright	fraɪt	n.[U]惊吓；恐怖；[C]恐怖的经历	心理感受				简单词 · 与人相关	390
horror	ˈhɒrə(r)	n.[U] 震惊；恐惧；[sing.]对某事物的强烈畏惧	心理感受				简单词 · 与人相关	391
jealous	ˈdʒeləs	a.吃醋的；妒忌的；羡慕的	心理感受				简单词 · 与人相关	391
sorry	ˈsɒri	a.遗憾的；难过的；抱歉的	心理感受				简单词 · 与人相关	391
weird	wɪəd	a.奇异的；不寻常的；诡异的	心理感受				简单词 · 与人相关	391
lonely	ˈləʊnli	a.孤独的；寂寞的；偏僻的	心理感受				简单词 · 与人相关	391
shame	ʃeɪm	n.[U]羞耻；羞愧；惭愧；[sing.]令人惋惜的事	心理感受				简单词 · 与人相关	391
frustrate	frʌˈstreɪt	vt.使懊恼；使沮丧；挫败	心理感受				简单词 · 与人相关	391
guilt	gɪlt	n.[U] 内疚；犯罪；罪责	心理感受				简单词 · 与人相关	391
tire	ˈtaɪə(r)	v.（使）疲劳，疲倦 n.[C]轮胎	心理感受				简单词 · 与人相关	391
grief	griːf	n.[C,U] 悲伤；[常用 sing.]伤心事；[U]担心	心理感受				简单词 · 与人相关	391
sorrow	ˈsɒrəʊ	n.[U] 悲伤；[C] 伤心事 vi.感到悲伤	心理感受				简单词 · 与人相关	391
sad	sæd	a.悲哀的；伤心的	心理感受				简单词 · 与人相关	391
angry	ˈæŋgri	a.愤怒的；生气的	心理感受				简单词 · 与人相关	391
annoy	əˈnɔɪ	vt.使恼怒；使生气；打扰；骚扰	心理感受				简单词 · 与人相关	391
rage	reɪdʒ	n. [C,U] 暴怒 v.发怒 vi.激烈进行；迅速蔓延	心理感受				简单词 · 与人相关	391
mad	mæd	a.生气的；疯狂的；极愚蠢的	心理感受				简单词 · 与人相关	391
fear	fɪə(r)	n.[C,U] 害怕 v.担心 vt.害怕	心理感受				简单词 · 与人相关	391
afraid	əˈfreɪd	a.害怕的；担心的	心理感受				简单词 · 与人相关	391
feel	fiːl	n.[sing.][the～」触觉；[sing.]感受 vt.觉得；注意到	心理感受				简单词 · 与人相关	391
mood	muːd	n.[C]情绪；坏心境；[sing.]气氛	心理感受				简单词 · 与人相关	391
thirst	θɜːst	n.[U]渴；[U,sing.]口渴；[sing.]渴望 vi.口渴；渴望	心理感受				简单词 · 与人相关	391
sincere	sɪnˈsɪə(r)	a.真诚的；诚实的；诚挚的	性格爱好				简单词 · 与人相关	391
honest	ˈɒnɪst	a.诚实的；坦诚的；真诚的；勤劳的	性格爱好				简单词 · 与人相关	391
polite	pəˈlaɪt	a.有礼貌的；客气的；儒雅的；礼节性的	性格爱好				简单词 · 与人相关	391
goodness	ˈgʊdnəs	n.[U] 善良；美德	性格爱好				简单词 · 与人相关	391
kind	kaɪnd	a.体贴的；慈祥的；乐于助人的 n.[C,U]种类	性格爱好				简单词 · 与人相关	391
mercy	ˈmɜːsi	n.[U]仁慈；怜悯；宽恕	性格爱好				简单词 · 与人相关	391
diligent	ˈdɪlɪdʒənt	a.勤勉的；刻苦的	性格爱好				简单词 · 与人相关	391
wit	wɪt	n.[U,sing.]风趣；[C]机智风趣；机智幽默的人	性格爱好				简单词 · 与人相关	391
frank	fræŋk	a.坦率的；直率的	性格爱好				简单词 · 与人相关	391
gentle	ˈdʒentl	a.温柔的；温和的；平和的；平缓的	性格爱好				简单词 · 与人相关	392
tender	ˈtendə(r)	a.温柔的；嫩的 n.[C]投标 vi.投标 vt.提议	性格爱好				简单词 · 与人相关	392
humble	ˈhʌmbl	a.谦逊的；卑微的；不大的 vt.贬低	性格爱好				简单词 · 与人相关	392
easy-going	ˌiːziˈgəʊɪŋ	a.随和的；悠闲的；不慌不忙的	性格爱好				简单词 · 与人相关	392
ideal	aɪˈdiːəl	a.完美的；理想的 n.[C] 理想；[常用 sing.]完美的人	性格爱好				简单词 · 与人相关	392
popular	ˈpɒpjələ(r)	] a.受欢迎的；通俗的；普遍的；流行的	性格爱好				简单词 · 与人相关	392
positive	ˈpɒzətɪv	a.积极乐观的；积极的；正面的 n.[C,U]优势	性格爱好				简单词 · 与人相关	392
optimism	ˈɒptɪmɪzəm	n.[U]乐观；乐观主义	性格爱好				简单词 · 与人相关	392
active	ˈæktɪv	a.活跃的；积极的；起作用的	性格爱好				简单词 · 与人相关	392
brave	breɪv	a.勇敢的 vt.勇敢面对	性格爱好				简单词 · 与人相关	392
mild	maɪld	a.温和的 n.[U] 淡味啤酒	性格爱好				简单词 · 与人相关	392
patient	ˈpeɪʃnt	a.有耐心的 n.[C] 患者，病人	性格爱好				简单词 · 与人相关	392
shy	ʃaɪ	a.害羞的；碘的；怕生的	性格爱好				简单词 · 与人相关	392
quiet	ˈkwaɪət	a.轻声的；安静的；文静的	性格爱好				简单词 · 与人相关	392
loyal	ˈlɔɪəl	a.忠诚的；忠实的	性格爱好				简单词 · 与人相关	392
wise	waɪz	a.明智的；高明的；充满智慧的	性格爱好				简单词 · 与人相关	392
clever	ˈklevə(r)	] a.聪明的；熟练的；精明的	性格爱好				简单词 · 与人相关	392
smart	smɑːt	a.机灵的；聪明的	性格爱好				简单词 · 与人相关	392
tidy	ˈtaɪdi	a.整洁的 v.使整洁	性格爱好				简单词 · 与人相关	392
serious	ˈsɪəriəs	a.严重的；严肃的；重要的；认真的	性格爱好				简单词 · 与人相关	392
strict	strɪkt	a.严格的；严厉的；严谨的	性格爱好				简单词 · 与人相关	392
crazy	ˈkreɪzi	a.疯狂的；不理智的；狂热的	性格爱好				简单词 · 与人相关	392
passive	ˈpæsɪv	a.消极的；被动的；被动语态的 n.[sing]被动语态	性格爱好				简单词 · 与人相关	392
naughty	ˈnɔːti	a.顽皮的；淘气的；粗俗的	性格爱好				简单词 · 与人相关	392
weak	wiːk	a.虚弱的；软弱的，易损坏的	性格爱好				简单词 · 与人相关	392
silent	ˈsaɪlənt	a.沉默的；少言寡语的；安静的	性格爱好				简单词 · 与人相关	392
clumsy	ˈklʌmzi	a.笨拙的；冒犯人的；难用的；难处理的	性格爱好				简单词 · 与人相关	392
ignorant	ˈɪgnərənt	a.无知的；很无礼的	性格爱好				简单词 · 与人相关	392
stupid	ˈstjuːpɪd	a.糊涂的；讨厌的；愚蠢的	性格爱好				简单词 · 与人相关	392
evil	ˈiːvl	a.恶毒的；有害的 n.[U] 邪恶；[常用 pl]害处	性格爱好				简单词 · 与人相关	392
lazy	ˈleɪzi	a.懒惰的；懒洋洋的；行进缓慢的	性格爱好				简单词 · 与人相关	392
rude	ruːd	a.粗鲁的；粗俗的；无礼的	性格爱好				简单词 · 与人相关	392
impatient	ɪmˈpeɪʃnt	a.不耐烦的；迫不及待的	性格爱好				简单词 · 与人相关	393
hobby	ˈhɒbi	n.[C]业余爱好；嗜好	性格爱好				简单词 · 与人相关	393
sing	sɪŋ	v.唱（歌）；演唱	性格爱好				简单词 · 与人相关	393
guitar	gɪˈtɑː(r)	n.[C,U]吉他	性格爱好				简单词 · 与人相关	393
violin	ˌvaɪəˈlɪn	n.[C,U] 小提琴	性格爱好				简单词 · 与人相关	393
dance	dɑːns	n.[C]舞蹈；舞会 vi.跳舞	性格爱好				简单词 · 与人相关	393
draw	drɔː	v.画 vt.拖 n.[常用 sing.]抽奖	性格爱好				简单词 · 与人相关	393
lively	ˈlaɪvli	a.精力充沛的；充满趣味的；兴旺的	性格爱好				简单词 · 与人相关	393
charm	tʃɑːm	n.[U]魅力；[C]迷人的特征 v.吸引 l；迷住	外貌特征				简单词 · 与人相关	393
elegant	ˈelɪgənt	a.文雅的；优美的；精美的；简练的	外貌特征				简单词 · 与人相关	393
grace	greɪs	n.[U] 优美；优雅；文雅 vt.为增色	外貌特征				简单词 · 与人相关	393
handsome	ˈhænsəm	a.英俊的；健美的；美观的；数量大的	外貌特征				简单词 · 与人相关	393
beauty	ˈbjuːti	n.[C]美人；美好的东西；[U] 美丽	外貌特征				简单词 · 与人相关	393
slim	slɪm	a.苗条的；单薄的；微薄的 vi.减肥	外貌特征				简单词 · 与人相关	393
thin	θɪn	a.瘦的；薄的 ad.薄薄地	外貌特征				简单词 · 与人相关	393
young	jʌŋ	a.年轻的；幼小的；青年的 n.[pl.][the~]年轻人	外貌特征				简单词 · 与人相关	393
height	haɪt	n.[C,U] 身高；高度	外貌特征				简单词 · 与人相关	393
strong	strɒŋ	a.强壮的；坚固的；坚定的	外貌特征				简单词 · 与人相关	393
tall	tɔːl	a.高的，高大的	外貌特征				简单词 · 与人相关	393
deaf	def	a.聋的 n.[pl.][the~] 聋子	外貌特征				简单词 · 与人相关	393
dumb	dʌm	a.哑的；一时说不出话的；傻的	外貌特征				简单词 · 与人相关	393
pale	peɪl	a.苍白的；浅色的；暗淡的 vi.变苍白	外貌特征				简单词 · 与人相关	393
pregnant	ˈpregnənt	a.怀孕的；耐人寻味的	外貌特征				简单词 · 与人相关	393
fat	fæt	a.肥的；厚的 n.[C,U]脂肪；食用油	外貌特征				简单词 · 与人相关	393
ugly	ˈʌgli	a.丑陋的；难看的；凶险的	外貌特征				简单词 · 与人相关	393
naked	ˈneɪkɪd	a.裸体的；无遮盖的；直白的	外貌特征				简单词 · 与人相关	393
nude	njuːd	a.裸体的 n.[C] 裸体画	外貌特征				简单词 · 与人相关	393
scar	skɑː(r)	n.[C] 伤疤；伤痕 vt……在…上结疤	外貌特征				简单词 · 与人相关	393
fool	fuːl	a.傻的 n.[C]蠢人 vt.欺骗	外貌特征				简单词 · 与人相关	393
congratulate	kənˈgrætʃuleɪt	vt.祝贺；向…道贺；感到自豪	日常交流				简单词 · 日常生活	394
mister	ˈmɪstə(r)	n.[M-]先生	日常交流				简单词 · 日常生活	394
darling	ˈdɑːlɪŋ	n.[C]亲爱的 a.可爱的；迷人的	日常交流				简单词 · 日常生活	394
dear	dɪə(r)	a.亲爱的；宝贵的	日常交流				简单词 · 日常生活	394
goodbye	ˌgʊdˈbaɪ	int./n.[C]再见，道别	日常交流				简单词 · 日常生活	394
hello	həˈləʊ	int./n.[C]喂，哈罗，你好	日常交流				简单词 · 日常生活	394
hi	haɪ	int.嘿，喂	日常交流				简单词 · 日常生活	394
joke	dʒəʊk	n.[C]笑话；恶作剧；[sing.]笑料 v.说笑话；闹着玩	日常交流				简单词 · 日常生活	394
madam	ˈmædəm	n.[sing.]夫人，女士	日常交流				简单词 · 日常生活	394
no	nəʊ	int./ad.不 n.[C]否定的回答	日常交流				简单词 · 日常生活	394
okay	ˌəʊˈkeɪ	int.好的 a.不错的；健康的 vt.批准	日常交流				简单词 · 日常生活	394
please	pliːz	int.请 v.使高兴	日常交流				简单词 · 日常生活	394
say	seɪ	v.说；讲；表达 vt.朗诵	日常交流				简单词 · 日常生活	394
sir	sɜː(r)	n.先生	日常交流				简单词 · 日常生活	394
speech	spiːtʃ	n.[C] 演讲；讲话；[U] 说话；口语	日常交流				简单词 · 日常生活	394
talk	tɔːk	v.交谈；讲话；讨论 n.[C]交谈；[pl]会谈	日常交流				简单词 · 日常生活	394
tell	tel	vt.告诉；说明；讲述；分辨	日常交流				简单词 · 日常生活	394
thank	θæŋk	vt.谢谢；感谢	日常交流				简单词 · 日常生活	394
tone	təʊn	n.[C]音调；语气；腔调；色调	日常交流				简单词 · 日常生活	394
well	wel	ad.好；相当 int.嗯 a.健康的 n.[C] 水井	日常交流				简单词 · 日常生活	394
yes	jes	int.是；好的；确实如此 n.[C]表示同意的答复	日常交流				简单词 · 日常生活	394
narrate	nəˈreɪt	vt.叙述；给（纪录片或节目）作解说	日常交流				简单词 · 日常生活	394
furniture	ˈfɜːnɪtʃə(r)	n.[U]（可移动的）家具	日常用品				简单词 · 日常生活	394
bed	bed	n.[C,U] 床；[C] 河床	日常用品				简单词 · 日常生活	394
sheet	ʃiːt	n.[C]床单；一张（纸）；薄片	日常用品				简单词 · 日常生活	394
pillow	ˈpɪləʊ	n.[C]枕头 vt.枕着(某物)	日常用品				简单词 · 日常生活	394
sofa	ˈsəʊfə	n.[C] 沙发	日常用品				简单词 · 日常生活	394
couch	kaʊtʃ	n.[C] 长沙发 vt.措辞	日常用品				简单词 · 日常生活	395
mat	mæt	n.[C]小地毯；垫子	日常用品				简单词 · 日常生活	395
blanket	ˈblæŋkɪt	n.[C]毯子 a.适用于全体的 vt.覆盖	日常用品				简单词 · 日常生活	395
carpet	ˈkɑːpɪt	n.[C,U]地毯 vt.用地毯铺地；厚厚地铺上	日常用品				简单词 · 日常生活	395
curtain	ˈkɜːtn	n.[C]窗帘；慢；[sing.]惟幕	日常用品				简单词 · 日常生活	395
wool	wʊl	n.[U]羊毛；毛线；毛织物	日常用品				简单词 · 日常生活	395
floor	flɔː(r)	n.[常用 sing.]地板；[C]楼层	日常用品				简单词 · 日常生活	395
air-conditioning	ˈeə(r) kəndɪʃnɪŋ	n.[U] 空调系统	日常用品				简单词 · 日常生活	395
desk	desk	n.[C]书桌；[sing.]服务台；……部	日常用品				简单词 · 日常生活	395
table	ˈteɪbl	n.[C]桌子；餐桌；表格 vt.（正式）提出	日常用品				简单词 · 日常生活	395
shelf	ʃelf	n.[C]架子；搁板	日常用品				简单词 · 日常生活	395
drawer	drɔː(r)	n.[C]抽屉	日常用品				简单词 · 日常生活	395
chair	ˈtʃeə(r)	n.[C] 椅子；[sing.][the~]主席 vt.担任主席；主持	日常用品				简单词 · 日常生活	395
seat	siːt	n.[C]座位；椅子 vt.（使）就座	日常用品				简单词 · 日常生活	395
box	bɒks	n.[C]盒；箱；一盒（东西）；方框 v.击打	日常用品				简单词 · 日常生活	395
carton	ˈkɑːtn	n.[C] 塑料盒；硬纸盒	日常用品				简单词 · 日常生活	395
cage	keɪdʒ	n.[C]笼子 vt.把（动物）关在笼中	日常用品				简单词 · 日常生活	395
basket	ˈbɑːskɪt	n.[C]篮；篓；筐；一篮（的量)	日常用品				简单词 · 日常生活	395
broom	bruːm	n.[C]扫把	日常用品				简单词 · 日常生活	395
scissors	ˈsɪzəz	n.[pl]剪刀	日常用品				简单词 · 日常生活	395
parcel	pɑːs	n.[C]包裹；一块地 vt.包；打包	日常用品				简单词 · 日常生活	395
soap	səʊp	n.[C,U]肥皂 vt.用肥皂擦洗	日常用品				简单词 · 日常生活	395
towel	ˈtaʊəl	n.[C]毛巾 vt.用毛巾擦干	日常用品				简单词 · 日常生活	395
bath	bɑːθ	n.[C] 浴缸，浴盆；洗澡 vt.给……洗澡	日常用品				简单词 · 日常生活	395
comb	kəʊm	n.[C]梳子；vt.梳理 v.仔细搜索	日常用品				简单词 · 日常生活	395
mirror	ˈmɪrə(r)	n.[C]镜子 vt.反映；映照	日常用品				简单词 · 日常生活	395
basin	ˈbeɪsn	n.[C]盆；盆地	日常用品				简单词 · 日常生活	395
dish	dɪʃ	n.[C] 碟；菜肴；[pl.][the~]餐具	日常用品				简单词 · 日常生活	395
plate	pleɪt	n.[C]盘子；一盘	日常用品				简单词 · 日常生活	395
bowl	bəʊl	n.[C]碗；钵；盆；一碗（的量）	日常用品				简单词 · 日常生活	395
pot	pɒt	n.[C]锅；壶；罐	日常用品				简单词 · 日常生活	395
jar	dʒɑː(r)	n.[C]罐子；一罐(的量)	日常用品				简单词 · 日常生活	395
cup	kʌp	n.[C]杯子；一杯（的量)	日常用品				简单词 · 日常生活	396
glass	glɑːs	n.[U]玻璃；[C]玻璃杯；一杯（的量）；[pl]眼镜	日常用品				简单词 · 日常生活	396
china	ˈtʃaɪnə	n.[U]瓷；瓷器	日常用品				简单词 · 日常生活	396
chopstick	ˈtʃɒpstɪk	n.[常用 pl.]筷子	日常用品				简单词 · 日常生活	396
fork	fɔːk	n.[C]餐叉；叉；岔口 vi.分岔	日常用品				简单词 · 日常生活	396
knife	naɪf	n.[C]刀 vt.用刀伤害	日常用品				简单词 · 日常生活	396
spoon	spuːn	n.[C]调羹；匙；勺	日常用品				简单词 · 日常生活	396
barbecue	ˈbɑːbɪkjuː	(abbr.BBQ）n.[C]烤架；户外烧烤	日常用品				简单词 · 日常生活	396
stove	stəʊv	n.[C] 炉子，火炉	日常用品				简单词 · 日常生活	396
microwave	ˈmaɪkrəweɪv	n.[C]微波炉 vt.用微波炉烹调(或加热)	日常用品				简单词 · 日常生活	396
napkin	ˈnæpkɪn	n.[C]餐巾；餐巾纸	日常用品				简单词 · 日常生活	396
briefcase	ˈbriːfkeɪs	n.[C]公文包	日常用品				简单词 · 日常生活	396
bag	bæg	n.[C]袋；手提包 vt.把……装进袋子	日常用品				简单词 · 日常生活	396
diary	ˈdaɪəri	n.[C]记事簿；日记	日常用品				简单词 · 日常生活	396
dictionary	ˈdɪkʃənri	n.[C]词典；字典	日常用品				简单词 · 日常生活	396
notebook	ˈnəʊtbʊk	n.[C]笔记本；笔记本电脑	日常用品				简单词 · 日常生活	396
pad	pæd	n.[C]垫子；便笺本； （动物的）爪垫	日常用品				简单词 · 日常生活	396
purse	pɜːs	n.[C]钱包；[sing.]资金	日常用品				简单词 · 日常生活	396
wallet	ˈwɒlɪt	n.[C]钱包；皮夹	日常用品				简单词 · 日常生活	396
fax	fæks	n.[C]传真机；[U]传真 vt.传真（信件或信息等)	日常用品				简单词 · 日常生活	396
typewriter	ˈtaɪpraɪtə(r)	n.[C]打字机	日常用品				简单词 · 日常生活	396
cellphone	ˈselfəʊn	n.[C]移动电话	日常用品				简单词 · 日常生活	396
telephone	ˈtelɪfəʊn	v.给……打电话	日常用品				简单词 · 日常生活	396
television	ˈtelɪvɪʒn	(abbr.TV）n.[C]电视机；[U]电视节目	日常用品				简单词 · 日常生活	396
camera	ˈkæmərə	n.[C]照相机；摄影机	日常用品				简单词 · 日常生活	396
album	ˈælbəm	n.[C]相册；影集；唱片	日常用品				简单词 · 日常生活	396
photograph	ˈfəʊtəgrɑːf	（亦作 photo）n.[C]照片 vt.拍照	日常用品				简单词 · 日常生活	396
card	kɑːd	n.[C]卡片；[U]卡片纸	日常用品				简单词 · 日常生活	396
letter	ˈletə(r)	n.[C]信；字母 vt.用字母标明	日常用品				简单词 · 日常生活	396
stamp	stæmp	n.[C]邮票；印；章；戳	日常用品				简单词 · 日常生活	396
post	pəʊst	n.[U] 邮件 vt.邮寄	日常用品				简单词 · 日常生活	396
mail	meɪl	n.[U]邮件 vt.邮寄；发电邮给	日常用品				简单词 · 日常生活	396
email	ˈiːmeɪl	n.[C,U]电子邮件 v.（给……）发电子邮件	日常用品				简单词 · 日常生活	397
visa	ˈviːzə	n.[C]（护照的）签证	日常用品				简单词 · 日常生活	397
permit	ˈpɜːmɪt	n.[C]许可证	日常用品				简单词 · 日常生活	397
postcard	ˈpəʊstkɑːd	n.[C]明信片	日常用品				简单词 · 日常生活	397
handbook	ˈhændbʊk	n.[C]手册；指南	日常用品				简单词 · 日常生活	397
map	mæp	n.[C]地图 vt.绘制……的地图；了解信息	日常用品				简单词 · 日常生活	397
ticket	ˈtɪkɪt	n.[C]票；入场券 vt.售票	日常用品				简单词 · 日常生活	397
compass	ˈkʌmpəs	n.[C]指南针；[sing.]界限；范围；[pl]圆规	日常用品				简单词 · 日常生活	397
list	lɪst	n.[C] 清单；名单 vt.列清单；列举	日常用品				简单词 · 日常生活	397
board	bɔːd	n.[C,U]板 v.上船(火车、飞机等)	日常用品				简单词 · 日常生活	397
rod	rɒd	n.[C]杆；棒；竿	日常用品				简单词 · 日常生活	397
wood	wʊd	n.[C,U]木头；木材；[C] 树林	日常用品				简单词 · 日常生活	397
wheel	wiːl	n.[C]车轮；[sing.]方向盘 vi.旋转	日常用品				简单词 · 日常生活	397
cable	ˈkeɪbl	n.[C,U] 电缆	日常用品				简单词 · 日常生活	397
paint	peɪnt	n.[U]油漆 v.（给…）上油漆；用颜料画	日常用品				简单词 · 日常生活	397
paper	ˈpeɪpə(r)	n.[U] 纸张；[C]报纸；[pl.]文件	日常用品				简单词 · 日常生活	397
radio	ˈreɪdiəʊ	n.[U,sing.]无线电广播；[C]收音机	日常用品				简单词 · 日常生活	397
hammer	ˈhæmə(r)	n.[C]锤子 v.锤打；反复敲打	日常用品				简单词 · 日常生活	397
magnet	ˈmægnət	n.[C]磁铁；[常用 sing.]有吸引力的事物	日常用品				简单词 · 日常生活	397
medal	ˈmedl	n.[C]奖章；勋章 vi.（在比赛中）获得奖牌	日常用品				简单词 · 日常生活	397
microphone	ˈmaɪkrəfəʊn	n.[C]麦克风，话筒	日常用品				简单词 · 日常生活	397
pipe	paɪp	n.[C,U]管子；[C] 烟斗；管乐器	日常用品				简单词 · 日常生活	397
drum	drʌm	n.[C]鼓；大桶 vi.打鼓；击鼓	日常用品				简单词 · 日常生活	397
candle	ˈkændl	n.[C]蜡烛	日常用品				简单词 · 日常生活	397
clock	klɒk	n.[C] 时钟	日常用品				简单词 · 日常生活	397
disk	dɪsk	（亦作 disc）n.[C]磁盘，磁碟	日常用品				简单词 · 日常生活	397
glue	gluː	n.[C,U]胶；胶水 vt．（用胶水）黏合	日常用品				简单词 · 日常生活	397
key	kiː	n.[C]钥匙；[常用 sing.]关键 a.最重要的	日常用品				简单词 · 日常生活	397
mask	mɑːsk	n.[C]面具；[常用 sing.]掩饰 vt.掩饰	日常用品				简单词 · 日常生活	397
newspaper	ˈnjuːzpeɪpə(r)	n.[C]报纸；[U] 旧报纸	日常用品				简单词 · 日常生活	397
umbrella	ʌmˈbrelə	n.[C]伞；雨伞；阳伞	日常用品				简单词 · 日常生活	397
cigar	sɪˈgɑː(r)	n.[C] 雪茄烟	日常用品				简单词 · 日常生活	397
cigarette	ˌsɪgəˈret	n.[C]香烟；纸烟	日常用品				简单词 · 日常生活	398
doll	dɒl	n.[C]玩偶；洋娃娃	日常用品				简单词 · 日常生活	398
diet	ˈdaɪət	n.[C,U]日常饮食；节食 vi.节食	日常饮食				简单词 · 日常生活	398
food	fuːd	n.[U]食物；[C,U]（某种）食物	日常饮食				简单词 · 日常生活	398
meal	miːl	n.[C]一餐；一餐所吃的食物	日常饮食				简单词 · 日常生活	398
breakfast	ˈbrekfəst	n.[C,U]早餐 vi.吃早餐	日常饮食				简单词 · 日常生活	398
brunch	brʌntʃ	n.[C,U] 早午餐	日常饮食				简单词 · 日常生活	398
lunch	lʌntʃ	n.[C,U] 午餐 vi.吃午餐	日常饮食				简单词 · 日常生活	398
dinner	ˈdɪnə(r)	n.[C,U] 正餐，主餐；[C]宴会	日常饮食				简单词 · 日常生活	398
supper	ˈsʌpə(r)	n.[C,U] 晚饭；夜宵	日常饮食				简单词 · 日常生活	398
dine	daɪn	vi.进餐	日常饮食				简单词 · 日常生活	398
eat	iːt	v.吃 vi.用餐	日常饮食				简单词 · 日常生活	398
rice	raɪs	n.[U]大米；稻米	日常饮食				简单词 · 日常生活	398
noodle	ˈnuːdl	n.[常用 pl.]面条	日常饮食				简单词 · 日常生活	398
meat	miːt	n. [C, U] 肉类	日常饮食				简单词 · 日常生活	398
bacon	ˈbeɪkən	n.[U] 咸猪肉；熏猪肉	日常饮食				简单词 · 日常生活	398
pork	pɔːk	n.[U] 猪肉	日常饮食				简单词 · 日常生活	398
steak	steɪk	n.[C,U]牛排；肉排	日常饮食				简单词 · 日常生活	398
beef	biːf	n.[U] 牛肉	日常饮食				简单词 · 日常生活	398
sausage	ˈsɒsɪdʒ	n.[C,U]香肠；腊肠	日常饮食				简单词 · 日常生活	398
fish	fɪʃ	n.[C]鱼；[U]鱼肉 vi.钓鱼	日常饮食				简单词 · 日常生活	398
egg	eg	n.[C]蛋；卵；[C,U]鸡蛋	日常饮食				简单词 · 日常生活	398
crab	kræb	n.[C]蟹；螃蟹；[U] 蟹肉	日常饮食				简单词 · 日常生活	398
vegetable	ˈvedʒtəbl	n.[C] 蔬菜	日常饮食				简单词 · 日常生活	398
cabbage	ˈkæbɪdʒ	n.[C,U] 卷心菜；洋白菜	日常饮食				简单词 · 日常生活	398
salad	ˈsæləd	n.[C,U] 蔬菜沙拉	日常饮食				简单词 · 日常生活	398
snack	snæk	n.[C]点心；小吃 vi.吃点心	日常饮食				简单词 · 日常生活	398
dessert	dɪˈzɜːt	n.[C,U]（饭后）甜点，甜食	日常饮食				简单词 · 日常生活	398
paste	peɪst	n.[sing]面团 v.粘贴	日常饮食				简单词 · 日常生活	398
bread	bred	n.[U] 面包	日常饮食				简单词 · 日常生活	398
cake	keɪk	n.[C,U]蛋糕；[C]饼状食物；饼	日常饮食				简单词 · 日常生活	399
sandwich	ˈsænwɪtʃ	n.[C] 三明治	日常饮食				简单词 · 日常生活	399
hamburger	ˈhæmbɜːgə(r)	n.[C]汉堡包	日常饮食				简单词 · 日常生活	399
pie	paɪ	n.[C,U] 馅饼	日常饮食				简单词 · 日常生活	399
pizza	ˈpiːtsə	n.[C,U] 比萨饼	日常饮食				简单词 · 日常生活	399
biscuit	ˈbɪskɪt	n. [C] 饼干	日常饮食				简单词 · 日常生活	399
cookie	ˈkʊki	n.[C]曲奇饼	日常饮食				简单词 · 日常生活	399
butter	ˈbʌtə(r)	n.[U] 黄油；奶油 vt.给……抹上黄油	日常饮食				简单词 · 日常生活	399
cheese	tʃiːz	n.[C,U] 奶酪；干酪	日常饮食				简单词 · 日常生活	399
jam	dʒæm	n.[C,U] 果酱；[C] 堵塞 vt.硬塞	日常饮食				简单词 · 日常生活	399
cream	kriːm	n.[U] 奶油；[C,U] 护肤霜 a.奶油色的	日常饮食				简单词 · 日常生活	399
sauce	sɔːs	n.[C,U] 调味汁；酱	日常饮食				简单词 · 日常生活	399
honey	ˈhʌni	n.[U]蜂蜜；[C]（爱称）亲爱的	日常饮食				简单词 · 日常生活	399
sugar	ˈʃʊgə(r)	n.[常用 pl]（食物中所含的）糖；[U]食糖	日常饮食				简单词 · 日常生活	399
salt	sɔːlt	n.[U]盐；食盐 vt.在（食物）中放盐	日常饮食				简单词 · 日常生活	399
acid	ˈæsɪd	n.[C,U] 酸 a.酸的；酸性的	日常饮食				简单词 · 日常生活	399
sour	ˈsaʊə(r)	v.（使）变坏	日常饮食				简单词 · 日常生活	399
fruit	fruːt	n.[C,U] 水果；[C] 果实 vi.结果	日常饮食				简单词 · 日常生活	399
candy	ˈkændi	n.[C,U] 糖果；巧克力	日常饮食				简单词 · 日常生活	399
chocolate	ˈtʃɒklət	n.[U]巧克力；巧克力色；[C]巧克力糖	日常饮食				简单词 · 日常生活	399
drink	drɪŋk	n.[C,U] 饮料；酒 v.喝；喝酒	日常饮食				简单词 · 日常生活	399
whisky	ˈwɪski	n.[C,U] 威士忌	日常饮食				简单词 · 日常生活	399
wine	waɪn	n.[C,U]葡萄酒；果酒；[U]紫红色	日常饮食				简单词 · 日常生活	399
beer	bɪə(r)	n.[C]一杯（一瓶、一罐）啤酒；[C,U]啤酒	日常饮食				简单词 · 日常生活	399
juice	dʒuːs	n. [C, U] 果汁 vt. 榨汁	日常饮食				简单词 · 日常生活	399
milk	mɪlk	n.[U] 奶；乳汁；乳液 vt.挤奶	日常饮食				简单词 · 日常生活	399
soda	ˈsəʊdə	n.[C,U]苏打汽水；[U] 苏打；纯碱	日常饮食				简单词 · 日常生活	399
yogurt	ˈjɒgət	(亦作 yoghurt）n.[C,U] 酸奶；一份酸奶	日常饮食				简单词 · 日常生活	399
soup	suːp	n.[C,U] 汤；奠	日常饮食				简单词 · 日常生活	399
tea	tiː	n.[U]茶；茶叶；茶水；[C]一杯茶	日常饮食				简单词 · 日常生活	399
ice	aɪs	n.[U]冰；冰块；[sing]冰场	日常饮食				简单词 · 日常生活	400
cook	kʊk	v.烹饪；烹调 n.[C]厨师	日常饮食				简单词 · 日常生活	400
bake	beɪk	v.烘烤；焙	日常饮食				简单词 · 日常生活	400
fry	fraɪ	v.油炸；油煎 n.[常用 pl.]炸薯条	日常饮食				简单词 · 日常生活	400
boil	bɔɪl	v.煮沸；烧开 vi.异常气愤 n.[sing.]沸腾	日常饮食				简单词 · 日常生活	400
slice	slaɪs	n.[C]薄片；部分 vt.把……切成薄片 v.切；割	日常饮食				简单词 · 日常生活	400
flour	ˈflaʊə(r)	n.[U] 面粉 vt……在……上撒面粉	日常饮食				简单词 · 日常生活	400
powder	ˈpaʊdə(r)	n.[C, U] 粉末；[U] 扑面粉 vt.抹粉	日常饮食				简单词 · 日常生活	400
coffee	ˈkɒfi	n.[C,U]咖啡豆；咖啡粉；[U] 咖啡	日常饮食				简单词 · 日常生活	400
delicious	dɪˈlɪʃəs	a.美味的；可口的；令人愉快的	日常饮食				简单词 · 日常生活	400
menu	ˈmenjuː	n.[C]菜单	日常饮食				简单词 · 日常生活	400
clothe	kləʊð	vt.给……穿衣；为（某人）提供衣服	服装穿戴				简单词 · 日常生活	400
wear	weə(r)	vt.穿；戴 v.磨损	服装穿戴				简单词 · 日常生活	400
clothes	kləʊðz	n.[pl.]衣服；服装	服装穿戴				简单词 · 日常生活	400
uniform	ˈjuːnɪfɔːm	n.[C,U] 制服；校服 a.统一的	服装穿戴				简单词 · 日常生活	400
suit	suːt	n.[C]套装 vt.适合；相配	服装穿戴				简单词 · 日常生活	400
coat	kəʊt	n.[C]外套；大衣 vt.（用…）覆盖	服装穿戴				简单词 · 日常生活	400
jacket	ˈdʒækɪt	n.[C]夹克衫；书套	服装穿戴				简单词 · 日常生活	400
shirt	ʃɜːt	n.[C]衬衫	服装穿戴				简单词 · 日常生活	400
blouse	blaʊz	n.[C]（女式）短上衣；女式衬衫	服装穿戴				简单词 · 日常生活	400
skirt	skɜːt	n.[C]裙子；短裙	服装穿戴				简单词 · 日常生活	400
dress	dres	n.[C] 连衣裙；[U] 衣服 v.穿衣服	服装穿戴				简单词 · 日常生活	400
cloth	klɒθ	n.[U] 织物；布料	服装穿戴				简单词 · 日常生活	400
silk	sɪlk	n.[U]（蚕）丝；丝织物	服装穿戴				简单词 · 日常生活	400
cap	kæp	n.[C] 帽子 vt.用…覆盖顶部	服装穿戴				简单词 · 日常生活	400
hat	hæt	n.[C]（常指带檐的）帽子；职位	服装穿戴				简单词 · 日常生活	400
tie	taɪ	n.[C]领带 vt.系；绑；打结	服装穿戴				简单词 · 日常生活	400
glove	glʌv	n.[C]（分手指的）手套	服装穿戴				简单词 · 日常生活	400
belt	belt	n.[C] 腰带；皮带；地带 vt.猛击	服装穿戴				简单词 · 日常生活	400
jeans	dʒiːnz	n.[pl.]牛仔裤	服装穿戴				简单词 · 日常生活	400
pants	pænts	n.[pl.]裤子；短裤	服装穿戴				简单词 · 日常生活	401
trousers	ˈtraʊzəz	n.[pl.]裤子	服装穿戴				简单词 · 日常生活	401
sock	sɒk	n.[C] 短袜	服装穿戴				简单词 · 日常生活	401
stocking	ˈstɒkɪŋ	n. [C] 长筒女袜	服装穿戴				简单词 · 日常生活	401
shoe	ʃuː	n.[C]鞋；鞋子	服装穿戴				简单词 · 日常生活	401
pocket	ˈpɒkɪt	n.[C]衣袋；[常用 sing.]钱财 vt.把……放进衣袋	服装穿戴				简单词 · 日常生活	401
jewel	ˈdʒuːəl	n.[C]宝石；[常用 pl]珠宝首饰	服装穿戴				简单词 · 日常生活	401
necklace	ˈnekləs	n.[C]项链	服装穿戴				简单词 · 日常生活	401
ring	rɪŋ	n.[C]戒指；环状物 v.给……打电话；响起铃声	服装穿戴				简单词 · 日常生活	401
ride	raɪd	v.骑马；驾驶；乘坐 n.[C]（骑马或乘车的）旅行	旅游出行				简单词 · 日常生活	401
train	treɪn	n.[C]火车；队列 v.训练；培训	旅游出行				简单词 · 日常生活	401
subway	ˈsʌbweɪ	n.[C]地铁；地下通道	旅游出行				简单词 · 日常生活	401
lorry	ˈlɒri	n.[C] 卡车；货运汽车	旅游出行				简单词 · 日常生活	401
truck	trʌk	n.[C]卡车	旅游出行				简单词 · 日常生活	401
bus	bʌs	n.[C]公共汽车 vt.用公共汽车运送	旅游出行				简单词 · 日常生活	401
van	væn	n.[C]客货车；面包车；车厢	旅游出行				简单词 · 日常生活	401
jeep	dʒiːp	n.[C]吉普车；越野车	旅游出行				简单词 · 日常生活	401
automobile	ˈɔːtəməbiːl	n.[C] 汽车	旅游出行				简单词 · 日常生活	401
car	kɑː(r)	n.[C]小汽车；火车车厢	旅游出行				简单词 · 日常生活	401
cab	kæb	n.[C] 出租汽车；驾驶室	旅游出行				简单词 · 日常生活	401
taxi	ˈtæksi	n.[C] 出租车	旅游出行				简单词 · 日常生活	401
cycle	ˈsaɪkl	n.[C] 自行车；循环 vi.骑自行车	旅游出行				简单词 · 日常生活	401
bicycle	ˈbaɪsɪkl	（亦作 bike）n.自行车 vi.骑自行车	旅游出行				简单词 · 日常生活	401
carriage	ˈkærɪdʒ	n.[C]客车厢；四轮马车；[U]运输；运费	旅游出行				简单词 · 日常生活	401
boat	bəʊt	n.[C]船；汽艇；客轮	旅游出行				简单词 · 日常生活	401
ship	ʃɪp	n.[C]大船；轮船；舰	旅游出行				简单词 · 日常生活	401
airplane	ˈeəpleɪn	n.[C]飞机	旅游出行				简单词 · 日常生活	401
jet	dʒet	n.[C]喷气式飞机 vi.乘坐喷气式飞机旅行	旅游出行				简单词 · 日常生活	401
airline	ˈeəlaɪn	n.[C]航空公司	旅游出行				简单词 · 日常生活	401
voyage	ˈvɔɪɪdʒ	n.[C]旅行；航行；航天 vi.航行；远行	旅游出行				简单词 · 日常生活	401
sail	seɪl	v.航行 n.[C,U]帆；[sing.]乘船航行	旅游出行				简单词 · 日常生活	402
takeoff	ˈteɪkɔːf	n.[C,U]（飞机）起飞	旅游出行				简单词 · 日常生活	402
airport	ˈeəpɔːt	n.[C]机场；航空站(港)	旅游出行				简单词 · 日常生活	402
passport	ˈpɑːspɔːt	n.[C]护照；途径	旅游出行				简单词 · 日常生活	402
baggage	ˈbægɪdʒ	n.[U]行李; （思想）包袱	旅游出行				简单词 · 日常生活	402
luggage	ˈlʌgɪdʒ	n.[U]行李	旅游出行				简单词 · 日常生活	402
outing	ˈaʊtɪŋ	n.[C]远足；短途旅行；参赛	旅游出行				简单词 · 日常生活	402
journey	ˈdʒɜːni	n.[C] 旅行；行程 vi.旅行	旅游出行				简单词 · 日常生活	402
tour	tʊə(r)	n.[C] 旅行；观光 v……在……旅游	旅游出行				简单词 · 日常生活	402
travel	ˈtrævl	v.旅行 n.[U]旅行	旅游出行				简单词 · 日常生活	402
trip	trɪp	n.[C] 旅行	旅游出行				简单词 · 日常生活	402
rail	reɪl	n.[U]铁路；[常用 pl.]铁轨；[C]栏杆；扶手	旅游出行				简单词 · 日常生活	402
railway	ˈreɪlweɪ	（亦作 railroad）n.[C]铁路；铁道	旅游出行				简单词 · 日常生活	402
road	rəʊd	n.[C]道路；公路；途径；方法	旅游出行				简单词 · 日常生活	402
expressway	ɪkˈspresweɪ	n.[C] 高速公路	旅游出行				简单词 · 日常生活	402
freeway	ˈfriːweɪ	n.[C] 高速公路	旅游出行				简单词 · 日常生活	402
highway	ˈhaɪweɪ	n. [C] 公路	旅游出行				简单词 · 日常生活	402
traffic	ˈtræfɪk	n.[U] 交通；运输	旅游出行				简单词 · 日常生活	402
speed	spiːd	n.[C,U] 速度；进度	旅游出行				简单词 · 日常生活	402
station	ˈsteɪʃn	n.[C]火车站；公共汽车站；站；所；局	旅游出行				简单词 · 日常生活	402
inn	ɪn	n.[C]小酒店；小旅馆	旅游出行				简单词 · 日常生活	402
hotel	həʊˈtel	n.[C]宾馆；旅馆	旅游出行				简单词 · 日常生活	402
beach	biːtʃ	n.[C]海滩；沙滩 v.（使）上岸	旅游出行				简单词 · 日常生活	402
camp	kæmp	n.[C,U] 营地；度假营 vi.宿营	旅游出行				简单词 · 日常生活	402
picnic	ˈpɪknɪk	n.[C]野餐；野餐食物 vi.野餐	旅游出行				简单词 · 日常生活	402
tent	tent	n.[C] 帐篷	旅游出行				简单词 · 日常生活	402
guide	gaɪd	n.[C] 指南；导游 vt.给……当导游；指导	旅游出行				简单词 · 日常生活	402
island	ˈaɪlənd	n.[C]岛；岛屿	地点场所				简单词 · 日常生活	402
gulf	gʌlf	n.[C]海湾；[常用 sing]分歧	地点场所				简单词 · 日常生活	402
harbor	ˈhɑːbə(r)	n.[C,U]海港；港口	地点场所				简单词 · 日常生活	402
forest	ˈfɒrɪst	n. [C, U] 森林	地点场所				简单词 · 日常生活	403
field	fiːld	n.[C] 田地；领域；野外	地点场所				简单词 · 日常生活	403
outskirts	ˈaʊtskɔːts	n.[pl.]市郊；郊区	地点场所				简单词 · 日常生活	403
wilderness	ˈwɪldənəs	n.[常用 sing]荒野；荒芜的地方	地点场所				简单词 · 日常生活	403
theatre	ˈθɪətə(r)	n.[C]戏院；剧场；露天剧场	地点场所				简单词 · 日常生活	403
gallery	ˈgæləri	n.[C]画廊；展览馆；走廊	地点场所				简单词 · 日常生活	403
museum	mjuˈziːəm	n.[C] 博物馆	地点场所				简单词 · 日常生活	403
playground	ˈpleɪgraʊnd	n.[C]操场；游乐场	地点场所				简单词 · 日常生活	403
ZOO	zuː	n.[C]动物园	地点场所				简单词 · 日常生活	403
cinema	ˈsɪnəmə	n.[C]电影院；[sing.,U] 电影艺术	地点场所				简单词 · 日常生活	403
park	pɑːk	n.[C]公园；园区 v.停(车)	地点场所				简单词 · 日常生活	403
castle	ˈkɑːsl	n.[C]城堡；堡垒	地点场所				简单词 · 日常生活	403
palace	ˈpæləs	n.[C]王宫；宫殿；[sing.][P-]王室	地点场所				简单词 · 日常生活	403
church	tʃɜːtʃ	n.[C]教堂；[U]礼拜	地点场所				简单词 · 日常生活	403
garden	ˈgɑːdn	n.[C]花园；园子 vi 做园艺工作	地点场所				简单词 · 日常生活	403
yard	jɑːd	n.[C] 院子	地点场所				简单词 · 日常生活	403
courtyard	ˈkɔːtjɑːd	n.[C]庭院；院子；天井	地点场所				简单词 · 日常生活	403
backyard	ˌbækˈjɑːd	n.[C]后院	地点场所				简单词 · 日常生活	403
alley	ˈæli	n.[C]小巷；胡同	地点场所				简单词 · 日常生活	403
restaurant	ˈrestrɒnt	n.[C]餐馆；饭店	地点场所				简单词 · 日常生活	403
cafe	ˈkæfeɪ	n.[C]咖啡馆，小餐馆；便利商店	地点场所				简单词 · 日常生活	403
pub	pʌb	n.[C]酒吧；酒馆	地点场所				简单词 · 日常生活	403
cafeteria	ˌkæfəˈtɪəriə	n.[C] 自助餐厅	地点场所				简单词 · 日常生活	403
canteen	kænˈtiːn	n.[C]食堂；水壶	地点场所				简单词 · 日常生活	403
home	həʊm	n.[C,U] 家；住所；[C] 家庭 a.家庭的 ad.到家	地点场所				简单词 · 日常生活	403
address	əˈdres	n.[C]地址；演说 vt.写（收信人）姓名地址；演讲	地点场所				简单词 · 日常生活	403
house	haʊs	n.[C]房屋；[sing.]全家人	地点场所				简单词 · 日常生活	403
cell	sel	n.[C]小房间；细胞；牢房	地点场所				简单词 · 日常生活	403
room	ruːm	n.[C]房间；屋子；[U]空间；机会	地点场所				简单词 · 日常生活	403
kitchen	ˈkɪtʃɪn	n.[C]厨房	地点场所				简单词 · 日常生活	403
bathroom	ˈbɑːθruːm	n.[C]浴室；盥洗室；[sing.]洗手间	地点场所				简单词 · 日常生活	403
toilet	ˈtɔɪlət	n.[C]厕所；卫生间	地点场所				简单词 · 日常生活	404
balcony	ˈbælkəni	n.[C] 阳台	地点场所				简单词 · 日常生活	404
window	ˈwɪndəʊ	n.[C]窗户；窗口	地点场所				简单词 · 日常生活	404
door	dɔː(r)	n. [C] 门;门口	地点场所				简单词 · 日常生活	404
hall	hɔːl	n.[C]门厅；大厅；礼堂	地点场所				简单词 · 日常生活	404
lobby	ˈlɒbi	n.[C]前厅；大厅；游说团体 v.游说	地点场所				简单词 · 日常生活	404
exit	ˈeksɪt	n.[C]出口；离去 v 出去；离去	地点场所				简单词 · 日常生活	404
access	ˈækses	n.[U]通道；机会 vt.获取；进入	地点场所				简单词 · 日常生活	404
stair	steə(r)	n.[pl.]楼梯；[sing.]一层楼梯	地点场所				简单词 · 日常生活	404
staircase	ˈsteəkeɪs	n.[C]（建筑物内的）楼梯	地点场所				简单词 · 日常生活	404
campus	ˈkæmpəs	n.[C]（大学、学院的）校园	地点场所				简单词 · 日常生活	404
school	skuːl	n.[C,U] 学校	地点场所				简单词 · 日常生活	404
library	ˈlaɪbrəri	n.[C]图书馆；图书室	地点场所				简单词 · 日常生活	404
office	ˈɒfɪs	n.[C]办公室；办公楼	地点场所				简单词 · 日常生活	404
dormitory	ˈdɔːmətri	（亦作 dorm）n.[C]集体宿舍；学生宿舍	地点场所				简单词 · 日常生活	404
studio	ˈstjuːdiəʊ	n.[C]画室；摄影室；工作室	地点场所				简单词 · 日常生活	404
supermarket	ˈsuːpəmɑːkɪt	n.[C]超级市场；超市	地点场所				简单词 · 日常生活	404
garage	ˈgærɑːʒ	n.[C]车库；汽车修理厂 vt.把……送入车库	地点场所				简单词 · 日常生活	404
site	saɪt	n.[C]地点；场所；网站	地点场所				简单词 · 日常生活	404
area	ˈeəriə	n.[C]地区；场地；范围	地点场所				简单词 · 日常生活	404
place	pleɪs	n.[C]地方；位置 vt.放置；安置	地点场所				简单词 · 日常生活	404
street	striːt	n.[C]大街；街道	地点场所				简单词 · 日常生活	404
zone	zəʊn	n.[C]地区；地带；区域	地点场所				简单词 · 日常生活	404
shade	ʃeɪd	n.[U] 阴凉处；阴影部分 vt.给…遮挡	地点场所				简单词 · 日常生活	404
farm	fɑːm	n.[C]农场；农舍 v.种田	地点场所				简单词 · 日常生活	404
ground	graʊnd	n.[U]地面；土地 v.（使）搁浅	地点场所				简单词 · 日常生活	404
pool	puːl	n.[C]游泳池；水池；水塘	地点场所				简单词 · 日常生活	404
prison	ˈprɪzn	n.[C,U] 监狱；[U] 监禁；[C] 牢笼	地点场所				简单词 · 日常生活	404
chairman	ˈtʃeəmən	n.[C]主席，主持人；董事长	身份职业				简单词 · 社会政经	404
premier	ˈpremiə(r)	n.[C]首相，总理 a.首要的	身份职业				简单词 · 社会政经	405
mayor	meə(r)	n.[C]镇长，市长	身份职业				简单词 · 社会政经	405
ambassador	æmˈbæsədə(r)	n.[C]大使；使节	身份职业				简单词 · 社会政经	405
diplomat	ˈdɪpləmæt	n.[C]外交官；善于交际的人	身份职业				简单词 · 社会政经	405
headmaster	ˌhedˈmɑːstə(r)	n.[C] 校长	身份职业				简单词 · 社会政经	405
astronaut	ˈæstrənɔːt	n.[C]宇航员；航天员	身份职业				简单词 · 社会政经	405
crew	kruː	n.[C]全体工作人员 v……在……上当船员	身份职业				简单词 · 社会政经	405
captain	ˈkæptɪn	n.[C]船长；队长；上校 vt.担任……的队长	身份职业				简单词 · 社会政经	405
pirate	ˈpaɪrət	n.[C]海盗；盗版者 vt.盗印；窃用	身份职业				简单词 · 社会政经	405
prince	prɪns	n.[C]王子；王孙；亲王	身份职业				简单词 · 社会政经	405
maid	meɪd	n.[C]女仆；侍女；少女	身份职业				简单词 · 社会政经	405
statesman	ˈsteɪtsmən	n.[C]政治家	身份职业				简单词 · 社会政经	405
professor	prəˈfesə(r)	n.[C] 教授； （大学的）讲师	身份职业				简单词 · 社会政经	405
expert	ˈekspɜːt	n.[C]专家 a.内行的；专家的	身份职业				简单词 · 社会政经	405
author	ˈɔːθə(r)	n.[C]作者；作家 vt.编写	身份职业				简单词 · 社会政经	405
poet	ˈpəʊɪt	n.[C]诗人	身份职业				简单词 · 社会政经	405
priest	priːst	n.[C]神父；牧师	身份职业				简单词 · 社会政经	405
thief	θiːf	n.[C]（pl.thieves）小偷；窃贼	身份职业				简单词 · 社会政经	405
boss	bɒs	n.[C]老板；领导 vt.对（某人）发号施令	身份职业				简单词 · 社会政经	405
police	pəˈliːs	n.[pl.]警察 vt.巡查；监督	身份职业				简单词 · 社会政经	405
cop	kɒp	n.[C] 警察	身份职业				简单词 · 社会政经	405
slave	sleɪv	n.[C] 奴隶 vi.若干	身份职业				简单词 · 社会政经	405
sportsman	ˈspɔːtsmən	n.[C] 男运动员	身份职业				简单词 · 社会政经	405
salesman	ˈseɪlzmən	n.[C]男推销员；男售货员	身份职业				简单词 · 社会政经	405
barber	ˈbɑːbə(r)	n.[C]（为男性理发的）男理发师	身份职业				简单词 · 社会政经	405
chef	ʃef	n.[C]厨师；主厨	身份职业				简单词 · 社会政经	405
fireman	ˈfaɪəmən	n.[C] 消防队员	身份职业				简单词 · 社会政经	405
actor	ˈæktə(r)	n.[C] 演员	身份职业				简单词 · 社会政经	405
businessman	ˈbɪznəsmən	n.[C]商人；企业家	身份职业				简单词 · 社会政经	405
doctor	ˈdɒktə(r)	n.[C]医生；博士 vt.篡改	身份职业				简单词 · 社会政经	405
nurse	nɜːs	n.[C]护士 vt.看护；调养	身份职业				简单词 · 社会政经	405
teller	ˈtelə(r)	n.[C]（银行的）出纳员	身份职业				简单词 · 社会政经	405
deputy	ˈdepjuti	n.[C] 副手；代理	身份职业				简单词 · 社会政经	406
appoint	əˈpɔɪnt	vt.任命；委任	身份职业				简单词 · 社会政经	406
clown	klaʊn	n.[C] 小丑；蠢货 vi.扮小丑	身份职业				简单词 · 社会政经	406
grocer	ˈgrəʊsə(r)	n.[C]食品杂货商	身份职业				简单词 · 社会政经	406
vocation	vəʊˈkeɪʃn	n.[C]职业，工作	身份职业				简单词 · 社会政经	406
career	kəˈrɪə(r)	n.[C]职业；事业	身份职业				简单词 · 社会政经	406
job	dʒɒb	n.[C]工作；任务；[常用 sing]职责	身份职业				简单词 · 社会政经	406
work	wɜːk	v.劳动；干活 n.[U]工作；职业	身份职业				简单词 · 社会政经	406
income	ˈɪnkʌm	n.[C,U] 收入；收益；所得	身份职业				简单词 · 社会政经	406
meeting	ˈmiːtɪŋ	n.[C]会议；集会；会面	身份职业				简单词 · 社会政经	406
quit	kwɪt	v.离任；停止；离开；关闭	身份职业				简单词 · 社会政经	406
resign	rɪˈzaɪn	v.辞职；辞去 (某职务)	身份职业				简单词 · 社会政经	406
country	ˈkʌntri	n.[C] 国家；[U] 区域；[sing.][the~] 乡村	国家政经				简单词 · 社会政经	406
nation	ˈneɪʃn	n.[C]国家；民族；[sing.]国民	国家政经				简单词 · 社会政经	406
flag	flæg	n.[C]旗；旗帜；信号旗 vt.标示	国家政经				简单词 · 社会政经	406
kingdom	ˈkɪŋdəm	n.[C]王国；领域；界	国家政经				简单词 · 社会政经	406
queen	kwiːn	n.[C]女王；王后	国家政经				简单词 · 社会政经	406
king	kɪŋ	n.[C] 国王	国家政经				简单词 · 社会政经	406
crown	kraʊn	n.[C] 王冠；[sing.] [the~]王位 vt.为……加冕	国家政经				简单词 · 社会政经	406
royal	ˈrɔɪəl	a.王室的；皇家的 n.[常用 pl.]王室成员	国家政经				简单词 · 社会政经	406
govern	ˈgʌvn	v.统治 vt.影响；支配	国家政经				简单词 · 社会政经	406
empire	ˈempaɪə(r)	n.[C]帝国；大企业	国家政经				简单词 · 社会政经	406
emperor	ˈempərə(r)	n.[C]皇帝	国家政经				简单词 · 社会政经	406
republic	rɪˈpʌblɪk	n.[C] 共和国；共和政体	国家政经				简单词 · 社会政经	406
socialism	ˈsəʊʃəlɪzəm	n.[U] 社会主义	国家政经				简单词 · 社会政经	406
treaty	ˈtriːti	n.[C]（国家之间的）条约，协定	国家政经				简单词 · 社会政经	406
unite	juˈnaɪt	v.（使）联合， （使）团结	国家政经				简单词 · 社会政经	406
peace	piːs	n.[sing,U]和平；[U]平静；和睦	国家政经				简单词 · 社会政经	406
society	səˈsaɪəti	n.[U]社会；[C]协会；社	国家政经				简单词 · 社会政经	406
boundary	ˈbaʊndri	n.[C]边界；界限	国家政经				简单词 · 社会政经	406
frontier	ˈfrʌntɪə(r)	n.[C]国界；边界	国家政经				简单词 · 社会政经	407
embassy	ˈembəsi	n.[C]大使馆；（ (统称）使馆官员	国家政经				简单词 · 社会政经	407
population	ˌpɒpjuˈleɪʃn	n.[C,U]人口，人口数量；[C]族群	国家政经				简单词 · 社会政经	407
province	ˈprɒvɪns	n.[C]省，省份	国家政经				简单词 · 社会政经	407
town	taʊn	n.[C,U]镇；城镇	国家政经				简单词 · 社会政经	407
village	ˈvɪlɪdʒ	n.[C]乡村；村庄	国家政经				简单词 · 社会政经	407
city	ˈsɪti	n.[C]都市；城市	国家政经				简单词 · 社会政经	407
capital	ˈkæpɪtl	n.[C] 首都；[sing.,U]资本 a.大写的	国家政经				简单词 · 社会政经	407
civilian	səˈvɪliən	n.[C]平民；老百姓 a.平民的；民用的	国家政经				简单词 · 社会政经	407
citizen	ˈsɪtɪzn	n.[C]公民；居民	国家政经				简单词 · 社会政经	407
poll	pəʊl	n.[C]民意测验；计票 v.获得（票数)	国家政经				简单词 · 社会政经	407
elect	ɪˈlekt	vt.选举；推选 a.候任的	国家政经				简单词 · 社会政经	407
chore	tʃɔː(r)	n.[C]日常事务；琐事	国家政经				简单词 · 社会政经	407
delegate	ˈdelɪgət	n. [C] 代表	国家政经				简单词 · 社会政经	407
blueprint	ˈbluːprɪnt	n.[C]蓝图；计划；行动方案	国家政经				简单词 · 社会政经	407
economy	ɪˈkɒnəmi	n.[C] 经济；经济制度；[C,U]节约	国家政经				简单词 · 社会政经	407
charity	ˈtʃærəti	n.[C] 慈善机构；[U] 慈善；仁爱	国家政经				简单词 · 社会政经	407
banknote	ˈbæŋknəʊt	n.[C]钞票；纸币	国家政经				简单词 · 社会政经	407
cent	sent	n.[C]分 (货币单位)	国家政经				简单词 · 社会政经	407
euro	ˈjʊərəʊ	n.[C]欧元	国家政经				简单词 · 社会政经	407
penny	ˈpeni	n.[C]便士；分	国家政经				简单词 · 社会政经	407
treasure	ˈtreʒə(r)	n.[U]金银财宝；财富；[常用 pl.]珍宝 vt.珍爱	国家政经				简单词 · 社会政经	407
bank	bæŋk	n.[C]银行；岸 vt.把（钱）存入银行	国家政经				简单词 · 社会政经	407
bill	bɪl	n.[C]账单；议案；钞票 vt.给（某人）开账单	国家政经				简单词 · 社会政经	407
coin	kɔɪn	n.[C]硬币	国家政经				简单词 · 社会政经	407
dollar	ˈdɒlə(r)	n.[C]元；一元 (纸币或硬币)	国家政经				简单词 · 社会政经	407
industry	ˈɪndəstri	n.[U]工业;[C]行业	国家政经				简单词 · 社会政经	407
agriculture	ˈægrɪkʌltʃə(r)	n.[U]农业；农学；农艺	国家政经				简单词 · 社会政经	407
middle-class	ˌmɪdlˈklɑːs	a.中产阶级的	国家政经				简单词 · 社会政经	407
money	ˈmʌni	n.[U]钱；钞票；财产	国家政经				简单词 · 社会政经	407
tax	tæks	n.[C,U]税；税款 vt.使纳税	国家政经				简单词 · 社会政经	407
credit	ˈkredɪt	n.[U] 赊欠；信用；[C,U] 贷款	国家政经				简单词 · 社会政经	408
value	ˈvæljuː	n.[C,U]价值 vt.给…估价；重视	商业娱乐				简单词 · 社会政经	408
bid	bɪd	n.[C]出价；投标 v.出(价)	商业娱乐				简单词 · 社会政经	408
trademark	ˈtreɪdmɑːk	(abbr.TM）n.[C]商标；特征	商业娱乐				简单词 · 社会政经	408
goods	gʊdz	n.[pl]商品；货物；动产	商业娱乐				简单词 · 社会政经	408
brand	brænd	n.[C]品牌；类型 vt.败坏（某人）名声	商业娱乐				简单词 · 社会政经	408
business	ˈbɪznəs	n.[U]生意；商业；公事；[C]公司；商店	商业娱乐				简单词 · 社会政经	408
company	ˈkʌmpəni	n.[C]公司；[U] 陪伴	商业娱乐				简单词 · 社会政经	408
stock	stɒk	n.[常用 pl.]股票；[C,U] 库存	商业娱乐				简单词 · 社会政经	408
sell	sel	v.卖；转让 vt.出售	商业娱乐				简单词 · 社会政经	408
sale	seɪl	n.[C,U] 出售；销售；[pl.] 销售量	商业娱乐				简单词 · 社会政经	408
best-seller	ˌbestˈselə(r)	n.[C]畅销品；畅销书	商业娱乐				简单词 · 社会政经	408
banquet	ˈbæŋkwɪt	n.[C]宴会；盛宴	商业娱乐				简单词 · 社会政经	408
party	ˈpɑːti	n.[C]派对；聚会；政党 vi.寻欢作乐	商业娱乐				简单词 · 社会政经	408
reception	rɪˈsepʃn	n.[U]接待处；接待；[C]招待会；[sing.]反应	商业娱乐				简单词 · 社会政经	408
guest	gest	n.[C]客人；宾客；房客	商业娱乐				简单词 · 社会政经	408
luxury	ˈlʌkʃəri	n.[U]奢侈的享受；奢华；[C]奢侈品	商业娱乐				简单词 · 社会政经	408
pastime	ˈpɑːstaɪm	n.[C] 消遣；休闲活动	商业娱乐				简单词 · 社会政经	408
bar	bɑː(r)	n.[C] 酒吧；柜台；块，条 vt.阻拦	商业娱乐				简单词 · 社会政经	408
disco	ˈdɪskəʊ	n.[C] 迪斯科舞厅	商业娱乐				简单词 · 社会政经	408
play	pleɪ	v.玩耍；假装 n.[U] 游戏；[C] 戏剧	商业娱乐				简单词 · 社会政经	408
game	geɪm	n.[C]游戏；比赛 (项目)	商业娱乐				简单词 · 社会政经	408
toy	tɔɪ	n.[C]玩具	商业娱乐				简单词 · 社会政经	408
kite	kaɪt	n.[C] 风筝	商业娱乐				简单词 · 社会政经	408
cartoon	kɑːˈtuːn	n.[C]卡通片；动画片；漫画	商业娱乐				简单词 · 社会政经	408
film	fɪlm	n.[C]电影；[U]电影业 v.拍摄电影	商业娱乐				简单词 · 社会政经	408
movie	ˈmuːvi	n.[C]电影	商业娱乐				简单词 · 社会政经	408
video	ˈvɪdiəʊ	n.[C] 录影；录像；[C,U] 录像带	商业娱乐				简单词 · 社会政经	408
broadcast	ˈbrɔːdkɑːst	v.广播 vt.散布 n.[C] 广播节目	商业娱乐				简单词 · 社会政经	408
shop	ʃɒp	n.[C]商店 vi.购物	商业娱乐				简单词 · 社会政经	408
store	stɔː(r)	n.[C]商店 vt.贮藏；保存	商业娱乐				简单词 · 社会政经	409
rent	rent	n.[C,U]租金 v.租借；租用	商业娱乐				简单词 · 社会政经	409
price	praɪs	n.[C,U] 价格；[sing.]代价 vt.给……定价	商业娱乐				简单词 · 社会政经	409
market	ˈmɑːkɪt	n.[C]集市；[sing.]交易 vt.推销	商业娱乐				简单词 · 社会政经	409
skyscraper	ˈskaɪskreɪpə(r)	n.[C] 摩天大楼	商业娱乐				简单词 · 社会政经	409
soldier	ˈsəʊldʒə(r)	n.[C]士兵；军人	军事法律				简单词 · 社会政经	409
troop	truːp	n.[pl]军队；士兵；[C]连队 vi.列队行进	军事法律				简单词 · 社会政经	409
guard	gɑːd	n.[C] 卫兵；看守 vt.警卫；守卫；看守	军事法律				简单词 · 社会政经	409
warrior	ˈwɒriə(r)	n.[C]（尤指旧时的）勇士，武士	军事法律				简单词 · 社会政经	409
war	wɔː(r)	n.[C,U]战争；斗争	军事法律				简单词 · 社会政经	409
weapon	ˈwepən	n.[C]武器；兵器	军事法律				简单词 · 社会政经	409
ally	ˈælaɪ	n.[C]盟友，支持者 v.与……结盟	军事法律				简单词 · 社会政经	409
bomb	bɒm	n.[C] 炸弹 vt.轰炸	军事法律				简单词 · 社会政经	409
gun	gʌn	n.[C] 枪；炮 vi.快速运转 vt.使加速	军事法律				简单词 · 社会政经	409
bullet	ˈbʊlɪt	n.[C]子弹；弹丸	军事法律				简单词 · 社会政经	409
shot	ʃɒt	n.[C]开枪；射手；射门	军事法律				简单词 · 社会政经	409
charter	ˈtʃɑːtə(r)	n.[C]宪章，章程 vt.包租（飞机、船等)	军事法律				简单词 · 社会政经	409
execute	ˈeksɪkjuːt	vt.处决；执行；成功地完成	军事法律				简单词 · 社会政经	409
judge	dʒʌdʒ	n.[C] 法官；裁判员 v.判断 vt.估计	军事法律				简单词 · 社会政经	409
law	lɔː	n.[C]法律；法规；规律；[U]法律（体系）；法学	军事法律				简单词 · 社会政经	409
court	kɔːt	n.[C,U] 法院；法庭；[C] 球场	军事法律				简单词 · 社会政经	409
legislate	ˈledʒɪsleɪt	vi.制定法律，立法	军事法律				简单词 · 社会政经	409
ban	bæn	vt.禁止；取缔 n.[C]禁令	军事法律				简单词 · 社会政经	409
illegal	ɪˈliːgl	a.非法的 n.[C]非法移民	军事法律				简单词 · 社会政经	409
crime	kraɪm	n.[U] 犯罪活动；不法行为；[C] 罪行	军事法律				简单词 · 社会政经	409
arrest	əˈrest	vt.逮捕，拘留 n.[C,U]逮捕，拘捕	军事法律				简单词 · 社会政经	409
abolish	əˈbɒlɪʃ	vt.废除，废止（法律、制度、习俗等）	军事法律				简单词 · 社会政经	409
disease	dɪˈziːz	n.[C,U] 疾病；[C] 弊端；恶疾	疾病医疗				简单词 · 社会政经	409
sick	sɪk	a.生病的；恶心的；厌烦的	疾病医疗				简单词 · 社会政经	410
fever	ˈfiːvə(r)	n.[C,U]发烧；热（病）；[U]狂热	疾病医疗				简单词 · 社会政经	410
cough	kɒf	vi.咳嗽 n.[C] 咳嗽；咳嗽声	疾病医疗				简单词 · 社会政经	410
lump	lʌmp	n.[C]块；肿块 vt……把……归并一起	疾病医疗				简单词 · 社会政经	410
infect	ɪnˈfekt	vt.传染；使感染；使受影响	疾病医疗				简单词 · 社会政经	410
virus	ˈvaɪrəs	n. [C, U] 病毒	疾病医疗				简单词 · 社会政经	410
AIDS	eɪdz	n.[U] 艾滋病	疾病医疗				简单词 · 社会政经	410
hospital	ˈhɒspɪtl	n.[C,U] 医院	疾病医疗				简单词 · 社会政经	410
ambulance	ˈæmbjələns	n.[C] 救护车	疾病医疗				简单词 · 社会政经	410
injure	ˈɪndʒə(r)	vt.伤害，使受伤	疾病医疗				简单词 · 社会政经	410
hurt	hɜːt	v.受伤 vi.感到疼痛 n.[sing.,U]心灵创伤	疾病医疗				简单词 · 社会政经	410
pain	peɪn	n.[C,U]（身体上的）疼痛；苦恼 vt.使痛苦	疾病医疗				简单词 · 社会政经	410
sore	sɔː(r)	a.疼痛的；恼火的 n.[C]痛处；疮	疾病医疗				简单词 · 社会政经	410
ache	eɪk	vi.疼痛；隐痛 n.[C]（身体某部位的）疼痛	疾病医疗				简单词 · 社会政经	410
drug	drʌg	n.[C]药物；毒品 vt.使服麻醉药；下麻醉药	疾病医疗				简单词 · 社会政经	410
heal	hiːl	v.（使）康复；弥合；治愈	疾病医疗				简单词 · 社会政经	410
health	helθ	n.[U] 健康；医疗；状况	疾病医疗				简单词 · 社会政经	410
colour	ˈkʌlə(r)	n.[C,U]颜色；[U]彩色 v.为……着色	颜色形状				简单词 · 物体描述	410
red	red	a.红色的；通红的 n.[C,U]红色	颜色形状				简单词 · 物体描述	410
yellow	ˈjeləʊ	a.黄色的 n.[C,U]黄色	颜色形状				简单词 · 物体描述	410
green	griːn	a.绿色的；青葱的 n.[C,U]绿色 vt.绿化	颜色形状				简单词 · 物体描述	410
blue	bluː	a.蓝色的；悲伤的 n.[C,U]蓝色	颜色形状				简单词 · 物体描述	410
purple	ˈpɜːpl	a.紫色的	颜色形状				简单词 · 物体描述	410
white	waɪt	a.白的，白色的	颜色形状				简单词 · 物体描述	410
blonde	blɒnd	(亦作 blond）a.金黄色的 n.[C]金发女郎	颜色形状				简单词 · 物体描述	410
gray	greɪ	（亦作 grey）a.灰色的；昏暗的 n.[C,U]灰色	颜色形状				简单词 · 物体描述	410
silver	ˈsɪlvə(r)	a.银色的 n.[U]银；银器；银色	颜色形状				简单词 · 物体描述	410
black	blæk	a.黑色的；漆黑的 n.[U] 黑色	颜色形状				简单词 · 物体描述	410
dark	dɑːk	a.深色的；黑暗的；邪恶的 n.[sing.][the~」黑暗	颜色形状				简单词 · 物体描述	411
brown	braʊn	a.棕色的 n.[C,U] 棕色	颜色形状				简单词 · 物体描述	411
gold	gəʊld	a.金色的 n.[U]金；金币	颜色形状				简单词 · 物体描述	411
pink	pɪŋk	a.粉红色的 n.[C,U]粉红色	颜色形状				简单词 · 物体描述	411
shape	ʃeɪp	n.[C,U]形状；外形	颜色形状				简单词 · 物体描述	411
cube	kjuːb	n.[C]立方体；立方形；立方 vt.求……的立方	颜色形状				简单词 · 物体描述	411
triangle	ˈtraɪæŋgl	n.[C]三角形；三角形物体；三角铁；三角关系	颜色形状				简单词 · 物体描述	411
circle	ˈsɜːkl	n.[C]圆形；圆圈 vt.圈出 v.转圈	颜色形状				简单词 · 物体描述	411
square	skweə(r)	n.[C]正方形；正方形物；广场 a.方的	颜色形状				简单词 · 物体描述	411
long	lɒŋ	a.长的；长距离的 ad.长久地 vi.渴望	颜色形状				简单词 · 物体描述	411
short	ʃɔːt	a.短的；矮的；短暂的 ad.缺少	颜色形状				简单词 · 物体描述	411
minute	maɪˈnjuːt	a.极小的；详细的	颜色形状				简单词 · 物体描述	411
gallon	ˈgælən	n.[C]加仑	大小数量				简单词 · 物体描述	411
size	saɪz	n.[C,U]大小;[C] 尺码	大小数量				简单词 · 物体描述	411
huge	hjuːdʒ	a.巨大的，极大地；非常成功的	大小数量				简单词 · 物体描述	411
big	bɪg	a.大的，巨大的	大小数量				简单词 · 物体描述	411
large	lɑːdʒ	a.大的；大规模的；大型号的；广泛的	大小数量				简单词 · 物体描述	411
little	ˈlɪtl	a.小的；可爱的 ad.不多；略微	大小数量				简单词 · 物体描述	411
small	smɔːl	a.小的；小号的	大小数量				简单词 · 物体描述	411
amount	əˈmaʊnt	n.[C,U] 数量，数额 vi.合计	大小数量				简单词 · 物体描述	411
zero	ˈzɪərəʊ	num.零	大小数量				简单词 · 物体描述	411
one	wʌn	num.	大小数量				简单词 · 物体描述	411
two	tuː	num. 二	大小数量				简单词 · 物体描述	411
three	θriː	num. 三	大小数量				简单词 · 物体描述	411
four	fɔː(r)	num. 四	大小数量				简单词 · 物体描述	411
five	faɪv	num.五	大小数量				简单词 · 物体描述	411
six	sɪks	num.六	大小数量				简单词 · 物体描述	411
seven	ˈsevn	num.七	大小数量				简单词 · 物体描述	411
eight	eɪt	num.八	大小数量				简单词 · 物体描述	411
nine	naɪn	num.九	大小数量				简单词 · 物体描述	411
ten	ten	num.十	大小数量				简单词 · 物体描述	412
eleven	ɪˈlevn	num.十一	大小数量				简单词 · 物体描述	412
twelve	twelv	num.十二	大小数量				简单词 · 物体描述	412
thirteen	ˌθɜːˈtiːn	num.十三	大小数量				简单词 · 物体描述	412
fourteen	ˌfɔːˈtiːn	num.十四	大小数量				简单词 · 物体描述	412
fifteen	ˌfɪfˈtiːn	num.十五	大小数量				简单词 · 物体描述	412
sixteen	ˌsɪksˈtiːn	num.十六	大小数量				简单词 · 物体描述	412
seventeen	ˌsevnˈtiːn	num.十七	大小数量				简单词 · 物体描述	412
eighteen	ˌeɪˈtiːn	num.十八	大小数量				简单词 · 物体描述	412
nineteen	ˌnaɪnˈtiːn	num.十九	大小数量				简单词 · 物体描述	412
twenty	ˈtwenti	num.二十	大小数量				简单词 · 物体描述	412
thirty	ˈθɜːti	num.三十	大小数量				简单词 · 物体描述	412
forty	ˈfɔːti	num.四十	大小数量				简单词 · 物体描述	412
fifty	ˈfɪfti	num.五十	大小数量				简单词 · 物体描述	412
sixty	ˈsɪksti	num.六十	大小数量				简单词 · 物体描述	412
seventy	ˈsevnti	num.七十	大小数量				简单词 · 物体描述	412
eighty	ˈeɪti	num.八十	大小数量				简单词 · 物体描述	412
ninety	ˈnaɪnti	num.九十	大小数量				简单词 · 物体描述	412
thousand	ˈθaʊznd	num.一千	大小数量				简单词 · 物体描述	412
million	ˈmɪljən	num.一百万	大小数量				简单词 · 物体描述	412
billion	ˈbɪljən	num.十亿	大小数量				简单词 · 物体描述	412
trillion	ˈtrɪljən	num.万亿	大小数量				简单词 · 物体描述	412
many	ˈmeni	det./pron.许多	大小数量				简单词 · 物体描述	412
lot	lɒt	pron.大量 ad.很，非常	大小数量				简单词 · 物体描述	412
great	greɪt	a.巨大的；重要的 ad.很好地	大小数量				简单词 · 物体描述	412
more	mɔː(r)	pron.更多的 ad.更；更多	大小数量				简单词 · 物体描述	412
most	məʊst	det./pron.最多；大多数 ad.最	大小数量				简单词 · 物体描述	412
least	liːst	det./pron.最少的 ad.最小；最少	大小数量				简单词 · 物体描述	412
less	les	det./pron.更少的 ad.较少地	大小数量				简单词 · 物体描述	412
pair	peə(r)	n.[C]一条；一双 vt.使成对 vi.配对	大小数量				简单词 · 物体描述	412
several	ˈsevrəl	pron.几个；数个 a.分别的；各自的	大小数量				简单词 · 物体描述	412
first	fɜːst	det./num.第一 ad.首先	大小数量				简单词 · 物体描述	412
second	ˈsekənd	det./num.第二（的）ad.第二，其次 n.[C]秒	大小数量				简单词 · 物体描述	413
third	θɜːd	num.第三	大小数量				简单词 · 物体描述	413
fifth	fɪfθ	num.第五	大小数量				简单词 · 物体描述	413
eighth	eɪtθ	num.第八	大小数量				简单词 · 物体描述	413
ninth	naɪnθ	num.第九	大小数量				简单词 · 物体描述	413
double	ˈdʌbl	a.两倍的 n.[U]两倍 v.（使）加倍 ad.成对地	大小数量				简单词 · 物体描述	413
twice	twaɪs	ad.两次；两遍；两倍	大小数量				简单词 · 物体描述	413
percent	pəˈsent	n.[C]百分之……	大小数量				简单词 · 物体描述	413
kilometer	ˈkɪləˌmiːtə	(abbr.km) （亦作 kilometre）n.[C]千米，公里	大小数量				简单词 · 物体描述	413
mile	maɪl	n.[C]英里；[pl.]大面积	大小数量				简单词 · 物体描述	413
centimeter	ˈsentɪmiːtə(r)	n.[C]厘米	大小数量				简单词 · 物体描述	413
millimeter	ˈmɪlɪmiːtə(r)	n.[C]毫米	大小数量				简单词 · 物体描述	413
inch	ɪntʃ	n.[C]英寸	大小数量				简单词 · 物体描述	413
diameter	daɪˈæmɪtə(r)	n.[C]直径	大小数量				简单词 · 物体描述	413
acre	ˈeɪkə(r)	n.[C]英亩	大小数量				简单词 · 物体描述	413
pound	paʊnd	n.[C]英镑；磅 v.反复击打 vi.怦怦地跳	大小数量				简单词 · 物体描述	413
bunch	bʌntʃ	n.[C]束；[sing.]大量 v.（使）变紧	大小数量				简单词 · 物体描述	413
gram	græm	(亦作 gram me）n.[C]克（重量单位)	大小数量				简单词 · 物体描述	413
kilogram	ˈkɪləgræm	（亦作 kilogram me/kilo）n.[C]千克；公斤	大小数量				简单词 · 物体描述	413
ton	tʌn	n.[C]吨	大小数量				简单词 · 物体描述	413
ounce	aʊns	n.[C]盎司；[sing.]少许；少量	大小数量				简单词 · 物体描述	413
liter	ˈliːtə(r)	n.[C]升(容量单位)	大小数量				简单词 · 物体描述	413
group	gruːp	n.[C]（一）群；团体 v.（使）成群 vt.把……分组	大小数量				简单词 · 物体描述	413
page	peɪdʒ	n.[C]页；页面；纸页	大小数量				简单词 · 物体描述	413
piece	piːs	n.[C]片；零件；一件；[常用 pl]碎片	大小数量				简单词 · 物体描述	413
gang	gæŋ	n.[C]一帮，一伙	大小数量				简单词 · 物体描述	413
resource	rɪˈsɔːs	n.[常用 pl.]资源；财力	资源景观				简单词 · 自然科学	413
copper	ˈkɒpə(r)	n.[U]铜；[pl]铜币	资源景观				简单词 · 自然科学	413
diamond	ˈdaɪəmənd	n.[C,U] 钻石；[C]菱形	资源景观				简单词 · 自然科学	413
steel	stiːl	n.[U]钢；钢铁工业；兵器	资源景观				简单词 · 自然科学	414
oil	ɔɪl	n.[U] 石油；燃油；[C,U]食用油	资源景观				简单词 · 自然科学	414
fossil	ˈfɒsl	n.[C]化石；老顽固	资源景观				简单词 · 自然科学	414
fuel	ˈfjuːəl	n.[C,U] 燃料 vt.给…提供燃料	资源景观				简单词 · 自然科学	414
gas	gæs	n.[C,U]气体；[U]煤气 vt.用毒气杀死	资源景观				简单词 · 自然科学	414
air	eə(r)	n.[U]空气 v．（使）通风；晾干	资源景观				简单词 · 自然科学	414
oxygen	ˈɒksɪdʒən	n.[U] 氧；氧气	资源景观				简单词 · 自然科学	414
hydrogen	ˈhaɪdrədʒən	n.[U]氢；氢气	资源景观				简单词 · 自然科学	414
breath	breθ	n.[C,U]呼吸；吸气；呼出的气体	资源景观				简单词 · 自然科学	414
sky	skaɪ	n.[C,U]天，天空	资源景观				简单词 · 自然科学	414
sun	sʌn	n.[sing.] [the ～太阳；[sing.,U] 阳光	资源景观				简单词 · 自然科学	414
daylight	ˈdeɪlaɪt	n.[U] 日光	资源景观				简单词 · 自然科学	414
sunlight	ˈsʌnlaɪt	n.[U]阳光；日光	资源景观				简单词 · 自然科学	414
sunshine	ˈsʌnʃaɪn	n.[U] 阳光；日光；欢乐；幸福	资源景观				简单词 · 自然科学	414
sunset	ˈsʌnset	n.[U] 日落；[C] 晚霞	资源景观				简单词 · 自然科学	414
moon	muːn	n.[sing.]月球；月亮	资源景观				简单词 · 自然科学	414
star	stɑː(r)	n.[C]星；恒星；明星	资源景观				简单词 · 自然科学	414
earth	ɜːθ	n.[U,sing.]地球；陆地；[U]土，泥土	资源景观				简单词 · 自然科学	414
horizon	həˈraɪzn	n.[sing.][the~]地平线；[常用 pl]范围；眼界	资源景观				简单词 · 自然科学	414
nature	ˈneɪtʃə(r)	n.[U]大自然；自然；[C,U]天性；[sing.]本质	资源景观				简单词 · 自然科学	414
mountain	ˈmaʊntən	n.[C]高山；山	资源景观				简单词 · 自然科学	414
land	lænd	n.[U] 陆地 vi.着陆；降落	资源景观				简单词 · 自然科学	414
soil	sɔɪl	n.[C,U] 土壤；国土 vt.弄脏	资源景观				简单词 · 自然科学	414
rock	rɒk	n.[C,U] 岩石；[U] 摇滚乐	资源景观				简单词 · 自然科学	414
stone	stəʊn	n.[U]石头，岩石；[C] 石块，石子	资源景观				简单词 · 自然科学	414
mainland	ˈmeɪnlænd	n.[sing.]大陆	资源景观				简单词 · 自然科学	414
flame	fleɪm	n.[C,U] 火焰；[U] 鲜红色；[C] 激情	资源景观				简单词 · 自然科学	414
smog	smɒg	n.[C, U] 烟雾	资源景观				简单词 · 自然科学	414
fire	ˈfaɪə(r)	n.[U] 火;[C,U] 火灾;[C] 炉火	资源景观				简单词 · 自然科学	414
hole	həʊl	n.[C]洞；裂口；洞穴 vt.打洞	资源景观				简单词 · 自然科学	414
ocean	ˈəʊʃn	n.[sing.]大海，海洋；[C][O-]……洋	资源景观				简单词 · 自然科学	414
sea	siː	n.[U] 海，海洋	资源景观				简单词 · 自然科学	414
shore	ʃɔː(r)	n.[C,U] 岸，滨	资源景观				简单词 · 自然科学	415
river	ˈrɪvə(r)	n. [C]河；江	资源景观				简单词 · 自然科学	415
lake	leɪk	n.[C] 湖，湖泊	资源景观				简单词 · 自然科学	415
water	ˈwɔːtə(r)	n.[U] 水；水域 vt.给…浇水	资源景观				简单词 · 自然科学	415
bay	beɪ	n.[C]湾；分隔间 vi.低沉地吠叫	资源景观				简单词 · 自然科学	415
dam	dæm	n.[C]水坝 vt.（在河上）筑坝	资源景观				简单词 · 自然科学	415
liquid	ˈlɪkwɪd	n.[C,U] 液体 a.液体的	资源景观				简单词 · 自然科学	415
sand	sænd	n.[U] 沙，沙子；[U,pl.] 沙滩	资源景观				简单词 · 自然科学	415
flood	flʌd	n.[C,U] 洪水；水灾[C] 大量 v.淹没	资源景观				简单词 · 自然科学	415
iceberg	ˈaɪsbɜːg	n.[C]冰山	资源景观				简单词 · 自然科学	415
weather	ˈweðə(r)	n.[U]天气；气象	天气气候				简单词 · 自然科学	415
storm	stɔːm	n.[C] 暴风雨	天气气候				简单词 · 自然科学	415
snow	snəʊ	n.[U] 雪，雪花 vi.下雪	天气气候				简单词 · 自然科学	415
fog	fɒg	n.[C,U]雾 v.（使）雾气笼罩	天气气候				简单词 · 自然科学	415
breeze	briːz	n.[C]微风；和风 vi.轻盈而自信地走	天气气候				简单词 · 自然科学	415
wind	wɪnd	n.[C,U] 风；气流	天气气候				简单词 · 自然科学	415
cloud	klaʊd	n.[C,U]云；[C] 阴影;忧郁	天气气候				简单词 · 自然科学	415
thunder	ˈθʌndə(r)	n.[U] 雷；轰隆声 vi.打雷；轰隆隆地响	天气气候				简单词 · 自然科学	415
lightning	ˈlaɪtnɪŋ	n.[U] 闪电 a.闪电般的；飞快的	天气气候				简单词 · 自然科学	415
rain	reɪn	n.[U,sing.]雨，雨水 vi.下雨	天气气候				简单词 · 自然科学	415
wet	wet	a.潮的；下雨的 vt.弄湿 n.[sing.][the~]雨天；雨	天气气候				简单词 · 自然科学	415
temperature	ˈtemprətʃə(r)	n.[C,U]温度；气温；体温	天气气候				简单词 · 自然科学	415
cold	kəʊld	a.寒冷的；冷漠的 n.[U]冷；[C] 感冒	天气气候				简单词 · 自然科学	415
cool	kuːl	a.凉的；凉爽的 v.冷却 vi.冷静下来	天气气候				简单词 · 自然科学	415
warm	wɔːm	a.暖和的；温暖的；热情的 v．（使）暖和	天气气候				简单词 · 自然科学	415
hot	hɒt	a.温度高的；热的；烫的；辣的	天气气候				简单词 · 自然科学	415
rainbow	ˈreɪnbəʊ	n. [C] 彩虹	天气气候				简单词 · 自然科学	415
season	ˈsiːzn	n.[C]季节；时节	时间空间				简单词 · 自然科学	415
spring	sprɪŋ	n.[C,U] 春天；[C]弹簧；泉；[U]弹性	时间空间				简单词 · 自然科学	416
summer	ˈsʌmə(r)	n.[C,U] 夏天；夏季	时间空间				简单词 · 自然科学	416
autumn	ˈɔːtəm	n.[C,U] 秋天；秋季	时间空间				简单词 · 自然科学	416
winter	ˈwɪntə(r)	n.[C,U]冬天；冬季 vi.过冬	时间空间				简单词 · 自然科学	416
month	mʌnθ	n.[C]月份；一个月的时间	时间空间				简单词 · 自然科学	416
January	ˈdʒænjuəri	n.[C, U] 一月	时间空间				简单词 · 自然科学	416
February	ˈfebruəri	n.[C, U] 二月	时间空间				简单词 · 自然科学	416
March	mɑːtʃ	n.[C, U] 三月	时间空间				简单词 · 自然科学	416
April	ˈeɪprəl	n. [C, U] 四月	时间空间				简单词 · 自然科学	416
May	meɪ	n. [C,U] 五月	时间空间				简单词 · 自然科学	416
June	dʒuːn	n. [C, U] 六月	时间空间				简单词 · 自然科学	416
July	dʒuˈlaɪ	n. [C, U] 七月	时间空间				简单词 · 自然科学	416
August	ˈɔːgəst	n.[C, U] 八月	时间空间				简单词 · 自然科学	416
September	sepˈtembə(r)	n.[C,U]九月	时间空间				简单词 · 自然科学	416
October	ɒkˈtəʊbə(r)	n. [C, U] 十月	时间空间				简单词 · 自然科学	416
November	nəʊˈvembə(r)	n.[C,U] 十一月	时间空间				简单词 · 自然科学	416
December	dɪˈsembə(r)	n.[C,U] 十二月	时间空间				简单词 · 自然科学	416
date	deɪt	n.[C]日期；约会 vt.注明日期	时间空间				简单词 · 自然科学	416
week	wiːk	n.[C]周，星期；一周时间	时间空间				简单词 · 自然科学	416
Monday	ˈmʌndeɪ	n.[C,U] 星期一	时间空间				简单词 · 自然科学	416
Tuesday	ˈtjuːzdeɪ	n.[C,U] 星期二	时间空间				简单词 · 自然科学	416
Wednesday	ˈwenzdeɪ	n.[C, U] 星期三	时间空间				简单词 · 自然科学	416
Thursday	ˈθɜːzdeɪ	n.[C, U] 星期四	时间空间				简单词 · 自然科学	416
Friday	ˈfraɪdeɪ	n. [C, U] 星期五	时间空间				简单词 · 自然科学	416
Saturday	ˈsætədeɪ	n.[C, U] 星期六	时间空间				简单词 · 自然科学	416
Sunday	ˈsʌndeɪ	n.[C,U] 星期天	时间空间				简单词 · 自然科学	416
weekend	ˌwiːkˈend	n.[C]周末	时间空间				简单词 · 自然科学	416
day	deɪ	n.[C] 一天；[U] 白天	时间空间				简单词 · 自然科学	416
dawn	dɔːn	n.[C,U]黎明；[sing.]开端	时间空间				简单词 · 自然科学	416
morning	ˈmɔːnɪŋ	n.[C,U]早晨；上午	时间空间				简单词 · 自然科学	416
noon	nuːn	n.[U] 正午；中午	时间空间				简单词 · 自然科学	416
midday	ˌmɪdˈdeɪ	n.[U] 中午；正午	时间空间				简单词 · 自然科学	416
afternoon	ˌɑːftəˈnuːn	n. [C, U] 下午	时间空间				简单词 · 自然科学	417
dusk	dʌsk	n.[U]黄昏；傍晚	时间空间				简单词 · 自然科学	417
eve	iːv	n.[C]前夜，前夕；傍晚	时间空间				简单词 · 自然科学	417
evening	ˈiːvnɪŋ	n.[C,U] 晚上；傍晚	时间空间				简单词 · 自然科学	417
night	naɪt	n.[C,U] 夜晚；晚上	时间空间				简单词 · 自然科学	417
midnight	ˈmɪdnaɪt	n.[U] 午夜；子夜	时间空间				简单词 · 自然科学	417
tonight	təˈnaɪt	ad.在今晚 n.[U] 今晚；今夜	时间空间				简单词 · 自然科学	417
deadline	ˈdedlaɪn	n.[C]最后期限；截止日期	时间空间				简单词 · 自然科学	417
dynasty	ˈdɪnəsti	n.[C]朝代；王朝	时间空间				简单词 · 自然科学	417
ago	əˈgəʊ	ad.以前	时间空间				简单词 · 自然科学	417
ahead	əˈhed	ad.在前面；提前；领先	时间空间				简单词 · 自然科学	417
during	ˈdjʊərɪŋ	prep……在…期间	时间空间				简单词 · 自然科学	417
early	ˈɜːli	a.早期的；提前的 ad.在初期；提早	时间空间				简单词 · 自然科学	417
late	leɪt	a.晚的；迟到；晚期的 ad.晚；在晚年	时间空间				简单词 · 自然科学	417
eventually	ɪˈventʃuəli	ad.最后；终于	时间空间				简单词 · 自然科学	417
far	fɑː(r)	ad.远；远至 a.远的；较远的	时间空间				简单词 · 自然科学	417
forever	fərˈevə(r)	ad.永远；长久地	时间空间				简单词 · 自然科学	417
lately	ˈleɪtli	ad.近来，最近	时间空间				简单词 · 自然科学	417
recent	ˈriːsnt	a.近来的，最近的；最新的	时间空间				简单词 · 自然科学	417
last	lɑːst	det.最近的 ad.最近；最后 vi.持续	时间空间				简单词 · 自然科学	417
latter	ˈlætə(r)	a.后者的；后半期的 n.[the～]后者	时间空间				简单词 · 自然科学	417
past	pɑːst	a.过去的 n.[sing.][the~]过去 prep.晚于 ad.经过	时间空间				简单词 · 自然科学	417
moment	ˈməʊmənt	n.[C]瞬间；时机；[sing.]准确时刻	时间空间				简单词 · 自然科学	417
period	ˈpɪəriəd	n.[C]一段时间；阶段 a.具有某个时代特征的	时间空间				简单词 · 自然科学	417
present	ˈpreznt	a.现存的；出席 n.[C]礼物	时间空间				简单词 · 自然科学	417
time	taɪm	n.[U] 时间 vt……为……安排时间	时间空间				简单词 · 自然科学	417
yesterday	ˈjestədeɪ	n.[U] 昨天；过去 ad.在昨天	时间空间				简单词 · 自然科学	417
today	təˈdeɪ	n.[U]今天；现在 ad.在今天；当今	时间空间				简单词 · 自然科学	417
tomorrow	təˈmɒrəʊ	n.[U] 明天；将来 ad.在明天	时间空间				简单词 · 自然科学	417
everyday	ˈevrideɪ	a.每天的；日常的	时间空间				简单词 · 自然科学	417
hour	ˈaʊə(r)	n.[C]小时；[pl.]长时间	时间空间				简单词 · 自然科学	417
minute	ˈmɪnɪt	n.[C]分钟	时间空间				简单词 · 自然科学	417
o'clock	əˈklɒk	ad…点钟	时间空间				简单词 · 自然科学	418
weekday	ˈwiːkdeɪ	n.[C]周工作日	时间空间				简单词 · 自然科学	418
year	jɪə(r)	n.[C]年；一年时间；年度；年级	时间空间				简单词 · 自然科学	418
altitude	ˈæltɪtjuːd	n.[常用 sing]海拔；海拔高度	时间空间				简单词 · 自然科学	418
bottom	ˈbɒtəm	n.[常用 sing.]底部 a.底部的；最后的	时间空间				简单词 · 自然科学	418
deep	diːp	a.深的；严重的 ad.深深地；在深处	时间空间				简单词 · 自然科学	418
empty	ˈempti	a.空的；空洞的；无意义的 vt.倒空	时间空间				简单词 · 自然科学	418
everywhere	ˈevriweə(r)	ad.处处；到处；各个地方	时间空间				简单词 · 自然科学	418
east	iːst	n.[sing.,U] 东方；东部 a.东方的 ad.向东	方位方向				简单词 · 自然科学	418
west	west	n.[sing.,U]西方 a.西方的；西部的 ad.向西	方位方向				简单词 · 自然科学	418
south	saʊθ	n.[sing.,U]南；南方 a.南方的 ad.向南	方位方向				简单词 · 自然科学	418
north	nɔːθ	n.[sing.,U] 北；北方 a.北方的 ad.向北	方位方向				简单词 · 自然科学	418
southeast	ˌsaʊθˈiːst	n.[U] 东南；东南方 a.来自东南方的；东南部的	方位方向				简单词 · 自然科学	418
northeast	ˌnɔːθˈiːst	n.[U] 东北 ad.向东北	方位方向				简单词 · 自然科学	418
southwest	ˌsaʊθˈwest	n.[U] 西南；西南方 a.来自西南方的；西南部的	方位方向				简单词 · 自然科学	418
northwest	ˌnɔːθˈwest	n.[U] 西北；西北方 ad.向西北	方位方向				简单词 · 自然科学	418
upstairs	ˌʌpˈsteəz	ad.在楼上 n.[sing.]楼上	方位方向				简单词 · 自然科学	418
downstairs	ˌdaʊnˈsteəz	ad.在楼下 n.[sing.]楼下	方位方向				简单词 · 自然科学	418
outdoor	ˈaʊtdɔː(r)	a.户外的；室外的	方位方向				简单词 · 自然科学	418
behind	bɪˈhaɪnd	prep……在…的后面；落后于.ad.在……的后面	方位方向				简单词 · 自然科学	418
centre	ˈsentə(r)	n.[C]中心	方位方向				简单词 · 自然科学	418
above	əˈbʌv	prep.在……上面；超过 ad.在上面 a.上述的	方位方向				简单词 · 自然科学	418
up	ʌp	ad.在上面；向上 prep:向；沿着 a.向上的	方位方向				简单词 · 自然科学	418
upon	əˈpɒn	prep……在……上	方位方向				简单词 · 自然科学	418
below	bɪˈləʊ	ad.在下面；零度以下 prep.在……下面；低于	方位方向				简单词 · 自然科学	418
underneath	ˌʌndəˈniːθ	prep./ad.在……底下 n.[sing.][the~]底部	方位方向				简单词 · 自然科学	418
down	daʊn	ad.向下 prep.向下；沿着 a.情绪低落 vt.喝下	方位方向				简单词 · 自然科学	418
forward	ˈfɔːwəd	ad.向前；进展；前进 a.向前的 vt.寄	方位方向				简单词 · 自然科学	418
front	frʌnt	n.[sing.][the～]前面；前部 a.前面的	方位方向				简单词 · 自然科学	418
inside	ˌɪnˈsaɪd	prep……在……里面 n.[常用 sing.]里面 a.内部的	方位方向				简单词 · 自然科学	418
left	left	a.左边的 ad.向左 n.[sing.]左边	方位方向				简单词 · 自然科学	419
middle	ˈmɪdl	n.[sing.][the～中间 a.中间的；中等的	方位方向				简单词 · 自然科学	419
right	raɪt	a.右边的；正确的 ad.直接地 n.[C,U]权利	方位方向				简单词 · 自然科学	419
side	saɪd	n.[常用 sing.]一边；一侧；[C]侧面	方位方向				简单词 · 自然科学	419
creature	ˈkriːtʃə(r)	n.[C]生物；动物	动物植物				简单词 · 自然科学	419
animal	ˈænɪml	n.[C] 动物 a.动物的；肉体的	动物植物				简单词 · 自然科学	419
panda	ˈpændə	n.[C] 大熊猫	动物植物				简单词 · 自然科学	419
elephant	ˈelɪfənt	n.[C]象	动物植物				简单词 · 自然科学	419
bear	beə(r)	n.[C] 熊 vt.忍受；承担责任	动物植物				简单词 · 自然科学	419
horse	hɔːs	n.[C]马；[pl.] [the~」赛马	动物植物				简单词 · 自然科学	419
cattle	ˈkætl	n.[pl]牛	动物植物				简单词 · 自然科学	419
cow	kaʊ	n.[C]奶牛	动物植物				简单词 · 自然科学	419
bull	bʊl	n.[C]公牛；雄性（象、鲸等）大动物	动物植物				简单词 · 自然科学	419
OX	ɒks	n.[C]（阉割的）公牛	动物植物				简单词 · 自然科学	419
goat	gəʊt	n.[C] 山羊	动物植物				简单词 · 自然科学	419
sheep	ʃiːp	n.[C]羊；绵羊	动物植物				简单词 · 自然科学	419
deer	dɪə(r)	n.[C]鹿	动物植物				简单词 · 自然科学	419
donkey	ˈdɒŋki	n. [C] 驴	动物植物				简单词 · 自然科学	419
camel	ˈkæml	n.[C] 骆驼	动物植物				简单词 · 自然科学	419
tiger	ˈtaɪgə(r)	n.[C]老虎	动物植物				简单词 · 自然科学	419
lion	ˈlaɪən	n.[C] 狮子	动物植物				简单词 · 自然科学	419
wolf	wʊlf	n.[C] 狼 vt.狼吞虎咽	动物植物				简单词 · 自然科学	419
pig	pɪg	n.[C] 猪；贪婪的人	动物植物				简单词 · 自然科学	419
sow	saʊ	n.[C] 母猪	动物植物				简单词 · 自然科学	419
rabbit	ˈræbɪt	n.[C]兔，野兔；[U]兔肉	动物植物				简单词 · 自然科学	419
fox	fɒks	n.[C] 狐狸；狡猾的人；[U] 狐皮 vt.把……难住	动物植物				简单词 · 自然科学	419
monkey	ˈmʌŋki	n.[C] 猴子；捣蛋鬼	动物植物				简单词 · 自然科学	419
chicken	ˈtʃɪkɪn	n.[C]鸡；[U]鸡肉	动物植物				简单词 · 自然科学	419
cock	kɒk	n.[C]公鸡；雄禽 vt.立起(身体部位)	动物植物				简单词 · 自然科学	419
hen	hen	n.[C]母鸡；雌禽	动物植物				简单词 · 自然科学	419
turkey	ˈtɜːki	n.[C] 火鸡；[U] 火鸡肉	动物植物				简单词 · 自然科学	420
dog	dɒg	n.[C]狗 vt.（长期）困扰；跟踪	动物植物				简单词 · 自然科学	420
cat	kæt	n.[C] 猫；猫科动物	动物植物				简单词 · 自然科学	420
mouse	maʊs	n.[C]老鼠；鼠标	动物植物				简单词 · 自然科学	420
rat	ræt	n.[C]老鼠；卑鄙的人	动物植物				简单词 · 自然科学	420
snake	sneɪk	n.[C]蛇 v.曲折前行	动物植物				简单词 · 自然科学	420
ant	ænt	n.[C]蚂蚁	动物植物				简单词 · 自然科学	420
crocodile	ˈkrɒkədaɪl	n.[C] 鳄鱼；[U]鳄鱼皮	动物植物				简单词 · 自然科学	420
frog	frɒg	n.[C]蛙，青蛙	动物植物				简单词 · 自然科学	420
duck	dʌk	n.[C]鸭；母鸭；[U]鸭肉	动物植物				简单词 · 自然科学	420
goose	guːs	n.[C]鹅；雌鹅；[U]鹅肉	动物植物				简单词 · 自然科学	420
shrimp	ʃrɪmp	n.[C]虾，小虾	动物植物				简单词 · 自然科学	420
whale	weɪl	n.[C]鲸	动物植物				简单词 · 自然科学	420
eagle	ˈiːgl	n.[C]鹰；雕	动物植物				简单词 · 自然科学	420
owl	aʊl	n. [C] 猫头鹰	动物植物				简单词 · 自然科学	420
bat	bæt	n.[C] 蝙蝠；球拍 v.用球板击球	动物植物				简单词 · 自然科学	420
bird	bɜːd	n.[C]鸟；禽	动物植物				简单词 · 自然科学	420
dove	dʌv	n.[C] 鸽子; （政治上的）鸽派人物，温和派人物	动物植物				简单词 · 自然科学	420
pigeon	ˈpɪdʒɪn	n.[C]鸽子	动物植物				简单词 · 自然科学	420
butterfly	ˈbʌtəflaɪ	n.[C] 蝴蝶；[U] 蝶泳	动物植物				简单词 · 自然科学	420
bee	biː	n.[C]蜜蜂；聚会	动物植物				简单词 · 自然科学	420
pet	pet	n.[C] 宠物 vt.抚摸 a.很喜欢的	动物植物				简单词 · 自然科学	420
herd	hɜːd	n.[C] 兽群；牧群；[sing.][the~]芸芸众生 vt.放牧	动物植物				简单词 · 自然科学	420
plant	plɑːnt	n.[C]植物；工厂 vt.栽种；安放	动物植物				简单词 · 自然科学	420
flower	ˈflaʊə(r)	n.[C] 花朵；开花植物 vi.开花；繁荣	动物植物				简单词 · 自然科学	420
crop	krɒp	n.[C]庄稼；作物；收成	动物植物				简单词 · 自然科学	420
wheat	wiːt	n.[U] 小麦	动物植物				简单词 · 自然科学	420
pea	piː	n.[C]豌豆；豌豆粒	动物植物				简单词 · 自然科学	420
peanut	ˈpiːnʌt	n.[C] 花生；[pl]很少的钱	动物植物				简单词 · 自然科学	420
potato	pəˈteɪtəʊ	n.[C,U]马铃薯，土豆	动物植物				简单词 · 自然科学	420
carrot	ˈkærət	n.[C,U] 胡萝卜；[C] 酬报，好处	动物植物				简单词 · 自然科学	420
tomato	təˈmɑːtəʊ	n.[C,U]番茄，西红柿	动物植物				简单词 · 自然科学	420
onion	ˈʌnjən	n. [C,U] 洋葱 (头)	动物植物				简单词 · 自然科学	421
cucumber	ˈkjuːkʌmbə(r)	n. [C,U] 黄瓜	动物植物				简单词 · 自然科学	421
mushroom	ˈmʌʃrʊm	n.[C] 蘑菇 vi.快速生长；迅速增长	动物植物				简单词 · 自然科学	421
bean	biːn	n.[C]豆；豆荚；豆科植物	动物植物				简单词 · 自然科学	421
eggplant	ˈegplɑːnt	n.[C, U] 茄子	动物植物				简单词 · 自然科学	421
bush	bʊʃ	n.[C] 灌木	动物植物				简单词 · 自然科学	421
branch	brɑːntʃ	n.[C] 树枝；分支 vi.分岔	动物植物				简单词 · 自然科学	421
seed	siːd	n.[C,U]种子；籽 vt.在……播种	动物植物				简单词 · 自然科学	421
tobacco	təˈbækəʊ	n.[C,U] 烟草，烟叶	动物植物				简单词 · 自然科学	421
grass	grɑːs	n.[U]草；牧草；[U,sing]草坪，草地；牧场	动物植物				简单词 · 自然科学	421
root	ruːt	n.[C]根，根茎；[常用 sing.]根源	动物植物				简单词 · 自然科学	421
lily	ˈlɪli	n.[C]百合花	动物植物				简单词 · 自然科学	421
rose	rəʊz	n.[C]蔷薇 (花）；玫瑰 (花)	动物植物				简单词 · 自然科学	421
tree	triː	n.[C]树，树木	动物植物				简单词 · 自然科学	421
bamboo	ˌbæmˈbuː	n.[C,U]竹，竹子	动物植物				简单词 · 自然科学	421
melon	ˈmelən	n.[C,U]甜瓜；瓜	动物植物				简单词 · 自然科学	421
apple	ˈæpl	n.[C] 苹果	动物植物				简单词 · 自然科学	421
grape	greɪp	n.[C] 葡萄	动物植物				简单词 · 自然科学	421
banana	bəˈnɑːnə	n.[C] 香蕉	动物植物				简单词 · 自然科学	421
lemon	ˈlemən	n.[C,U]柠檬；[U]柠檬汁；柠檬色 a.浅黄色的	动物植物				简单词 · 自然科学	421
orange	ˈɒrɪndʒ	n.[C,U]橙子；橙汁；橙色 a.橙红色的	动物植物				简单词 · 自然科学	421
peach	piːtʃ	n.[C] 桃子；[U] 桃红色 a.粉红色的	动物植物				简单词 · 自然科学	421
pear	peə(r)	n. [C] 梨	动物植物				简单词 · 自然科学	421
science	ˈsaɪəns	n.[U]科学；理科；[sing.]学科	科学技术				简单词 · 自然科学	421
astronomy	əˈstrɒnəmi	n.[U] 天文学	科学技术				简单词 · 自然科学	421
gravitation	ˌgrævɪˈteɪʃn	n.[U]引力	科学技术				简单词 · 自然科学	421
gravity	ˈgrævəti	n.[U]重力；地球引力；严重性	科学技术				简单词 · 自然科学	421
machine	məˈʃiːn	n.[C]机器 vt.用机器制造	科学技术				简单词 · 自然科学	421
microscope	ˈmaɪkrəskəʊp	n.[C] 显微镜	科学技术				简单词 · 自然科学	421
telescope	ˈtelɪskəʊp	n.[C]望远镜	科学技术				简单词 · 自然科学	421
telecommunications	ˌtelɪkəˌmjuːnɪˈkeɪʃn	n.[pl.]电信；电讯	科学技术				简单词 · 自然科学	422
Internet	ˈɪntənet	（亦作 internet）n.[sing.]互联网	科学技术				简单词 · 自然科学	422
web	web	n.[C]网络；蜘蛛网；网状物	科学技术				简单词 · 自然科学	422
website	ˈwebsaɪt	n.[C] 网站	科学技术				简单词 · 自然科学	422
invent	ɪnˈvent	vt.发明；编造	科学技术				简单词 · 自然科学	422
experiment	ɪkˈsperɪmənt	n.[C,U]实验；实践 vi.做试验；尝试	科学技术				简单词 · 自然科学	422
ray	reɪ	n.[C]光线；射线	科学技术				简单词 · 自然科学	422
X-ray	ˈeks reɪ	n.[常用 pl]X 射线；X 光	科学技术				简单词 · 自然科学	422
robot	ˈrəʊbɒt	n.[C]机器人	科学技术				简单词 · 自然科学	422
rocket	ˈrɒkɪt	n.[C] 火箭 vi.快速增长	科学技术				简单词 · 自然科学	422
technology	tekˈnɒlədʒi	n.[C,U]科技；工艺；工程技术	科学技术				简单词 · 自然科学	422
theory	ˈθɪəri	n.[U] 理论；原理；[C,U]学说	科学技术				简单词 · 自然科学	422
chemistry	ˈkemɪstri	n.[U]化学；化学成分	课程学习				简单词 · 文体教育	422
geography	dʒiˈɒgrəfi	n.[U]地理（学）；[sing.]地形	课程学习				简单词 · 文体教育	422
geology	dʒiˈɒlədʒi	n.[U]地质学；[sing.]地质	课程学习				简单词 · 文体教育	422
logic	ˈlɒdʒɪk	n.[U]逻辑（学）；[U,sing.]道理	课程学习				简单词 · 文体教育	422
math	mæθ	（亦作 maths）n.[U]数学	课程学习				简单词 · 文体教育	422
grammar	ˈgræmə(r)	n.[U] 语法；[C] 语法书	课程学习				简单词 · 文体教育	422
kindergarten	ˈkɪndəgɑːtn	n.[C]学前班；幼儿园	课程学习				简单词 · 文体教育	422
college	ˈkɒlɪdʒ	n.[C,U]大学；学院；专科学校	课程学习				简单词 · 文体教育	422
university	ˌjuːnɪˈvɜːsəti	(abbr.Un iv.）n.[C,U]（综合性）大学	课程学习				简单词 · 文体教育	422
graduate	ˈgrædʒuət	n.[C]大学毕业生	课程学习				简单词 · 文体教育	422
graduate	ˈgrædʒuət	vi.大学毕业	课程学习				简单词 · 文体教育	422
blackboard	ˈblækbɔːd	n.[C] 黑板	课程学习				简单词 · 文体教育	422
chalk	tʃɔːk	n.[C,U]粉笔 vt.用粉笔写(或画)	课程学习				简单词 · 文体教育	422
ink	ɪŋk	n.[C,U]墨水，墨汁 vt.给……上油墨	课程学习				简单词 · 文体教育	422
textbook	ˈtekstbʊk	n.[C]教科书，课本	课程学习				简单词 · 文体教育	422
book	bʊk	n.[C]书，书籍；著作；本子 v.预订	课程学习				简单词 · 文体教育	422
classroom	ˈklɑːsruːm	n.[C]教室；课堂	课程学习				简单词 · 文体教育	422
class	klɑːs	n.[C]班级；课程；阶段 vt.把……归类	课程学习				简单词 · 文体教育	423
classmate	ˈklɑːsmeɪt	n.[C] 同班同学	课程学习				简单词 · 文体教育	423
context	ˈkɒntekst	n.[C,U]背景，环境；语境	课程学习				简单词 · 文体教育	423
course	kɔːs	n.[C] 课程；讲座；[sing.]进程	课程学习				简单词 · 文体教育	423
grade	greɪd	n.[C]等级；级别；年级 vt.分级；给……评分	课程学习				简单词 · 文体教育	423
lesson	ˈlesn	n.[C]课程，一堂课；教训	课程学习				简单词 · 文体教育	423
noun	naʊn	n.[C]名词	课程学习				简单词 · 文体教育	423
verb	vɜːb	n.[C]动词	课程学习				简单词 · 文体教育	423
adjective	ˈædʒɪktɪv	n.[C]形容词	课程学习				简单词 · 文体教育	423
adverb	ˈædvɜːb	n. [C] 副词	课程学习				简单词 · 文体教育	423
pronoun	ˈprəʊnaʊn	n.[C]代词	课程学习				简单词 · 文体教育	423
word	wɜːd	n.[C]单词；字；话语 vt.措辞；用词	课程学习				简单词 · 文体教育	423
vocabulary	vəˈkæbjələri	n.[C,U] 词汇；词汇量	课程学习				简单词 · 文体教育	423
spell	spel	vt.拼写 v.拼出 n.[C]咒语	课程学习				简单词 · 文体教育	423
alphabet	ˈælfəbet	n.[C]全部字母，字母表	课程学习				简单词 · 文体教育	423
sentence	ˈsentəns	n.[C] 句子；[C,U] 判决 vt.判决	课程学习				简单词 · 文体教育	423
paragraph	ˈpærəgrɑːf	n.[C]段，段落	课程学习				简单词 · 文体教育	423
pen	pen	n.[C]钢笔 vt.写	课程学习				简单词 · 文体教育	423
pencil	ˈpensl	n.[C,U]铅笔 vt.用铅笔写	课程学习				简单词 · 文体教育	423
semester	sɪˈmestə(r)	n.[C]学期	课程学习				简单词 · 文体教育	423
student	ˈstjuːdnt	n.[C]学生；研究生	课程学习				简单词 · 文体教育	423
study	ˈstʌdi	v.学习 vt.研究 n.[U]学习；研究	课程学习				简单词 · 文体教育	423
homework	ˈhəʊmwɜːk	n.[U]家庭作业；准备工作	课程学习				简单词 · 文体教育	423
term	tɜːm	n.[C]术语；期限；任期；[C,U]学期	课程学习				简单词 · 文体教育	423
test	test	n.[C]试验；测试 vt.试验；测试	课程学习				简单词 · 文体教育	423
text	tekst	n.[C]课本；文章；[U]正文；文本	课程学习				简单词 · 文体教育	423
topic	ˈtɒpɪk	n.[C]话题；题目；标题	课程学习				简单词 · 文体教育	423
tennis	ˈtenɪs	n.[U] 网球	体育运动				简单词 · 文体教育	423
badminton	ˈbædmɪntən	n.[U] 羽毛球运动	体育运动				简单词 · 文体教育	423
baseball	ˈbeɪsbɔːl	n.[U] 棒球运动；[C] 棒球	体育运动				简单词 · 文体教育	423
volleyball	ˈvɒlibɔːl	n.[U] 排球运动	体育运动				简单词 · 文体教育	424
ball	bɔːl	n.[C] 球；球状物 v.做成球状	体育运动				简单词 · 文体教育	424
basketball	ˈbɑːskɪtbɔːl	n.[C] 篮球；[U]篮球运动	体育运动				简单词 · 文体教育	424
football	ˈfʊtbɔːl	n.[C]足球；橄榄球；[U]足球运动	体育运动				简单词 · 文体教育	424
golf	gɒlf	n.[U] 高尔夫球运动	体育运动				简单词 · 文体教育	424
boxing	ˈbɒksɪŋ	n.[U]拳击 (运动)	体育运动				简单词 · 文体教育	424
dive	daɪv	vi.跳水；潜水；俯冲 n.[C]跳水；潜水；俯冲	体育运动				简单词 · 文体教育	424
skate	skeɪt	v.滑冰；溜冰 n.[C] 溜冰鞋；旱冰鞋	体育运动				简单词 · 文体教育	424
ski	skiː	n.[C] 滑雪板 vi.滑雪 a.滑雪的	体育运动				简单词 · 文体教育	424
race	reɪs	n.[C]赛跑；[C,U]人种；种族 v.参加比赛	体育运动				简单词 · 文体教育	424
run	rʌn	v.跑 vt.运营 n.[C] 跑步	体育运动				简单词 · 文体教育	424
yoga	ˈjəʊgə	n.[U]瑜伽	体育运动				简单词 · 文体教育	424
soccer	ˈsɒkə(r)	n.[U]（英式）足球	体育运动				简单词 · 文体教育	424
sport	spɔːt	n.[C,U] 体育运动	体育运动				简单词 · 文体教育	424
gym	dʒɪm	(亦作 gymnasium）n.[C] 体育馆；[U] 体育活动	体育运动				简单词 · 文体教育	424
Olympic	əˈlɪmpɪk	a.奥林匹克运动会的	体育运动				简单词 · 文体教育	424
culture	ˈkʌltʃə(r)	n. [C,U] 文化	文化艺术				简单词 · 文体教育	424
tradition	trəˈdɪʃn	n.[C,U] 传统	文化艺术				简单词 · 文体教育	424
Confucian	kənˈfjuːʃən	a.儒家的；儒学的；孔子学说的	文化艺术				简单词 · 文体教育	424
history	ˈhɪstri	n.[U] 历史；历史学；[sing.,U]发展史	文化艺术				简单词 · 文体教育	424
Marxism	ˈmɑːksɪzəm	n.[U] 马克思主义	文化艺术				简单词 · 文体教育	424
religion	rɪˈlɪdʒən	n.[U]宗教；宗教信仰；[C]教派	文化艺术				简单词 · 文体教育	424
bible	ˈbaɪbl	n.[sing.][the B-]基督教的《圣经》；[C]一册《圣经》	文化艺术				简单词 · 文体教育	424
Christ	kraɪst	n.基督；耶稣基督	文化艺术				简单词 · 文体教育	424
god	gɒd	n.[sing.][G-]上帝；[C]神	文化艺术				简单词 · 文体教育	424
festival	ˈfestɪvl	n.[C]节；节日	文化艺术				简单词 · 文体教育	424
Thanksgiving	ˌθæŋksˈgɪvɪŋ	n.[C,U] 感恩节	文化艺术				简单词 · 文体教育	424
angel	ˈeɪndʒl	n. [C]天使	文化艺术				简单词 · 文体教育	424
dragon	ˈdrægən	n.[C]龙	文化艺术				简单词 · 文体教育	424
art	ɑːt	n.[U]艺术（作品）；美术（作品)	文化艺术				简单词 · 文体教育	424
fiction	ˈfɪkʃn	n.[U] 小说；[C,U] 虚构的事	文化艺术				简单词 · 文体教育	425
novel	ˈnɒvl	n.[C]（长篇）小说 a.新颖的	文化艺术				简单词 · 文体教育	425
story	ˈstɔːri	n.[C]故事，小说	文化艺术				简单词 · 文体教育	425
prose	prəʊz	n.[U] 散文	文化艺术				简单词 · 文体教育	425
article	ˈɑːtɪkl	n.[C]文章；物品；条款	文化艺术				简单词 · 文体教育	425
journal	ˈdʒɜːnl	n.[C]杂志；日记	文化艺术				简单词 · 文体教育	425
magazine	ˌmægəˈziːn	n.[C] 杂志; （电视、广播）专题节目	文化艺术				简单词 · 文体教育	425
chapter	ˈtʃæptə(r)	n.[C]（书的）章，篇，回；阶段，时期	文化艺术				简单词 · 文体教育	425
title	ˈtaɪtl	n.[C]标题；头衔；职称 vt.加标题	文化艺术				简单词 · 文体教育	425
plot	plɒt	n.[C,U]故事情节；[C] 阴谋 v 密谋	文化艺术				简单词 · 文体教育	425
picture	ˈpɪktʃə(r)	n.[C]图画；相片 vt.想象；描述	文化艺术				简单词 · 文体教育	425
poem	ˈpəʊɪm	n.[C]诗；韵文	文化艺术				简单词 · 文体教育	425
music	ˈmjuːzɪk	n.[U]音乐，乐曲；乐谱	文化艺术				简单词 · 文体教育	425
band	bænd	n.[C] 流行音乐乐队；一伙人	文化艺术				简单词 · 文体教育	425
song	sɒŋ	n.[C]歌；歌曲	文化艺术				简单词 · 文体教育	425
jazz	dʒæz	n.[U] 爵士乐	文化艺术				简单词 · 文体教育	425
piano	piˈænəʊ	n. [C] 钢琴	文化艺术				简单词 · 文体教育	425
tune	tjuːn	n.[C] 曲调 vt.调音；调整	文化艺术				简单词 · 文体教育	425
opera	ˈɒprə	n.[C,U]歌剧；[C] 歌剧	文化艺术				简单词 · 文体教育	425
language	ˈlæŋgwɪdʒ	n.[C]语言；[U]言语；说话	文化艺术				简单词 · 文体教育	425
idiom	ˈɪdiəm	n.[C]成语；习语	文化艺术				简单词 · 文体教育	425
lecture	ˈlektʃə(r)	n.[C]讲座；演讲；教训	文化艺术				简单词 · 文体教育	425
chess	tʃes	n.[U] 国际象棋	文化艺术				简单词 · 文体教育	425
final	ˈfaɪnl	a.最终的；最后的 n.[C] 决赛	常见形容词				简单词 · 其他	425
fine	faɪn	a.高质量的 ad.够好 n.[C] 罚金 vt.对……处以罚款	常见形容词				简单词 · 其他	425
solid	ˈsɒlɪd	a.固体的；坚硬的	常见形容词				简单词 · 其他	425
firm	fɜːm	a.坚固的 n.[C]公司 vt.使强壮	常见形容词				简单词 · 其他	425
hard	hɑːd	a.坚固的；难懂的；困苦的 ad.努力地	常见形容词				简单词 · 其他	425
supreme	suːˈpriːm	a.最高的，至高无上的；最大的	常见形容词				简单词 · 其他	425
swift	swɪft	a.迅速的；速度快的	常见形容词				简单词 · 其他	426
backward	ˈbækwəd	a.向后的；倒退的；落后的	常见形容词				简单词 · 其他	426
absolute	ˈæbsəluːt	a.完全的；彻底的；肯定的	常见形容词				简单词 · 其他	426
ample	ˈæmpl	a.足够的；丰裕的	常见形容词				简单词 · 其他	426
awake	əˈweɪk	a.醒着的 v．（使）醒来；唤起	常见形容词				简单词 · 其他	426
live	laɪv	a.活的；现场直播的	常见形容词				简单词 · 其他	426
eternal	ɪˈtɜːnl	a.不朽的；无休止的	常见形容词				简单词 · 其他	426
faint	feɪnt	a.微弱的；微小的 vi.昏厥 n.[sing.]昏厥	常见形容词				简单词 · 其他	426
fluent	ˈfluːənt	a.流利的；通畅的	常见形容词				简单词 · 其他	426
invaluable	ɪnˈvæljuəbl	a.极有用的；极宝贵的	常见形容词				简单词 · 其他	426
inward	ˈɪnwəd	a.内心的；精神的；向内的 ad.向内；向内心	常见形容词				简单词 · 其他	426
irregular	ɪˈregjələ(r)	a.不整齐的；不规则的；不正常的	常见形容词				简单词 · 其他	426
onward	ˈɒnwəd	a.继续的；向前的	常见形容词				简单词 · 其他	426
probable	ˈprɒbəbl	a.很可能发生的 n.[C]可能入选者	常见形容词				简单词 · 其他	426
so-called	ˌsəʊ ˈkɔːld	a.所谓的；号称……的	常见形容词				简单词 · 其他	426
splendid	ˈsplendɪd	a.壮丽的，华丽的；极佳的，非常好的	常见形容词				简单词 · 其他	426
utter	ˈʌtə(r)	vt.出声；说	常见形容词				简单词 · 其他	426
vain	veɪn	a.徒劳的，枉然的；自负的	常见形容词				简单词 · 其他	426
visible	ˈvɪzəbl	a.可见的；明显的	常见形容词				简单词 · 其他	426
worthwhile	ˌwɜːθˈwaɪl	a.值得花时间（或花钱、努力等）；重要的；有趣的	常见形容词				简单词 · 其他	426
able	ˈeɪbl	a.能；有才能的；（某方面）擅长的	常见形容词				简单词 · 其他	426
absent	ˈæbsənt	a.缺席的；心不在焉的	常见形容词				简单词 · 其他	426
actual	ˈæktʃuəl	a.真实的，实际的	常见形容词				简单词 · 其他	426
alike	əˈlaɪk	a.相像，十分相似	常见形容词				简单词 · 其他	426
alone	əˈləʊn	a.独自的；孤独的 ad.单独；仅仅	常见形容词				简单词 · 其他	426
average	ˈævərɪdʒ	a.平均的；一般的 n.[C] 平均数；[U] 平均水平	常见形容词				简单词 · 其他	426
bad	bæd	a.坏的；令人不快的 ad.很，非常	常见形容词				简单词 · 其他	426
basic	ˈbeɪsɪk	a.基本的；初级的；必需的	常见形容词				简单词 · 其他	426
best	best	a.最好的 n.[sing.]最好的事物 ad.最，极	常见形容词				简单词 · 其他	426
better	ˈbetə(r)	n.[U] 更好的事物 ad.更	常见形容词				简单词 · 其他	426
blank	blæŋk	a.空白的；空的 n.[C] 空白处，空格	常见形容词				简单词 · 其他	426
brief	briːf	a.短暂的；简洁的	常见形容词				简单词 · 其他	426
broad	brɔːd	a.宽阔的；广泛的	常见形容词				简单词 · 其他	427
cheap	tʃiːp	a.便宜的	常见形容词				简单词 · 其他	427
clean	kliːn	a.干净的 v.打扫 n.[sing.]打扫	常见形容词				简单词 · 其他	427
clear	klɪə(r)	vt.清理	常见形容词				简单词 · 其他	427
common	ˈkɒmən	a.普遍的；共同的；平凡的	常见形容词				简单词 · 其他	427
complex	ˈkɒmpleks	a.复杂的；难懂的	常见形容词				简单词 · 其他	427
correct	kəˈrekt	a.精确的；恰当的 vt.改正	常见形容词				简单词 · 其他	427
daily	ˈdeɪli	a.每日的；日常的 ad.每天 n.[C] 日报	常见形容词				简单词 · 其他	427
difficult	ˈdɪfɪkəlt	a.困难的；麻烦的；难以讨好的	常见形容词				简单词 · 其他	427
direct	dəˈrekt	a.直接的；笔直的 vt.管理 ad.直接	常见形容词				简单词 · 其他	427
dry	draɪ	a.干的；干旱的 v．（使）变干	常见形容词				简单词 · 其他	427
easy	ˈiːzi	a.容易的；舒适的 ad.小心；慢些	常见形容词				简单词 · 其他	427
elder	ˈeldə(r)	n.[pl]长者；长辈	常见形容词				简单词 · 其他	427
equal	ˈiːkwəl	a.平等的；同样的 n.[C]同等的人 vt.等于	常见形容词				简单词 · 其他	427
extra	ˈekstrə	a.额外的 n.[C]额外的事物 ad.额外；特别	常见形容词				简单词 · 其他	427
fair	feə(r)	ad.公正地	常见形容词				简单词 · 其他	427
false	fɔːls	a.错误的；假的；伪造的；不真诚的	常见形容词				简单词 · 其他	427
fast	fɑːst	a.快的；迅速的 ad.快地	常见形容词				简单词 · 其他	427
few	fjuː	a./det.很少；有些 pron.很少人(或事物、地方)	常见形容词				简单词 · 其他	427
foreign	ˈfɒrən	a.外国的；外交的	常见形容词				简单词 · 其他	427
free	friː	a.免费的；自由的 vt.释放 ad.免费地	常见形容词				简单词 · 其他	427
full	fʊl	a.满的；完全的	常见形容词				简单词 · 其他	427
general	ˈdʒenrəl	a.普遍的；一般的；概括性的	常见形容词				简单词 · 其他	427
heavy	ˈhevi	a.重的；比一般严重的；大而结实的	常见形容词				简单词 · 其他	427
important	ɪmˈpɔːtnt	a.重要的；权威的	常见形容词				简单词 · 其他	427
impossible	ɪmˈpɒsəbl	a.不可能的；难处理的	常见形容词				简单词 · 其他	427
international	ˌɪntəˈnæʃnəl	a.国际的	常见形容词				简单词 · 其他	427
local	ˈləʊkl	a.地方的；本地的；局部的 n.[常用 pl]当地人	常见形容词				简单词 · 其他	427
loose	luːs	a.松的；零散的 vt. 释放；松开	常见形容词				简单词 · 其他	427
loud	laʊd	a.响亮的；吵闹的 ad.喧闹地	常见形容词				简单词 · 其他	427
low	ləʊ	a.低的 ad.低 n.[C]低水平	常见形容词				简单词 · 其他	427
high	haɪ	a.高的 n.[C] 最高水平 ad.在高处	常见形容词				简单词 · 其他	427
main	meɪn	a.主要的；最重要的	常见形容词				简单词 · 其他	428
major	ˈmeɪdʒə(r)	a.主要的；严重 n.[C]少校；专业课	常见形容词				简单词 · 其他	428
mobile	ˈməʊbaɪl	a.可移动的；流动的 n.[C]手机	常见形容词				简单词 · 其他	428
modern	ˈmɒdn	a.现代的；新式的；时新的	常见形容词				简单词 · 其他	428
narrow	ˈnærəʊ	a.狭窄的；勉强的 v.变窄；缩小	常见形容词				简单词 · 其他	428
native	ˈneɪtɪv	a.出生地的；本地的 n.[C]本地人	常见形容词				简单词 · 其他	428
near	nɪə(r)	a.（距离）近的 ad.接近 v.靠近 prep.在……附近	常见形容词				简单词 · 其他	428
nearby	ˌnɪəˈbaɪ	a.附近的 ad.在附近	常见形容词				简单词 · 其他	428
necessary	ˈnesəsəri	a.必需的；必要的；必然的	常见形容词				简单词 · 其他	428
new	njuː	a.新的；新买的；崭新的；新颖的	常见形容词				简单词 · 其他	428
next	nekst	a.接下来的 ad.随后 n.[sing.]下一个	常见形容词				简单词 · 其他	428
nice	naɪs	a.美好的；友好的；宜人的	常见形容词				简单词 · 其他	428
normal	ˈnɔːml	a.正常的；精神正常的 n.[U]常态	常见形容词				简单词 · 其他	428
obvious	ˈɒbviəs	a.明显的；公认的；平淡无奇的	常见形容词				简单词 · 其他	428
online	ˌɒnˈlaɪn	a.在线的；联机的	常见形容词				简单词 · 其他	428
only	ˈəʊnli	a.唯一的 ad.只 con j.可是	常见形容词				简单词 · 其他	428
other	ˈʌðə(r)	a.另外的；其他的；另一的 pron.其他	常见形容词				简单词 · 其他	428
own	əʊn	a./pron.自己的 vt.拥有	常见形容词				简单词 · 其他	428
possible	ˈpɒsəbl	a.可能的 n.[C]可能适合的人(或物)	常见形容词				简单词 · 其他	428
primary	ˈpraɪməri	a.主要的；最初的 n.[C]（美国）初选	常见形容词				简单词 · 其他	428
public	ˈpʌblɪk	a.大众的；公共的 n.[sing.][the~」百姓；民众	常见形容词				简单词 · 其他	428
ready	ˈredi	a.准备好的；现成的；乐意的	常见形容词				简单词 · 其他	428
real	ˈriːəl	a.真实的；真正的 ad.非常，很	常见形容词				简单词 · 其他	428
same	seɪm	a.相同的，同样的	常见形容词				简单词 · 其他	428
similar	ˈsɪmələ(r)	] a.相像的；相仿的；类似的	常见形容词				简单词 · 其他	428
slow	sləʊ	a.慢的，缓慢的 v．（使）放慢速度	常见形容词				简单词 · 其他	428
soft	sɒft	a.软的；柔软的；柔和的	常见形容词				简单词 · 其他	428
special	ˈspeʃl	a.特别的，特殊的；专门的	常见形容词				简单词 · 其他	428
sudden	ˈsʌdn	a.突然的；骤然的	常见形容词				简单词 · 其他	428
sure	ʃʊə(r)	a.确信；肯定；必定 ad.当然；确实	常见形容词				简单词 · 其他	428
thick	θɪk	a.厚的；浓的；茂密的	常见形容词				简单词 · 其他	428
thorough	ˈθʌrə	a.彻底的；完全的；仔细的	常见形容词				简单词 · 其他	428
total	ˈtəʊtl	a.全部的；彻底的 n.[C]总数；合计	常见形容词				简单词 · 其他	429
true	truː	a.真正的；真实的；正确的	常见形容词				简单词 · 其他	429
up-to-date	ˌʌp tə ˈdeɪt	a.最新的，最近的；拥有最新信息的	常见形容词				简单词 · 其他	429
used	juːzd	a.用过的；旧的；二手的	常见形容词				简单词 · 其他	429
usual	ˈjuːʒuəl	a.通常的；惯常的	常见形容词				简单词 · 其他	429
vivid	ˈvɪvɪd	a.生动的；清晰的；丰富的；明亮的	常见形容词				简单词 · 其他	429
whole	həʊl	a.全部的；完整的 n.[C]整个；整体	常见形容词				简单词 · 其他	429
wide	waɪd	a.宽的；宽阔的；广泛的 ad.充分地	常见形容词				简单词 · 其他	429
wild	waɪld	a.野生的；荒凉的	常见形容词				简单词 · 其他	429
worse	wɜːs	a.更坏的；更严重的 ad.更坏，更糟	常见形容词				简单词 · 其他	429
worst	wɜːst	a.最坏的；最严重的 ad.最坏，最糟	常见形容词				简单词 · 其他	429
worth	wɜːθ	a.有……价值的 n[U] 价值；作用	常见形容词				简单词 · 其他	429
wrong	rɒŋ	a.错误的；不合适的 ad.错误地，不正确	常见形容词				简单词 · 其他	429
tough	tʌf	a.艰苦的；强硬的；坚强的；牢固的	常见形容词				简单词 · 其他	429
missing	ˈmɪsɪŋ	a.找不到的；丢失的；失踪的	常见形容词				简单词 · 其他	429
tight	taɪt	a.牢固的；紧的；紧身的 ad.牢固地；紧紧地	常见形容词				简单词 · 其他	429
fresh	freʃ	a.新鲜的；新近的；清新的	常见形容词				简单词 · 其他	429
broke	brəʊk	a.身无分文的	常见形容词				简单词 · 其他	429
proficient	prəˈfɪʃnt	a.熟练的，娴熟的；精通的	常见形容词				简单词 · 其他	429
stiff	stɪf	a.硬的；僵硬的 ad.非常	常见形容词				简单词 · 其他	429
asleep	əˈsliːp	a.睡着的	常见形容词				简单词 · 其他	429
female	ˈfiːmeɪl	a.女性的；雌性的 n.[C]女性；雌性生物	常见形容词				简单词 · 其他	429
poor	pɔː(r)	a.贫穷的；可怜的；劣质的	常见形容词				简单词 · 其他	429
gay	geɪ	a.同性恋的；愉快的 n.[C] 同性恋者	常见形容词				简单词 · 其他	429
rich	rɪtʃ	a.富有的；富饶的	常见形容词				简单词 · 其他	429
senior	ˈsiːniə(r)	n.[sing.]较年长的人	常见形容词				简单词 · 其他	429
simple	ˈsɪmpl	a.简单的；朴素的；简明的	常见形容词				简单词 · 其他	429
single	ˈsɪŋgl	a.单个的，单一的；单身的 n.[C]单程票	常见形容词				简单词 · 其他	429
urban	ˈɜːbən	a.城市的，都市的；城镇的	常见形容词				简单词 · 其他	429
well-known	ˌwel ˈnəʊn	a.出名的，众所周知的	常见形容词				简单词 · 其他	429
drunk	drʌŋk	a.喝醉的 n.[C] 醉汉，酒鬼	常见形容词				简单词 · 其他	429
alive	əˈlaɪv	a.活着的；有活力的	常见形容词				简单词 · 其他	429
quick	kwɪk	a.快的；迅速的；敏捷的	常见形容词				简单词 · 其他	430
rapid	ˈræpɪd	a.快速的，迅速的；瞬间的	常见形容词				简单词 · 其他	430
upright	ˈʌpraɪt	a.直立的；垂直的；正直的	常见形容词				简单词 · 其他	430
physical	ˈfɪzɪkl	a.身体的；客观存在的；物理的	常见形容词				简单词 · 其他	430
safe	seɪf	a.安全的；无害的	常见形容词				简单词 · 其他	430
busy	ˈbɪzi	a.忙碌的 vt.使（自己）忙于某事	常见形容词				简单词 · 其他	430
dead	ded	a.死的；失去生命的；枯萎的	常见形容词				简单词 · 其他	430
deadly	ˈdedli	a.致命的；极度的 ad.极其	常见形容词				简单词 · 其他	430
lose	luːz	vt.遗失；丧失；失去 v.输掉(比赛)	常见动词				简单词 · 其他	430
prefer	prɪˈfɜː(r)	vt.较喜欢	常见动词				简单词 · 其他	430
greet	griːt	vt.和（某人）打招呼（或问好）；回应；迎接	常见动词				简单词 · 其他	430
agree	əˈgriː	v.同意，意见一致；赞成	常见动词				简单词 · 其他	430
allow	əˈlaʊ	vt.允许，准许；给予	常见动词				简单词 · 其他	430
enter	ˈentə(r)	v.进入 vt.加入；开始参加	常见动词				简单词 · 其他	430
comprise	kəmˈpraɪz	vt.包括；包含；构成	常见动词				简单词 · 其他	430
descend	dɪˈsend	v.下降 vi.降临	常见动词				简单词 · 其他	430
dig	dɪg	v.掘（地）vt.掘出 vi.寻找	常见动词				简单词 · 其他	430
drain	dreɪn	v.排空；流走 vt.喝光；使耗尽 n.[C]下水道	常见动词				简单词 · 其他	430
drip	drɪp	vi.滴下 v.滴水；充满 n.[sing.]滴水声；[C]水滴	常见动词				简单词 · 其他	430
endanger	ɪnˈdeɪndʒə(r)	vt.危及；危害	常见动词				简单词 · 其他	430
enforce	ɪnˈfɔːs	vt.强制执行；强迫	常见动词				简单词 · 其他	430
enlarge	ɪnˈlɑːdʒ	v.扩大；扩充 vt.放大	常见动词				简单词 · 其他	430
enlighten	ɪnˈlaɪtn	vt.启发；开导；阐明	常见动词				简单词 · 其他	430
extinguish	ɪkˈstɪŋgwɪʃ	vt.熄灭；扑灭；使破灭	常见动词				简单词 · 其他	430
fasten	ˈfɑːsn	v.扎牢；（使）关紧 vt.使牢固	常见动词				简单词 · 其他	430
float	fləʊt	vi.漂浮 n.[C] 彩车；鱼漂	常见动词				简单词 · 其他	430
freeze	friːz	v.（使）冻结；结冰 vi.冰冻 vt.冷藏 n.[C]冻结	常见动词				简单词 · 其他	430
inhabit	ɪnˈhæbɪt	vt.居住于；栖居于	常见动词				简单词 · 其他	430
practise	ˈpræktɪs	v.练习；实习；训练	常见动词				简单词 · 其他	430
input	ˈɪnpʊt	vt.输入（信息）n.[C,U]投入；输入	常见动词				简单词 · 其他	431
insert	ɪnˈsɜːt	vt.插入；添加	常见动词				简单词 · 其他	431
overtake	ˌəʊvəˈteɪk	v.超过 vt.超越； （不愉快的事情）突然发生	常见动词				简单词 · 其他	431
pat	pæt	vt.轻拍 n.[C]轻拍	常见动词				简单词 · 其他	431
permit	pəˈmɪt	vt.允许 v.（使）成为可能	常见动词				简单词 · 其他	431
punish	ˈpʌnɪʃ	vt.处罚；自责	常见动词				简单词 · 其他	431
puzzle	ˈpʌzl	vt.使困惑 n.[C]智力游戏；难题	常见动词				简单词 · 其他	431
shine	ʃaɪn	vi.发光；出色 vt.照射；擦亮 n.[sing.]光泽；光亮	常见动词				简单词 · 其他	431
sparkle	ˈspɑːkl	vi.闪耀；生气勃勃 n.[C,U]闪烁的光；亮点	常见动词				简单词 · 其他	431
spin	spɪn	v.（使）快速旋转 n.[C,U]高速旋转	常见动词				简单词 · 其他	431
starve	stɑːv	v.(使）挨饿，饿死	常见动词				简单词 · 其他	431
tick	tɪk	vi.发出滴答声 vt.标记号 n.[C]对号；[U]滴答声	常见动词				简单词 · 其他	431
buzz	bʌz	vi.发出嗡嗡声；发出蜂鸣声 n.[常用 sing.]嗡嗡声	常见动词				简单词 · 其他	431
underline	ˌʌndəˈlaɪn	vt.画底线标出；强调	常见动词				简单词 · 其他	431
vanish	ˈvænɪʃ	vi.突然消失；消亡	常见动词				简单词 · 其他	431
administer	ədˈmɪnɪstə(r)	vt.治理，管理；施行	常见动词				简单词 · 其他	431
bankrupt	ˈbæŋkrʌpt	vt.使破产 a.破产的 n.[C]破产者	常见动词				简单词 · 其他	431
veto	ˈviːtəʊ	vt.禁止；否决 n.[C,U]否决权；[C]禁止	常见动词				简单词 · 其他	431
act	ækt	v.行动 vi.表现；表演 n.[C]行为；法令	常见动词				简单词 · 其他	431
cease	siːs	v.(使）停止，终止	常见动词				简单词 · 其他	431
adapt	əˈdæpt	v.（使）适应，（使）适合 vt.改编	常见动词				简单词 · 其他	431
add	æd	vt.增加，添加；补充说	常见动词				简单词 · 其他	431
advance	ədˈvɑːns	vi.前进 v.进步 n.[C]前进 a.预先的	常见动词				简单词 · 其他	431
progress	ˈprəʊgres	vi.进步；前进	常见动词				简单词 · 其他	431
affect	əˈfekt	vt.影响；侵袭；使感染；深深打动	常见动词				简单词 · 其他	431
impact	ɪmˈpækt	v.有影响	常见动词				简单词 · 其他	431
aim	eɪm	vt.目的是 v.瞄准 n.[C]目的；目标；[U]瞄准	常见动词				简单词 · 其他	431
arrive	əˈraɪv	vi.到达；送达；发生	常见动词				简单词 · 其他	431
assess	əˈses	vt.评估，评定；估算	常见动词				简单词 · 其他	431
attract	əˈtrækt	vt.吸引；使喜爱；引起…的好感	常见动词				简单词 · 其他	431
avoid	əˈvɔɪd	vt.避免；防止；躲避	常见动词				简单词 · 其他	431
begin	bɪˈgɪn	v.开始；启动	常见动词				简单词 · 其他	431
belong	bɪˈlɒŋ	vi.属于；适应	常见动词				简单词 · 其他	432
born	bɔːn	vt.出生；出现 a.天生的	常见动词				简单词 · 其他	432
break	breɪk	v.损坏；（使）破裂；骨折 n.[C]间歇；休息	常见动词				简单词 · 其他	432
build	bɪld	v.建造 vt.开发 n.[常用 sing.,U]身材	常见动词				简单词 · 其他	432
burn	bɜːn	vi.燃烧；烧着 v.烧坏 n.[C]烧伤	常见动词				简单词 · 其他	432
change	tʃeɪndʒ	v.改变；变成 n.[C,U] 改变	常见动词				简单词 · 其他	432
charge	tʃɑːdʒ	v.收费 vt.控告；给……充电 n.[C,U] 收费	常见动词				简单词 · 其他	432
climb	klaɪm	v.爬；攀登 vi.爬升；增值	常见动词				简单词 · 其他	432
close	kləʊz	v.关闭 vt.合上 n.[sing.]结束	常见动词				简单词 · 其他	432
come	kʌm	vi.来；到达；发生	常见动词				简单词 · 其他	432
compare	kəmˈpeə(r)	vt.比较；将……比作	常见动词				简单词 · 其他	432
concern	kənˈsɜːn	vt.影响；让(某人)担忧；涉及 n.[C,U]担心；关心	常见动词				简单词 · 其他	432
consist	kənˈsɪst	vi.由……组成	常见动词				简单词 · 其他	432
control	kənˈtrəʊl	vt.控制；限定 n.[U]管理权；控制能力	常见动词				简单词 · 其他	432
subject	səbˈdʒekt	vt.使顺从	常见动词				简单词 · 其他	432
copy	ˈkɒpi	vt.复制；模仿 n.[C]复印件；一册	常见动词				简单词 · 其他	432
cover	ˈkʌvə(r)	vt.掩蔽；覆盖；包含 n.[C]覆盖物；封面	常见动词				简单词 · 其他	432
cross	krɒs	v.越过 vi.相交 n.[C]十字形记号；十字架	常见动词				简单词 · 其他	432
destroy	dɪˈstrɔɪ	vt.摧毁；毁灭；消灭	常见动词				简单词 · 其他	432
develop	dɪˈveləp	v.发展；患（病）vt.开发	常见动词				简单词 · 其他	432
die	daɪ	v.死 vi.消亡；停止运转	常见动词				简单词 · 其他	432
disappear	ˌdɪsəˈpɪə(r)	vi.消失；灭绝；失踪	常见动词				简单词 · 其他	432
divide	dɪˈvaɪd	v.（使）分开；分散 vt.分配	常见动词				简单词 · 其他	432
drop	drɒp	v.落下 n.[C]滴；水珠；[常用 sing.]少量；下降	常见动词				简单词 · 其他	432
enable	ɪˈneɪbl	vt.使能够；使可行	常见动词				简单词 · 其他	432
equip	ɪˈkwɪp	vt.装备；使有能力	常见动词				简单词 · 其他	432
expand	ɪkˈspænd	v.扩大；增加；扩展 vi.细谈	常见动词				简单词 · 其他	432
fail	feɪl	v.失败；未能（做到）；不及格 n.[C]不及格	常见动词				简单词 · 其他	432
fall	fɔːl	vi.落下；跌倒 n.[C]跌落；降落	常见动词				简单词 · 其他	432
fight	faɪt	v.打仗；搏斗 n.[C]搏斗；争吵；[sing.]斗争	常见动词				简单词 · 其他	432
fill	fɪl	v.（使）充满 vt.使遍及	常见动词				简单词 · 其他	432
find	faɪnd	vt.发现；找到；查明 n.[C]发现物	常见动词				简单词 · 其他	432
finish	ˈfɪnɪʃ	v.完成； （使）结束 n.[常用 sing.]结尾	常见动词				简单词 · 其他	433
fit	fɪt	v.合身 vt.试穿 a.健康的	常见动词				简单词 · 其他	433
fix	fɪks	vt.使固定；决定；修理 n.[C]解决方案	常见动词				简单词 · 其他	433
fly	flaɪ	vi.飞；飞行 n.[C]苍蝇	常见动词				简单词 · 其他	433
focus	ˈfəʊkəs	v.集中（注意力）；调焦 n.[常用 sing.,U]中心点	常见动词				简单词 · 其他	433
fold	fəʊld	vt.折叠 v.折小 n.[C]褶皱；褶层	常见动词				简单词 · 其他	433
follow	ˈfɒləʊ	v.跟随；在……后发生 vt.听从	常见动词				简单词 · 其他	433
forecast	ˈfɔːkɑːst	vt.预测 n.[C]预测，预报	常见动词				简单词 · 其他	433
gain	geɪn	vt. 获得 v.获益 n.[C,U] 增加；[C] 好处	常见动词				简单词 · 其他	433
gather	ˈgæðə(r)	v.聚集；集合 vt.收拢；收集	常见动词				简单词 · 其他	433
absent	æbˈsent	vt.缺席	常见动词				简单词 · 其他	433
get	get	vt.收到；获得；挣得；去取	常见动词				简单词 · 其他	433
give	gɪv	v.赠送 vt.交给；提供	常见动词				简单词 · 其他	433
glow	gləʊ	vi.发出柔和稳定的光；发红 n.[sing]（脸上的）红光	常见动词				简单词 · 其他	433
go	gəʊ	vi.去；去参加；离开 v.行走 n.[C]尝试	常见动词				简单词 · 其他	433
grow	grəʊ	vi.增多；成长 v．（使）生长	常见动词				简单词 · 其他	433
happen	ˈhæpən	vi.发生；出现	常见动词				简单词 · 其他	433
have	həv	vt.拥有；由……组成；有	常见动词				简单词 · 其他	433
include	ɪnˈkluːd	vt.包含；使成为……的一部分	常见动词				简单词 · 其他	433
increase	ɪnˈkriːs	v.增加	常见动词				简单词 · 其他	433
influence	ˈɪnfluəns	vt.影响 n.[C, U] 影响；[U] 影响力	常见动词				简单词 · 其他	433
involve	ɪnˈvɒlv	vt.包含；涉及；加入；使卷入	常见动词				简单词 · 其他	433
join	dʒɔɪn	v.参加；加入；连接；联合	常见动词				简单词 · 其他	433
keep	kiːp	v.（使）保持 vi.继续 vt.留着 n.[U]生活必需品	常见动词				简单词 · 其他	433
kill	kɪl	v.杀死 vt.破坏；使痛苦 n.[常用 sing.]杀死	常见动词				简单词 · 其他	433
knock	nɒk	vi.敲 v.碰 n.[C]敲击声；撞击	常见动词				简单词 · 其他	433
launch	lɔːntʃ	vt.发起；上市；发射 n.[常用 sing.]发射	常见动词				简单词 · 其他	433
lay	leɪ	vt.放置；铺设 v.下 (蛋)	常见动词				简单词 · 其他	433
lead	liːd	v.带路；通向 vi（与……）相连；导致	常见动词				简单词 · 其他	433
learn	lɜːn	v.学习；获悉；（从……）吸取教训 vt.记住	常见动词				简单词 · 其他	433
leave	liːv	v.离开；退出 vt.把（某物）留在某处；留下	常见动词				简单词 · 其他	433
listen	ˈlɪsn	vi.听；听从；听着 n.[常用 sing.]听	常见动词				简单词 · 其他	433
locate	ləʊˈkeɪt	v.找出……的准确位置把……安置在	常见动词				简单词 · 其他	433
lock	lɒk	v.锁上 vt.把……锁起来 n.[C]锁；车锁	常见动词				简单词 · 其他	434
make	meɪk	vt.制造；制订；使……成为	常见动词				简单词 · 其他	434
match	mætʃ	v.相配；相同 n.[C]火柴；比赛	常见动词				简单词 · 其他	434
mean	miːn	vt.意思是；意味着；打算 a.吝啬的	常见动词				简单词 · 其他	434
meet	miːt	v.相遇；开会 n.[C] 运动会	常见动词				简单词 · 其他	434
mix	mɪks	v.（使）混合；融合 vt.调配 n.[常用 sing.]混合	常见动词				简单词 · 其他	434
mount	maʊnt	vt.准备；登上 vi.逐步增加 n.[C] [M-]山	常见动词				简单词 · 其他	434
move	muːv	v.移动；变化 vi.前进 n.[C]行动；[常用 sing.]移动	常见动词				简单词 · 其他	434
look	lʊk	vi.看；寻找 v.注意 n.[常用 sing]看	常见动词				简单词 · 其他	434
notice	ˈnəʊtɪs	v.看到；注意到 n.[U] 注意；[C] 通知；公告牌	常见动词				简单词 · 其他	434
see	siː	v.看见，看到；理解；明白	常见动词				简单词 · 其他	434
occur	əˈkɜː(r)	vi.发生；存在于	常见动词				简单词 · 其他	434
offer	ˈɒfə(r)	vt.主动提出；提供 n.[C]提议	常见动词				简单词 · 其他	434
operate	ˈɒpəreɪt	vi.运转；经营 vt.操作 v.（被）使用	常见动词				简单词 · 其他	434
pass	pɑːs	v.通过；经过 vi.前行 n.[C]通行证；及格	常见动词				简单词 · 其他	434
perform	pəˈfɔːm	vt.做；执行 v.表演	常见动词				简单词 · 其他	434
pick	pɪk	vt.选择；采；摘掉 n.[sing.]挑选	常见动词				简单词 · 其他	434
pollute	pəˈluːt	vt.污染，弄脏	常见动词				简单词 · 其他	434
pop	pɒp	v.（使）发砰砰声 n.[U] 流行音乐 a.流行音乐的	常见动词				简单词 · 其他	434
predict	prɪˈdɪkt	vt.预言；预料；预测	常见动词				简单词 · 其他	434
print	prɪnt	v.打印 vt.印刷；登载 n.[U] 印刷字体	常见动词				简单词 · 其他	434
produce	prəˈdjuːs	v.生产；制造	常见动词				简单词 · 其他	434
promote	prəˈməʊt	vt.促进；促销；提升；晋升	常见动词				简单词 · 其他	434
protect	prəˈtekt	v.保护；投保	常见动词				简单词 · 其他	434
prove	pruːv	vt.证明；展现	常见动词				简单词 · 其他	434
provide	prəˈvaɪd	vt.提供；规定	常见动词				简单词 · 其他	434
publish	ˈpʌblɪʃ	vt.出版；发行；发布；公布	常见动词				简单词 · 其他	434
recycle	ˌriːˈsaɪkl	vt.回收利用；循环利用	常见动词				简单词 · 其他	434
reduce	rɪˈdjuːs	vt.减少；缩小	常见动词				简单词 · 其他	434
reflect	rɪˈflekt	vt.反映；反射；表达	常见动词				简单词 · 其他	434
remove	rɪˈmuːv	vt.移动；脱下；免除	常见动词				简单词 · 其他	434
rise	raɪz	vi.上升；攀升；升起 n.[C]（数量或水平的）增加	常见动词				简单词 · 其他	434
ruin	ruːn	vt.毁坏；摧毁；毁灭 n.[U]毁坏	常见动词				简单词 · 其他	435
burst	bɜːst	v.（使）爆裂 vi.猛冲；爆满 n.[C]突发；爆裂	常见动词				简单词 · 其他	435
explode	ɪkˈspləʊd	v.爆炸；勃然（大怒）vi.突然爆发；激增	常见动词				简单词 · 其他	435
select	sɪˈlekt	vt.选择；挑选；选拔 a.精选的；优等的	常见动词				简单词 · 其他	435
shoot	ʃuːt	v.射击；发射；猎杀	常见动词				简单词 · 其他	435
sit	sɪt	v.（使）坐下 vi.坐落在	常见动词				简单词 · 其他	435
sleep	sliːp	vi.睡觉；入睡 n.[U]睡眠；睡觉	常见动词				简单词 · 其他	435
spend	spend	v.花（钱）vt.花费；度过	常见动词				简单词 · 其他	435
stand	stænd	vi.站立 vt.经受；忍受 n.[常用 sing.]立场	常见动词				简单词 · 其他	435
start	stɑːt	v.开始；（使）发生 vt.开办	常见动词				简单词 · 其他	435
stop	stɒp	v.(使）停止; （使）中断	常见动词				简单词 · 其他	435
survive	səˈvaɪv	v.幸存；生存	常见动词				简单词 · 其他	435
swim	swɪm	v.游泳 n.[sing.] 游泳	常见动词				简单词 · 其他	435
tend	tend	v.照料 vi.趋向，倾向；往往会	常见动词				简单词 · 其他	435
turn	tɜːn	v.（使）转动，旋转；转身；转弯 vt.翻转	常见动词				简单词 · 其他	435
treat	triːt	vt.对待；把…视为；招待 n[C]乐事；款待	常见动词				简单词 · 其他	435
use	juːz	vt.使用；运用；利用	常见动词				简单词 · 其他	435
wake	weɪk	v.醒来；唤醒 vt.唤起 (记忆)	常见动词				简单词 · 其他	435
walk	wɔːk	v.行走；步行 n.[C]行走；散步	常见动词				简单词 · 其他	435
warn	wɔːn	v.警告；告诫	常见动词				简单词 · 其他	435
wave	weɪv	v.挥手 vt.挥动 n.[C]波浪；心潮	常见动词				简单词 · 其他	435
weigh	weɪ	v.重 vt.称重量；权衡	常见动词				简单词 · 其他	435
melt	melt	v.（使）熔化，融化; （使）软化	常见动词				简单词 · 其他	435
rouse	raʊz	vt.唤醒；激起（某种情感）	常见动词				简单词 · 其他	435
advise	ədˈvaɪz	v.劝告；建议 vt.通知	常见动词				简单词 · 其他	435
measure	ˈmeʒə(r)	vt.测量；估量 n.[C]措施	常见动词				简单词 · 其他	435
succeed	səkˈsiːd	vi.成功；达到目的；继承	常见动词				简单词 · 其他	435
want	wɒnt	v.想要；希望	常见动词				简单词 · 其他	435
win	wɪn	v.获胜 vt.赢得；获得	常见动词				简单词 · 其他	435
wish	wɪʃ	v.想要；希望 vt.祝愿 n.[C]愿望	常见动词				简单词 · 其他	435
worry	ˈwʌri	v.担心，担忧 n.[U]担心，忧虑	常见动词				简单词 · 其他	435
suffer	ˈsʌfə(r)	vt.遭受 vi.受折磨	常见动词				简单词 · 其他	435
cost	kɒst	vt.价钱为 n.[C,U]费用；[pl.]成本	常见动词				简单词 · 其他	436
bleed	bliːd	vi.流血 vt.给(某人）放血；榨取 (钱财)	常见动词				简单词 · 其他	436
wed	wed	v.结婚；娶；嫁	常见动词				简单词 · 其他	436
fuck	fʌk	v.（表示愤怒或不关心）滚开；混账	常见动词				简单词 · 其他	436
cry	kraɪ	v.哭；喊叫 n.[C]叫声；大叫；[sing]哭	常见动词				简单词 · 其他	436
support	səˈpɔːt	vt.支持；帮助 n.[U]支持；拥护	常见动词				简单词 · 其他	436
world	wɜːld	n.[sing.][the~]世界；地球；[sing.]社会	常见名词				简单词 · 其他	436
being	ˈbiːɪŋ	n.[C] 生物；[U]存在；生存	常见名词				简单词 · 其他	436
people	ˈpiːpl	n.[pl.]人，人们;[C]民族	常见名词				简单词 · 其他	436
person	ˈpɜːsn	n. [C]人	常见名词				简单词 · 其他	436
human	ˈhjuːmən	n.[C] 人 a.人的；人本性的；有人情味的	常见名词				简单词 · 其他	436
mankind	mænˈkaɪnd	n.[U] 人类	常见名词				简单词 · 其他	436
folk	fəʊk	n.[pl.]人们；各位 a.民俗的；流传民间的	常见名词				简单词 · 其他	436
man	mæn	n.[C] 成年男子；[U]人类	常见名词				简单词 · 其他	436
guy	gaɪ	n.[C]男人；家伙；[pl.]伙计们	常见名词				简单词 · 其他	436
teenager	ˈtiːneɪdʒə(r)	n.[C]（13 至 19 岁之间的）青少年	常见名词				简单词 · 其他	436
teen	tiːn	n.[C] 青少年；[pl.]十几岁 a.青少年的	常见名词				简单词 · 其他	436
lady	ˈleɪdi	n.[C] 女士；淑女	常见名词				简单词 · 其他	436
maiden	ˈmeɪdn	n.[C]少女 a.首次的，初次的	常见名词				简单词 · 其他	436
child	tʃaɪld	n.[C]儿童；子女；幼稚的人	常见名词				简单词 · 其他	436
kid	kɪd	n.[C]小孩 v.开玩笑 vt.欺骗	常见名词				简单词 · 其他	436
boy	bɔɪ	n.[C]男孩；男青年；伙计	常见名词				简单词 · 其他	436
girl	gɜːl	n.[C]女孩；女儿；年轻女子	常见名词				简单词 · 其他	436
orphan	ˈɔːfn	n.[C]孤儿 vt.使成为孤儿	常见名词				简单词 · 其他	436
peer	pɪə(r)	n.[常用 pl.]同龄人 vi.仔细看	常见名词				简单词 · 其他	436
fan	fæn	n.[C]狂热爱好者；风扇 vt.扇（风）；煽起	常见名词				简单词 · 其他	436
enemy	ˈenəmi	n.[C]敌人；危害物；[sing.][the~]敌军	常见名词				简单词 · 其他	436
surname	ˈsɜːneɪm	n.[C]姓	常见名词				简单词 · 其他	436
talent	ˈtælənt	n.[C,U]天资；天才；人才	常见名词				简单词 · 其他	436
sex	seks	n.[C,U] 性别；性	常见名词				简单词 · 其他	436
gender	ˈdʒendə(r)	n.[C,U]性别；性	常见名词				简单词 · 其他	437
self	self	n.[U]自我；[C]自己，本人；[常用 sing]本来面目	常见名词				简单词 · 其他	437
crowd	kraʊd	n.[C]人群；一帮人 vt.挤满；涌入	常见名词				简单词 · 其他	437
audience	ˈɔːdiəns	n.[C]观众；听众；读者	常见名词				简单词 · 其他	437
deal	diːl	n.[sing.]大量；[C] 协议；交易	常见名词				简单词 · 其他	437
irony	ˈaɪrəni	n.[C,U] 奇异可笑之处；[U] 反语，反话	常见名词				简单词 · 其他	437
surprise	səˈpraɪz	n.[C]令人惊奇的事；[C,U]惊奇 vt.使惊奇	常见名词				简单词 · 其他	437
adventure	ədˈventʃə(r)	n.[C]冒险经历；奇遇；[U]冒险的刺激	常见名词				简单词 · 其他	437
spaceship	ˈspeɪsʃɪp	n.[C]宇宙飞船	常见名词				简单词 · 其他	437
fireworks	ˈfaɪəwɜːks	n.[pl.]烟花表演	常见名词				简单词 · 其他	437
trick	trɪk	n.[C]诡计；花招；骗局；把戏 vt.欺诈	常见名词				简单词 · 其他	437
magic	ˈmædʒɪk	n.[U] 魔法；戏法 a.有魔力的	常见名词				简单词 · 其他	437
logo	ˈləʊgəʊ	n.[C]标志；徽标	常见名词				简单词 · 其他	437
housework	ˈhaʊswɜːk	n.[U]家务劳动	常见名词				简单词 · 其他	437
laundry	ˈlɔːndri	n.[U] 刚洗好的衣物；[U,sing.]洗衣物；[C] 洗衣店	常见名词				简单词 · 其他	437
litter	ˈlɪtə(r)	n.[U]垃圾 vt.使凌乱 v.乱扔	常见名词				简单词 · 其他	437
rag	ræg	n.[C,U]抹布；[pl.]破 l 旧衣服 vt.嘲笑	常见名词				简单词 · 其他	437
benefit	ˈbenɪfɪt	n.[C,U] 益处；福利费 vt.使受益 vi.得益于	常见名词				简单词 · 其他	437
well-being	ˌwel ˈbiːɪŋ	n.[U] 健康；安乐	常见名词				简单词 · 其他	437
dream	driːm	n.[C]梦；梦想 v.做梦；想象	常见名词				简单词 · 其他	437
dialect	ˈdaɪəlekt	n.[C,U]地方话；方言	常见名词				简单词 · 其他	437
trial	ˈtraɪəl	n.[C,U]审讯，审理，审判；试用	常见名词				简单词 · 其他	437
shadow	ˈʃædəʊ	n.[C] 影子；[U] 昏暗处 vt.跟踪	常见名词				简单词 · 其他	437
answer	ˈɑːnsə(r)	n.[C]回答；答案 v.回答	常见名词				简单词 · 其他	437
proof	pruːf	n.[C,U]证据 vt.使防水(或防火等)	常见名词				简单词 · 其他	437
roof	ruːf	n.[C] 顶部 vt.给……盖顶	常见名词				简单词 · 其他	437
sake	seɪk	n.[C]缘故；理由	常见名词				简单词 · 其他	437
alarm	əˈlɑːm	n.[U]惊恐，惊慌；[常用 sing.]警报 vt.使惊恐	常见名词				简单词 · 其他	437
bug	bʌg	n.[C]故障；小病；虫子 vt.窃听(谈话)	常见名词				简单词 · 其他	437
chaos	ˈkeɪɒs	n.[U] 混乱；杂乱；紊乱	常见名词				简单词 · 其他	437
dot	dɒt	n.[C] 点；小点 vt.遍布	常见名词				简单词 · 其他	437
essence	ˈesns	n.[U]本质；实质	常见名词				简单词 · 其他	438
foresight	ˈfɔːsaɪt	n.[U]深谋远虑；先见之明	常见名词				简单词 · 其他	438
framework	ˈfreɪmwɜːk	n.[C]框架；准则；机制	常见名词				简单词 · 其他	438
funeral	ˈfjuːnərəl	n.[C]葬礼，丧礼	常见名词				简单词 · 其他	438
gesture	ˈdʒestʃə(r)	n.[C,U]手势；[C]姿态 v.做手势	常见名词				简单词 · 其他	438
handicap	ˈhændikæp	n.[C,U] 残疾；[C] 障碍 vt.妨碍	常见名词				简单词 · 其他	438
hardship	ˈhɑːdʃɪp	n.[C,U] 艰难，艰苦	常见名词				简单词 · 其他	438
honeymoon	ˈhʌnimuːn	n.[常用 sing.]蜜月；和谐时期 vi.度蜜月	常见名词				简单词 · 其他	438
mess	mes	n.[常用 sing.]杂乱；困境 vt.弄乱	常见名词				简单词 · 其他	438
mystery	ˈmɪstri	n.[C] 神秘的事物；神秘的人；[U] 神秘	常见名词				简单词 · 其他	438
noise	nɔɪz	n.[C,U] 声音；噪音	常见名词				简单词 · 其他	438
outbreak	ˈaʊtbreɪk	n.[C]爆发，突然发生	常见名词				简单词 · 其他	438
output	ˈaʊtpʊt	n.[sing.,U]产量；输出信息 vt.输出	常见名词				简单词 · 其他	438
packet	ˈpækɪt	n.[C] 小包裹；包装盒；包装袋	常见名词				简单词 · 其他	438
password	ˈpɑːswɜːd	n.[C]口令；密码	常见名词				简单词 · 其他	438
queue	kjuː	n.[C]行列 vi.（人、车等）排队等候	常见名词				简单词 · 其他	438
insert	ˈɪnsɜːt	n.[C]插页；插入物	常见名词				简单词 · 其他	438
row	rəʊ	n.[C]一排 v.划(船)	常见名词				简单词 · 其他	438
scandal	ˈskændl	n.[C,U]丑行；丑闻	常见名词				简单词 · 其他	438
shortcoming	ˈʃɔːtkʌmɪŋ	n.[常用 pl]缺点；短处	常见名词				简单词 · 其他	438
usage	ˈjuːsɪdʒ	n.[C,U]用法；惯用法；[U]使用	常见名词				简单词 · 其他	438
viewpoint	ˈvjuːpɔɪnt	n.[C]观点；看法；角度	常见名词				简单词 · 其他	438
accident	ˈæksɪdənt	n.[C] 事故；[C,U] 意外；偶然的事	常见名词				简单词 · 其他	438
accord	əˈkɔːd	n.[C]条约 vt.给予 vi.(与)	常见名词				简单词 · 其他	438
adult	ˈædʌlt	n.[C]成年人 a.成年的；成熟的	常见名词				简单词 · 其他	438
advantage	ədˈvɑːntɪdʒ	n.[C,U]有利条件；有利因素；优势；优点	常见名词				简单词 · 其他	438
advice	ədˈvaɪs	n.[U]劝告；建议；意见	常见名词				简单词 · 其他	438
age	eɪdʒ	n.[C,U] 年龄；[C] 时代；[U]老年	常见名词				简单词 · 其他	438
aid	eɪd	n.[U]帮助；援助 v.帮助；援助	常见名词				简单词 · 其他	438
aspect	ˈæspekt	n.[C]方面，层面；[sing.,U]外观；外表	常见名词				简单词 · 其他	438
attention	əˈtenʃn	n.[U]注意力；专心；特别照料	常见名词				简单词 · 其他	439
attitude	ˈætɪtjuːd	n.[C]态度；看法；姿势	常见名词				简单词 · 其他	439
balance	ˈbæləns	n.[sing.,U]均衡；平衡 v.（使）保持平衡	常见名词				简单词 · 其他	439
base	beɪs	n.[常用 sing.]根基；[C] 出发点 vt.以……为据点	常见名词				简单词 · 其他	439
belief	bɪˈliːf	n.[常用 pl]信仰；[U]信心；[sing, U]信念	常见名词				简单词 · 其他	439
bell	bel	n.[C]钟 (声)；铃 (声)	常见名词				简单词 · 其他	439
birth	bɜːθ	n.[C,U] 出生；[U] 出身；[sing.]起源	常见名词				简单词 · 其他	439
birthday	ˈbɜːθdeɪ	n.[C]生日	常见名词				简单词 · 其他	439
cause	kɔːz	n.[C]原因；[U]理由 vt.造成	常见名词				简单词 · 其他	439
challenge	ˈtʃælɪndʒ	n.[C]挑战；质疑 vt.挑战；对……怀疑	常见名词				简单词 · 其他	439
chance	tʃɑːns	n.[C] 机会；[C,U] 可能性；[U] 意外；偶然	常见名词				简单词 · 其他	439
choice	tʃɔɪs	n.[C]选择；挑选；[U,sing]选择权	常见名词				简单词 · 其他	439
condition	kənˈdɪʃn	n.[U,sing]状态；健康状况；[pl.]环境	常见名词				简单词 · 其他	439
damage	ˈdæmɪdʒ	n.[U]损坏；伤害 vt.损害；毁坏	常见名词				简单词 · 其他	439
danger	ˈdeɪndʒə(r)	n.[C]危险的事物（或人）；[U]危险	常见名词				简单词 · 其他	439
death	deθ	n.[C]死亡；[U]死亡状态；破灭	常见名词				简单词 · 其他	439
degree	dɪˈgriː	n.[C]度数； （大学）学位；[C,U]程度	常见名词				简单词 · 其他	439
demand	dɪˈmɑːnd	n.[C]要求；[C,U] 需求	常见名词				简单词 · 其他	439
distance	ˈdɪstəns	n.[C,U] 距离；[sing.]远方；[U] 遥远 vt.拉开距离	常见名词				简单词 · 其他	439
ease	iːz	n.[U] 容易；舒适 v.减轻 vt.使…容易些	常见名词				简单词 · 其他	439
effect	ɪˈfekt	n.[C,U]效应；效果 vt.实现	常见名词				简单词 · 其他	439
end	end	n.[sing.]末尾；[C] 结束；尽头 v.结束	常见名词				简单词 · 其他	439
energy	ˈenədʒi	n.[U]能量；活力；能源	常见名词				简单词 · 其他	439
environment	ɪnˈvaɪrənmənt	n.[C,U] 环境；[sing.][the~] 自然环境	常见名词				简单词 · 其他	439
event	ɪˈvent	n.[C]事件；公开活动；比赛项目	常见名词				简单词 · 其他	439
example	ɪgˈzɑːmpl	n.[C]例子；榜样	常见名词				简单词 · 其他	439
experience	ɪkˈspɪəriəns	n.[U]经验；经历 vt.经历；感受	常见名词				简单词 · 其他	439
eyesight	ˈaɪsaɪt	n.[U] 视力	常见名词				简单词 · 其他	439
fact	fækt	n.[sing.]现实；[C]事实；[U]真实情况	常见名词				简单词 · 其他	439
fashion	ˈfæʃn	n.[C,U]流行款式；[C] 时尚；[U] 时装业	常见名词				简单词 · 其他	439
fate	feɪt	n.[C] 命中注定的事；[U] 命运	常见名词				简单词 · 其他	439
fault	fɔːlt	n.[U]过错；责任；[C]弱点；缺陷 vt.发现错误	常见名词				简单词 · 其他	439
favour	ˈfevə(r)	n.[C]帮助；[U]赞同；偏爱	常见名词				简单词 · 其他	440
footprint	ˈfʊtprɪnt	n.[常用 pl.]脚印，足迹	常见名词				简单词 · 其他	440
force	fɔːs	n.[U]武力；力量 vt.强迫；强行	常见名词				简单词 · 其他	440
form	fɔːm	n.[C]类型；表格；形状；[C,U]形式 v.（使）形成	常见名词				简单词 · 其他	440
function	ˈfʌŋkʃn	n.[C,U] 功能；[C] 典礼 vi.起作用	常见名词				简单词 · 其他	440
future	ˈfjuːtʃə(r)	n.[sing.][the~] 将来；[sing.,U] 前途 a.将来的	常见名词				简单词 · 其他	440
gap	gæp	n.[C]开口；间隔；分歧；缺口	常见名词				简单词 · 其他	440
gate	geɪt	n.[C]大门；登机门	常见名词				简单词 · 其他	440
gift	gɪft	n.[C]礼物；天赋 vt.白送	常见名词				简单词 · 其他	440
habit	ˈhæbɪt	n.[C] 习惯；瘾；[U] 习性	常见名词				简单词 · 其他	440
fantasy	ˈfæntəsi	n.[C,U] 幻想；[C] 幻想作品	常见名词				简单词 · 其他	440
apology	əˈpɒlədʒi	n.[C,U] 道歉；谢罪	常见名词				简单词 · 其他	440
goal	gəʊl	n.[C]目标；球门；进球	常见名词				简单词 · 其他	440
idea	aɪˈdɪə	n.[C]想法；意见；[sing.,U] 印象	常见名词				简单词 · 其他	440
impact	ˈɪmpækt	n.[常用 sing., U]巨大影响	常见名词				简单词 · 其他	440
issue	ˈɪʃuː	n.[C]重要议题；问题；期号 vt.宣布	常见名词				简单词 · 其他	440
level	ˈlevl	n.[C] 数量；[C,U] 水平；级别 a.平的 vt.使平坦	常见名词				简单词 · 其他	440
life	laɪf	n.[U]生命；生物；[C,U]性命；一生；生活	常见名词				简单词 · 其他	440
light	laɪt	n.[U] 光线；[C] 灯 a.明亮的；浅色的；轻的 vt.点燃	常见名词				简单词 · 其他	440
line	laɪn	n.[C]线；界线；边界线	常见名词				简单词 · 其他	440
load	ləʊd	n.[C]负载；装载量 v.装入 vi.承载	常见名词				简单词 · 其他	440
luck	lʌk	n.[U] 好运；机遇	常见名词				简单词 · 其他	440
manner	ˈmænə(r)	n.[sing]方式；举止；[pl.]礼貌；规矩	常见名词				简单词 · 其他	440
duty	ˈdjuːti	n.[C,U]责任；义务；本分；[pl]职责	常见名词				简单词 · 其他	440
mark	mɑːk	n.[C]污点；记号 vt.做记号；标示	常见名词				简单词 · 其他	440
matter	ˈmætə(r)	n.[C] 事情；[pl.]事态 v.事关紧要	常见名词				简单词 · 其他	440
means	miːnz	n.[C]方法；[pl.]财富	常见名词				简单词 · 其他	440
memory	ˈmeməri	n.[C,U] 记忆力；[C] 回忆	常见名词				简单词 · 其他	440
message	ˈmesɪdʒ	n.[C] 消息；[常用 sing.]要旨 vt.给……发消息	常见名词				简单词 · 其他	440
method	ˈmeθəd	n.[C]方法；[U]条理	常见名词				简单词 · 其他	440
mind	maɪnd	n.[C,U] 头脑；[C] 思考能力 v.介意	常见名词				简单词 · 其他	440
mistake	mɪˈsteɪk	n.[C] 错误，失误 vt.搞错；误会	常见名词				简单词 · 其他	440
mode	məʊd	n.[C]方式；[C,U]模式；[U] 状态	常见名词				简单词 · 其他	441
model	ˈmɒdl	n.[C]模型；样式；模范；模特儿	常见名词				简单词 · 其他	441
name	neɪm	n.[C]名字；[常用 sing.]名誉 vt.命名	常见名词				简单词 · 其他	441
net	net	n.[U] 网；[C] 渔网 a.净得的 vt.净得	常见名词				简单词 · 其他	441
news	njuːz	n.[U] 消息；新闻	常见名词				简单词 · 其他	441
note	nəʊt	n.[C]笔记；便条；注释 vt.注意	常见名词				简单词 · 其他	441
object	ˈɒbdʒɪkt	n.[C]物体；对象；目标	常见名词				简单词 · 其他	441
opinion	əˈpɪnjən	n.[C]意见；[U]观点	常见名词				简单词 · 其他	441
opportunity	ˌɒpəˈtjuːnəti	n.[C,U]机会；时机	常见名词				简单词 · 其他	441
order	ˈɔːdə(r)	n.[C,U]顺序；订单；[U]条理 vt.命令；订购	常见名词				简单词 · 其他	441
pace	peɪs	n.[sing,U]速度；节奏 v.来回步	常见名词				简单词 · 其他	441
part	pɑːt	n.[C]部分；部件 vt.分开 ad.部分地	常见名词				简单词 · 其他	441
pattern	ˈpætn	n.[C]模式；[常用 sing]范例 vt.构成图案；促成	常见名词				简单词 · 其他	441
point	pɔɪnt	n.[C]论点；重点 v.指 vt.瞄准	常见名词				简单词 · 其他	441
position	pəˈzɪʃn	n.[C] 位置；[U] 正确位置 vt.安装	常见名词				简单词 · 其他	441
power	ˈpaʊə(r)	n.[U]力量；控制力；能力；政权	常见名词				简单词 · 其他	441
prize	praɪz	n.[C] 奖品 a.获奖的	常见名词				简单词 · 其他	441
problem	ˈprɒbləm	n.[C]问题；难题；困难	常见名词				简单词 · 其他	441
process	ˈprəʊses	n.[C]过程 vt.加工；处理	常见名词				简单词 · 其他	441
product	ˈprɒdʌkt	n.[C,U] 产品；[C] 产物	常见名词				简单词 · 其他	441
produce	ˈprɒdjuːs	n.[U] 产品	常见名词				简单词 · 其他	441
program	ˈprəʊgræm	n.[C] 程序 v.编写程序	常见名词				简单词 · 其他	441
progress	ˈprəʊgres	n.[U] 进步；前进	常见名词				简单词 · 其他	441
project	ˈprɒdʒekt	n.[C]工程；专题研究	常见名词				简单词 · 其他	441
question	ˈkwestʃən	n.[C] 问题；疑问 vt.问	常见名词				简单词 · 其他	441
range	reɪndʒ	n.[常用 sing.]一系列；范围；[C] 山脉 vi.变化，变动	常见名词				简单词 · 其他	441
rate	reɪt	n.[C]速度；比率 v.评估；评价	常见名词				简单词 · 其他	441
reason	ˈriːzn	n.[C]原因；理由	常见名词				简单词 · 其他	441
report	rɪˈpɔːt	n.[C]报道；报告 v.报道；报告	常见名词				简单词 · 其他	441
rest	rest	n.[C,U] 休息时间；[sing.] [the~] 残留 v.休息	常见名词				简单词 · 其他	441
result	rɪˈzʌlt	n.[C,U]后果；结果 vi.导致；引起	常见名词				简单词 · 其他	441
risk	rɪsk	n.[C,U]风险；危险 vt.使…冒风险	常见名词				简单词 · 其他	441
role	rəʊl	n.[C]角色；作用；地位	常见名词				简单词 · 其他	442
rule	ruːl	n.[C] 规则；条例 v.统治；决定	常见名词				简单词 · 其他	442
secret	ˈsiːkrət	n.[C] 秘密；机密 a.秘密的；机密的	常见名词				简单词 · 其他	442
section	ˈsekʃn	n.[C]部分；部件；章；节	常见名词				简单词 · 其他	442
sense	sens	n.[C] 感觉，意识 v.感觉到，意识到	常见名词				简单词 · 其他	442
series	ˈsɪəriːz	n.[常用 sing.]一系列；[C] 系列节目	常见名词				简单词 · 其他	442
shower	ˈʃaʊə(r)	n.[C] 淋浴；淋浴间	常见名词				简单词 · 其他	442
sign	saɪn	n.[C,U]迹象；[C] 符号；招牌；手势	常见名词				简单词 · 其他	442
situation	ˌsɪtʃuˈeɪʃn	n.[C]情况；局面；位置	常见名词				简单词 · 其他	442
skill	skɪl	n.[U]技巧；技艺；[C]技术；技能	常见名词				简单词 · 其他	442
sound	saʊnd	n.[C]声音；响声 v.-link.听起来好像	常见名词				简单词 · 其他	442
space	speɪs	n.[U]空间；太空；[C] 空隙	常见名词				简单词 · 其他	442
step	step	n.[C]步子；步骤；阶段 vi.踩；迈步	常见名词				简单词 · 其他	442
stress	stres	n.[C,U]压力；紧张 vt.强调	常见名词				简单词 · 其他	442
stuff	stʌf	n.[U]东西，物品	常见名词				简单词 · 其他	442
style	staɪl	n.[C,U]方式；作风；风格；[C]样式	常见名词				简单词 · 其他	442
subject	ˈsʌbdʒɪkt	n.[C]主题；话题；科目	常见名词				简单词 · 其他	442
success	səkˈses	n.[U]成功；胜利；[C]成功的人(或事物)	常见名词				简单词 · 其他	442
survey	ˈsɜːveɪ	n.[C] 调查	常见名词				简单词 · 其他	442
system	ˈsɪstəm	n.[C]体系；制度；系统	常见名词				简单词 · 其他	442
task	tɑːsk	n.[C]任务，工作	常见名词				简单词 · 其他	442
team	tiːm	n.[C]队；团队；小组	常见名词				简单词 · 其他	442
tear	tɪə(r)	n.[常用 pl.]眼泪	常见名词				简单词 · 其他	442
tear	tʊə(r)	n.[C]破洞 v.撕裂；撕碎	常见名词				简单词 · 其他	442
thing	θɪŋ	n.[C]东西；物品；事情	常见名词				简单词 · 其他	442
thought	θɔːt	n.[C] 想法；看法；主意	常见名词				简单词 · 其他	442
tip	tɪp	n.[C]尖端；小费；指点 v.给小费； （使）倾斜	常见名词				简单词 · 其他	442
tool	tuːl	n.[C]工具；方法	常见名词				简单词 · 其他	442
top	tɒp	n.[C] 顶部；表面 a.最高的	常见名词				简单词 · 其他	442
trouble	ˈtrʌbl	n.[C,U] 困难；[U]麻烦 vt.使忧虑；使烦恼	常见名词				简单词 · 其他	442
truth	truːθ	n.[sing.][the～]真相；[U] 真实性；[C] 真理	常见名词				简单词 · 其他	442
unit	ˈjuːnɪt	n.[C]单元；单位；部门	常见名词				简单词 · 其他	442
vacation	vəˈkeɪʃn	n.[C]假期 vi.度假	常见名词				简单词 · 其他	443
venture	ˈventʃə(r)	n.[C]企业；商业 vi.冒险去(某处)	常见名词				简单词 · 其他	443
view	vjuː	n.[C] 看法；态度；风景 vt.把……视为	常见名词				简单词 · 其他	443
voice	vɔɪs	n.[C,U]嗓音；说话声 vt.表达，吐露	常见名词				简单词 · 其他	443
way	weɪ	n.[C]方法；方式；作风；[常用 sing.]道路	常见名词				简单词 · 其他	443
bit	bɪt	n.[sing]有点儿；稍微；[C]小量；一部分	常见名词				简单词 · 其他	443
chart	tʃɑːt	n.[C]图表；海图 vt.绘制……的地图	常见名词				简单词 · 其他	443
heat	hiːt	n.[U,sing.]热；[U,常用 sing.]温度；[U]高温 v.加热	常见名词				简单词 · 其他	443
score	skɔː(r)	n.[C]得分；比分；成绩 v.得分	常见名词				简单词 · 其他	443
type	taɪp	n.[C]类型；种类；[U]字体 v.打字	常见名词				简单词 · 其他	443
wealth	welθ	n.[U]财产；财富；富有	常见名词				简单词 · 其他	443
care	keə(r)	n.[U]照顾；小心 v.担忧；关心	常见名词				简单词 · 其他	443
harm	hɑːm	n.[U] 伤害 vt.伤害	常见名词				简单词 · 其他	443
passage	ˈpæsɪdʒ	n.[C]过道；段落	常见名词				简单词 · 其他	443
image	ˈɪmɪdʒ	n.[C,U]形象；[C] 画像；影像	常见名词				简单词 · 其他	443
ghost	gəʊst	n.[C]鬼; （尤指可怕事物的）记忆	常见名词				简单词 · 其他	443
soul	səʊl	n.[C] 灵魂；心灵	常见名词				简单词 · 其他	443
heaven	ˈhevn	n.[U]天堂，天国	常见名词				简单词 · 其他	443
half	hɑːf	n.[C]一半 pron.半数 ad.到一半程度	常见名词				简单词 · 其他	443
meter	ˈmiːtə(r)	n.[C]计量器 vt.用仪表计量	常见名词				简单词 · 其他	443
flash	flæʃ	n.[C] 闪光 v．（使）闪光 vi.掠过 a.庞大的	常见名词				简单词 · 其他	443
pole	pəʊl	n.[C]柱子；杆子；棍；杖；地极	常见名词				简单词 · 其他	443
bow	bəʊ	n.[C]弓	常见名词				简单词 · 其他	443
dirt	dɜːt	n.[U]污物；尘土；泥土	常见名词				简单词 · 其他	443
tower	ˈtaʊə(r)	n.[C]塔；塔楼	常见名词				简单词 · 其他	443
wall	wɔːl	n.[C]墙壁；屏障；城墙	常见名词				简单词 · 其他	443
holiday	ˈhɒlədeɪ	n.[U,pl.]假期；[C]假日，节日 vi.度假	常见名词				简单词 · 其他	443
desktop	ˈdesktɒp	n.[C]桌面	常见名词				简单词 · 其他	443
data	ˈdeɪtə	n.[U,pl.]数据；资料	常见名词				简单词 · 其他	443
fence	fens	n.[C] 栅栏；障碍物 vt.围住	常见名词				简单词 · 其他	443
balloon	bəˈluːn	n.[C]气球 vi.（突然）膨胀	常见名词				简单词 · 其他	443
tag	tæg	n.[C]标签；[常用 sing.]称呼 vt.给……加上标签	常见名词				简单词 · 其他	444
helicopter	ˈhelɪkɒptə(r)	n.[C]直升机	常见名词				简单词 · 其他	444
tractor	ˈtræktə(r)	n.[C]拖拉机	常见名词				简单词 · 其他	444
homeland	ˈhəʊmlænd	n.[常用 sing]祖国；家乡	常见名词				简单词 · 其他	444
edge	edʒ	n.[C]边缘；刀口 v．（使）徐徐移动	常见名词				简单词 · 其他	444
hill	hɪl	n.[C]小山；斜坡	常见名词				简单词 · 其他	444
asset	ˈæset	n.[常用 pl]资产；[C]有价值的人（或事物)	常见名词				简单词 · 其他	444
jetlag	ˈdʒet læg	n.[U]飞行时差综合征；时差反应	常见名词				简单词 · 其他	444
workout	ˈwɜːkaʊt	n.[C] 锻炼	常见名词				简单词 · 其他	444
farewell	ˌfeəˈwel	n.[C,U]告别；辞行	常见名词				简单词 · 其他	444
vigor	ˈvɪgə(r)	n.[U] 精力；活力；热情	常见名词				简单词 · 其他	444
raincoat	ˈreɪnkəʊt	n. [C] 雨衣	常见名词				简单词 · 其他	444
giant	ˈdʒaɪənt	n.[C]巨人 a.巨大的；特大的	常见名词				简单词 · 其他	444
increase	ˈɪŋkriːs	n.[C,U] 增长	常见名词				简单词 · 其他	444
number	ˈnʌmbə(r)	n.[C]数字；编号 v 给……编号	常见名词				简单词 · 其他	444
figure	ˈfɪgə(r)	n.[常用 pl.]数字；[C]位数；人物；身材 vt.认为	常见名词				简单词 · 其他	444
angle	ˈæŋgl	n.[C]角；角度	常见名词				简单词 · 其他	444
monster	ˈmɒnstə(r)	n.[C]怪物；庞然大物 a.巨大的	常见名词				简单词 · 其他	444
horn	hɔːn	n.[C]（羊、牛等动物的）角； （车辆的）喇叭	常见名词				简单词 · 其他	444
wing	wɪŋ	n.[C]翅膀；机翼 v.飞行	常见名词				简单词 · 其他	444
feather	ˈfeðə(r)	n.[C]羽毛	常见名词				简单词 · 其他	444
fur	fɜː(r)	n.[U] 软毛；毛皮	常见名词				简单词 · 其他	444
tail	teɪl	n.[C]尾；尾部 vt.跟踪；尾随	常见名词				简单词 · 其他	444
shell	ʃel	n.[C,U]壳；[C]壳状物；壳体 vt.给……去壳	常见名词				简单词 · 其他	444
bark	bɑːk	n.[C,U]吠声 vi.吠叫 vt.厉声质问	常见名词				简单词 · 其他	444
disaster	dɪˈzɑːstə(r)	n.[C] 灾难；[C,U] 不幸	常见名词				简单词 · 其他	444
earthquake	ˈɜːθkweɪk	n.[C]地震	常见名词				简单词 · 其他	444
dust	dʌst	n.[U]沙土；灰尘 v.擦灰 vt.掸去	常见名词				简单词 · 其他	444
ash	æʃ	n.[U]灰；灰烬；[pl]骨灰；废墟	常见名词				简单词 · 其他	444
mud	mʌd	n.[U] 泥；泥浆	常见名词				简单词 · 其他	444
bitch	bɪtʃ	n.[C]母狗；泼妇 vi.挖苦	常见名词				简单词 · 其他	444
shit	ʃɪt	n.[U]粪便；胡扯 v.拉屎 a.极坏的	常见名词				简单词 · 其他	444
can	kæn	modal v.能，会；可以 n.[C]金属罐；一听（的量）	情态动词				简单词 · 其他	445
could	kʊd	modal v.可以；可能	情态动词				简单词 · 其他	445
may	meɪ	modal v.可能；可以	情态动词				简单词 · 其他	445
might	maɪt	modal v.可能；可以	情态动词				简单词 · 其他	445
must	məst	modal v.必须	情态动词				简单词 · 其他	445
shall	ʃæl	modal v.将要；必须；应该	情态动词				简单词 · 其他	445
should	ʃʊd	modal v.应该；可能；本应	情态动词				简单词 · 其他	445
will	wɪl	modal v.将会；要 n.[C,U]意志；毅力	情态动词				简单词 · 其他	445
would	wʊd	modal v.将会；会	情态动词				简单词 · 其他	445
ought to	ˈɔːt tə	modal v.应该；应当	情态动词				简单词 · 其他	445
need	niːd	modal v.需要 vt.需要 n.[sing.,U] 需要	情态动词				简单词 · 其他	445
among	əˈmʌŋ	prep.在…中之一	介词				简单词 · 其他	445
via	ˈvaɪə	prep.经由，经过；通过，凭借	介词				简单词 · 其他	445
about	əˈbaʊt	prep.关于 ad.大约；将近 a 就要…的	介词				简单词 · 其他	445
across	əˈkrɒs	prep.从．……边到另一边；在…对面；遍及	介词				简单词 · 其他	445
after	ˈɑːftə(r)	prep……在…后 con j.在……以后 ad.后来；以后	介词				简单词 · 其他	445
against	əˈgenst	prep.反对；与……相反；紧靠	介词				简单词 · 其他	445
at	æt	prep.在 (某地）；在 (某时间或时刻)	介词				简单词 · 其他	445
before	bɪˈfɔː(r)	prep……在…以前；在…面前 con j……到……为止	介词				简单词 · 其他	445
between	bɪˈtwiːn	prep……介于…之间	介词				简单词 · 其他	445
beyond	bɪˈjɒnd	prep.超出；晚于 ad.在更远处	介词				简单词 · 其他	445
by	baɪ	prep.被；靠近；由于 ad.经过	介词				简单词 · 其他	445
except	ɪkˈsept	prep.除……之外 con j.除了 vt.不包括	介词				简单词 · 其他	445
for	fɔː(r)	prep.给；为了 con j.因为	介词				简单词 · 其他	445
from	frɒm	prep.始于；离（表示距离）；来自；从……开始	介词				简单词 · 其他	445
given	ˈgɪvn	prep.鉴于 a.规定的；指定的	介词				简单词 · 其他	445
in	ɪn	prep……在……内；在（某处）ad.在里面	介词				简单词 · 其他	445
into	ˈɪntə	prep.进入；朝；撞上	介词				简单词 · 其他	445
of	əv	prep.属于；出身于；关于，反映（某人或某事）	介词				简单词 · 其他	446
on	ɒn	prep.在…上；由…支撑着 ad.向前；穿着	介词				简单词 · 其他	446
onto	ˈɒntə	prep.到…上；朝	介词				简单词 · 其他	446
per	pə(r)	prep.每；每一	介词				简单词 · 其他	446
since	sɪns	prep.自……以后；从…以来 con j.从……以后	介词				简单词 · 其他	446
than	ðæn	prep./con j 比；多于；少于	介词				简单词 · 其他	446
through	θruː	prep.贯穿；凭借 ad.通过；彻底	介词				简单词 · 其他	446
to	tuː	prep.向；朝；到，达；离，差；对于	介词				简单词 · 其他	446
towards	təˈwɔːdz	prep.向；接近；对于	介词				简单词 · 其他	446
under	ˈʌndə(r)	prep.在……下面；少于；小于；根据	介词				简单词 · 其他	446
until	ənˈtɪl	prep……con j.直到……为止；到……时	介词				简单词 · 其他	446
with	wɪð	prep.和；带着；使用	介词				简单词 · 其他	446
within	wɪˈðɪn	prep.在（某范围）之内 ad.在里面	介词				简单词 · 其他	446
without	wɪˈðaʊt	prep.没有；缺乏；不用	介词				简单词 · 其他	446
beside	bɪˈsaɪd	prep.在旁边（或附近）；与…相比	介词				简单词 · 其他	446
along	əˈlɒŋ	prep.沿着；顺着；在……边上 ad.向前；一起	介词				简单词 · 其他	446
plus	plʌs	prep.加 con j.而且	介词				简单词 · 其他	446
round	raʊnd	prep……在…周围；围绕 ad.环绕	介词				简单词 · 其他	446
meantime	ˈmiːntaɪm	ad.同时；其间	副词				简单词 · 其他	446
nonetheless	ˌnʌnðəˈles	ad.尽管如此	副词				简单词 · 其他	446
otherwise	ˈʌðəwaɪz	ad.否则；除此以外；亦	副词				简单词 · 其他	446
accordingly	əˈkɔːdɪŋli	ad.因此；于是；照着；相应地	副词				简单词 · 其他	446
hence	hens	ad.因此；由此；所以	副词				简单词 · 其他	446
shortly	ˈʃɔːtli	ad.不多时；立刻	副词				简单词 · 其他	446
undoubtedly	ʌnˈdaʊtɪdli	ad.无疑地	副词				简单词 · 其他	446
abroad	əˈbrɔːd	ad.在国外；在室外；广为流传	副词				简单词 · 其他	446
again	əˈgen	ad.再一次，又一次	副词				简单词 · 其他	446
almost	ˈɔːlməʊst	ad.几乎；差不多	副词				简单词 · 其他	446
aloud	əˈlaʊd	ad.出声地；大声地	副词				简单词 · 其他	446
already	ɔːlˈredi	ad.已经	副词				简单词 · 其他	446
also	ˈɔːlsəʊ	ad.而且，此外；也；同样	副词				简单词 · 其他	446
altogether	ˌɔːltəˈgeðə(r)	ad.总之；完全；总共	副词				简单词 · 其他	447
always	ˈɔːlweɪz	ad.总是，一直	副词				简单词 · 其他	447
anyhow	ˈenɪhaʊ	ad.尽管如此；随便地	副词				简单词 · 其他	447
anyway	ˈeniweɪ	ad.而且；尽管；无论如何	副词				简单词 · 其他	447
anywhere	ˈeniweə(r)	ad.在任何地方	副词				简单词 · 其他	447
around	əˈraʊnd	ad.大约；周围 prep.围绕；在那边	副词				简单词 · 其他	447
aside	əˈsaɪd	ad.在旁边；除……以外 n.[C]旁白	副词				简单词 · 其他	447
away	əˈweɪ	ad.离开；去别处	副词				简单词 · 其他	447
badly	ˈbædli	ad.拙劣地；差；不成功地	副词				简单词 · 其他	447
else	els	ad.其他的；另外的	副词				简单词 · 其他	447
elsewhere	ˌelsˈweə(r)	ad.在（或去、到）别处	副词				简单词 · 其他	447
enough	ɪˈnʌf	ad.足够地；相当 pron.足够 det.足够的	副词				简单词 · 其他	447
especially	ɪˈspeʃəli	ad.特别；专门；十分	副词				简单词 · 其他	447
even	ˈiːvn	ad.甚至；愈加 a.平的	副词				简单词 · 其他	447
ever	ˈevə(r)	ad.从来；曾经；向来	副词				简单词 · 其他	447
furthermore	ˌfɜːðəˈmɔː(r)	ad.此外；而且；再者	副词				简单词 · 其他	447
hardly	ˈhɑːdli	ad.几乎不；刚刚	副词				简单词 · 其他	447
how	haʊ	ad.怎样；如何；多少	副词				简单词 · 其他	447
however	haʊˈevə(r)	ad.不管多么；无论如何；然而	副词				简单词 · 其他	447
instead	ɪnˈsted	ad.代替；反而	副词				简单词 · 其他	447
just	dʒʌst	ad.刚才；只是 a.公正的	副词				简单词 · 其他	447
maybe	ˈmeɪbi	ad.可能；也许	副词				简单词 · 其他	447
moreover	mɔːrˈəʊvə(r)	ad.此外；而且	副词				简单词 · 其他	447
never	ˈnevə(r)	ad.从不；一点都不	副词				简单词 · 其他	447
not	nɒt	ad.不，没有	副词				简单词 · 其他	447
halfway	ˌhɑːfˈweɪ	ad.在中途；在……的中间	副词				简单词 · 其他	447
here	hɪə(r)	ad.在这里；现在	副词				简单词 · 其他	447
now	naʊ	ad.现在；从现在开始	副词				简单词 · 其他	447
off	ɒf	ad.离开（某处）；不工作；没有；下班 prep.离开	副词				简单词 · 其他	447
once	wʌns	ad.一次；曾经 con j.一…就	副词				简单词 · 其他	447
out	aʊt	ad./prep.（从……里）出来；出去；在外；不在家	副词				简单词 · 其他	447
over	ˈəʊvə(r)	ad.倒下；翻转；穿过；大于；再 prep.在……上面	副词				简单词 · 其他	447
perhaps	pəˈhæps	ad.可能；也许	副词				简单词 · 其他	447
quite	kwaɪt	ad.相当；非常；完全	副词				简单词 · 其他	448
rather	ˈrɑːðə(r)	ad.相当；相反	副词				简单词 · 其他	448
seldom	ˈseldəm	ad.很少；难得；不常	副词				简单词 · 其他	448
SO	səʊ	ad.如此，这样；很 con j.因此，所以	副词				简单词 · 其他	448
somehow	ˈsʌmhaʊ	ad.不知怎样；用某种方法	副词				简单词 · 其他	448
sometime	ˈsʌmtaɪm	ad.在某时	副词				简单词 · 其他	448
sometimes	ˈsʌmtaɪmz	ad.有时；间或	副词				简单词 · 其他	448
somewhat	ˈsʌmwɒt	ad.有点儿；稍微；有几分	副词				简单词 · 其他	448
somewhere	ˈsʌmweə(r)	ad.在某处；到某处	副词				简单词 · 其他	448
soon	suːn	ad.很快；马上；不久；快	副词				简单词 · 其他	448
still	stɪl	ad.仍然 a.静止的；平静的	副词				简单词 · 其他	448
then	ðen	ad.那时；然后；那么	副词				简单词 · 其他	448
there	ðeə(r)	ad.在那里；到那里	副词				简单词 · 其他	448
thereby	ˌðeəˈbaɪ	ad.由此；从而	副词				简单词 · 其他	448
thus	ðʌs	ad.因此；如此；所以	副词				简单词 · 其他	448
together	təˈgeðə(r)	ad.共同；在一起；一致	副词				简单词 · 其他	448
too	tuː	ad.也；太；过度；非常	副词				简单词 · 其他	448
very	ˈveri	ad.很，非常；完全	副词				简单词 · 其他	448
when	wen	ad.什么时候 con j 在…时候	副词				简单词 · 其他	448
where	weə(r)	ad.在哪里 con j（在）……的地方	副词				简单词 · 其他	448
why	waɪ	ad.为什么；为何	副词				简单词 · 其他	448
yet	jet	ad.尚（未）；仍 con j.然而；但是	副词				简单词 · 其他	448
nowhere	ˈnəʊweə(r)	ad.任何地方都不；无处	副词				简单词 · 其他	448
often	ˈɒfn	ad.常常；时常	副词				简单词 · 其他	448
neither	ˈnaɪðə(r)	ad.也不 pron./det.两者都不	副词				简单词 · 其他	448
forth	fɔːθ	ad.向外；产生	副词				简单词 · 其他	448
whereas	ˌweərˈæz	con j.然而，但是；鉴于	连词				简单词 · 其他	448
lest	lest	con j.免得；以免；唯恐	连词				简单词 · 其他	448
although	ɔːlˈðəʊ	con j.虽然；即使；然而	连词				简单词 · 其他	448
and	ænd	con j.和；加上；然后；那么	连词				简单词 · 其他	448
as	æz	con j.当……时；因为 prep.当作；如同	连词				简单词 · 其他	448
because	bɪˈkɒz	con j.因为	连词				简单词 · 其他	449
but	bʌt	con j.但是 prep.除了 ad.仅仅	连词				简单词 · 其他	449
if	ɪf	con j.如果；当	连词				简单词 · 其他	449
nor	nɔː(r)	con j.也不	连词				简单词 · 其他	449
or	ɔː(r)	con j.或；也不；否则；大约	连词				简单词 · 其他	449
provided	prəˈvaɪdɪd	con j.如果；假如；在…条件下	连词				简单词 · 其他	449
though	ðəʊ	con j.虽然；尽管 ad.然而	连词				简单词 · 其他	449
till	tɪl	con j……直到……为止	连词				简单词 · 其他	449
unless	ənˈles	con j.除非；如果不	连词				简单词 · 其他	449
whether	ˈweðə(r)	con j.是否；无论	连词				简单词 · 其他	449
while	waɪl	con j……在…期间；然而	连词				简单词 · 其他	449
whose	huːz	pron./det.谁的；那个人的	代词				简单词 · 其他	449
anybody	ˈenibɒdi	pron.任何人	代词				简单词 · 其他	449
anything	ˈeniθɪŋ	pron.任何东西，任何事物	代词				简单词 · 其他	449
everybody	ˈevribɒdi	pron.每人，人人；所有人	代词				简单词 · 其他	449
everyone	ˈevriwʌn	pron.每人，人人；所有人	代词				简单词 · 其他	449
everything	ˈevriθɪŋ	pron.一切；每件事；最重要的东西	代词				简单词 · 其他	449
nobody	ˈnəʊbədi	pron.没有人 n.[C]小人物	代词				简单词 · 其他	449
none	nʌn	pron.没有一个 ad.绝无	代词				简单词 · 其他	449
nothing	ˈnʌθɪŋ	pron.没有什么；没有一件东西	代词				简单词 · 其他	449
somebody	ˈsʌmbədi	pron.某人；有人	代词				简单词 · 其他	449
someone	ˈsʌmwʌn	pron.某人；有人	代词				简单词 · 其他	449
something	ˈsʌmθɪŋ	pron.某物；某事 ad.很，非常	代词				简单词 · 其他	449
she	ʃi	pron.她 n.[sing.]女性；雌性	代词				简单词 · 其他	449
her	hə(r)	pron.她 det.她的	代词				简单词 · 其他	449
hers	hɜːz	pron.她的	代词				简单词 · 其他	449
herself	hɜːˈself	pron.她自己	代词				简单词 · 其他	449
he	hi	pron.他 n.[sing.]男性；雄性	代词				简单词 · 其他	449
him	hɪm	pron.他；它(指雄性动物)	代词				简单词 · 其他	449
his	hɪz	pron.他的 det.他的	代词				简单词 · 其他	449
himself	hɪmˈself	pron.他自己	代词				简单词 · 其他	450
it	ɪt	pron.它	代词				简单词 · 其他	450
itself	ɪtˈself	pron.它自己；它本身	代词				简单词 · 其他	450
me	mi	pron.我	代词				简单词 · 其他	450
mine	maɪn	pron.我的 n.[C]矿 v.开矿	代词				简单词 · 其他	450
myself	maɪˈself	pron.我自己；亲自	代词				简单词 · 其他	450
oneself	wʌnˈself	pron.自己，自身	代词				简单词 · 其他	450
ours	ˈaʊəz	pron.我们的	代词				简单词 · 其他	450
ourselves	ˌaʊəˈselvz	pron.我们自己	代词				简单词 · 其他	450
they	ðeɪ	pron.他们；她们；它们；人们	代词				简单词 · 其他	450
them	ðəm	pron.他们；她们；它们	代词				简单词 · 其他	450
theirs	ðeəz	pron.他们的；她们的；它们的(所有物)	代词				简单词 · 其他	450
themselves	ðəmˈselvz	pron.他们自己；她们自己；它们自己	代词				简单词 · 其他	450
us	əs	pron.我们	代词				简单词 · 其他	450
we	wi	pron.我们；人们	代词				简单词 · 其他	450
what	wɒt	pron./det.什么；多么；无论什么	代词				简单词 · 其他	450
which	wɪtʃ	pron./det.哪一个；哪一些	代词				简单词 · 其他	450
who	huː	pron.谁，什么人	代词				简单词 · 其他	450
whom	huːm	pron.谁，什么人	代词				简单词 · 其他	450
you	ju	pron.你；您；你们	代词				简单词 · 其他	450
yours	jɔːz	pron.你的；你们的；您自己；您的	代词				简单词 · 其他	450
yourself	jɔːˈself	pron.你自己；您自己；你们自己	代词				简单词 · 其他	450
each	iːtʃ	pron./det.各自，各个，每个	代词				简单词 · 其他	450
either	ˈaɪðə(r)	pron./det.(两者之中）任意一个 ad.也(不)	代词				简单词 · 其他	450
much	mʌtʃ	pron./det.许多 ad.非常	代词				简单词 · 其他	450
am	æm	v.-link.（be 的第一人称单数现在式）是	系动词				简单词 · 其他	450
be	bi	v.-link.有；存在；是(原形)	系动词				简单词 · 其他	450
appear	əˈpɪə(r)	v.-link.显得；似乎 vi.出现；呈现	系动词				简单词 · 其他	450
become	bɪˈkʌm	v.-link.变得；变成	系动词				简单词 · 其他	450
remain	rɪˈmeɪn	v.-link.继续；保持 vi.剩余；遗留	系动词				简单词 · 其他	450
seem	siːm	v.-link.似乎，好像	系动词				简单词 · 其他	451
smell	smel	v.-link.有……气味 n.[C,U]气味；[U]嗅觉	系动词				简单词 · 其他	451
stay	steɪ	v.-link.保持 vi.停留；暂住；逗留	系动词				简单词 · 其他	451
taste	teɪst	v.-link.有…味道 n.[C,U] 味道；[U] 味觉	系动词				简单词 · 其他	451
the	ðə	art.这（那）个；这（那）些	冠词				简单词 · 其他	451
app	æp	abbr.应用（application 的缩写)	缩略词				简单词 · 其他	451
every	ˈevri	det.每一个；所有可能的；（表示发生的频率）每隔	限定词				简单词 · 其他	451
both	bəʊθ	det./pron.两个；两个都	限定词				简单词 · 其他	451
any	ˈeni	det.任何的 ad.一点儿也（不）pron.任-	限定词				简单词 · 其他	451
my	maɪ	det.我的	限定词				简单词 · 其他	451
our	ˈaʊə(r)	eoe] det.我们的	限定词				简单词 · 其他	451
some	səm	det.某些	限定词				简单词 · 其他	451
some	səm	pron.有些人；有些事	限定词				简单词 · 其他	451
such	sʌtʃ	det./pron.这样的；那样的；类似的	限定词				简单词 · 其他	451
all	ɔːl	det./pron.所有，全部 ad.完全	限定词				简单词 · 其他	451
another	əˈnʌðə(r)	eq vu,e] det.另一个，再一个	限定词				简单词 · 其他	451
your	jɔː(r)	] det.你的；你们的	限定词				简单词 · 其他	451
this	ðɪs	det./pron.这，这个	限定词				简单词 · 其他	451
these	ðiːz	det. 这些	限定词				简单词 · 其他	451
that	ðæt	det.那个	限定词				简单词 · 其他	451
those	ðəʊz	det.那些	限定词				简单词 · 其他	451
their	ðeə(r)	] det.他们的；她们的；它们的	限定词				简单词 · 其他	451
its	ɪts	det.它的	限定词				简单词 · 其他	451
